appointment_id,patient_id,center_id,appointment_date,status
1,4499,2,2026-02-06 18:24:22.783525,pending
2,2008,8,2026-03-03 05:33:47.459417,pending
3,2214,4,2026-02-27 13:05:37.170762,pending
4,2505,10,2026-02-28 18:40:20.081804,pending
5,2462,10,2026-03-02 00:30:27.494635,completed
6,1077,6,2026-01-15 17:28:59.904046,cancelled
7,1141,10,2026-02-17 06:01:43.125745,completed
8,3787,7,2026-02-09 01:20:28.205925,pending
9,3974,5,2026-01-13 08:35:02.975264,pending
10,4835,6,2026-02-28 09:03:02.859467,completed
11,911,10,2026-03-19 16:48:10.519387,completed
12,249,1,2026-03-15 19:33:43.542871,cancelled
13,2245,8,2026-03-08 02:06:33.478742,pending
14,2582,7,2026-01-26 23:51:15.614881,pending
15,228,2,2026-03-31 10:46:40.898722,pending
16,4668,1,2026-03-12 02:55:41.332083,cancelled
17,331,4,2026-01-24 17:51:07.219272,pending
18,2331,6,2026-01-01 09:30:35.185014,completed
19,4669,3,2026-02-04 07:17:47.785438,completed
20,421,9,2026-02-24 04:44:43.503024,completed
21,4633,6,2026-02-08 16:07:07.151667,cancelled
22,3395,7,2026-02-02 03:29:54.272979,pending
23,4519,3,2026-03-20 02:02:01.458827,completed
24,1206,6,2026-03-12 03:53:25.240016,pending
25,918,7,2026-03-16 01:03:12.086244,completed
26,4771,2,2026-02-10 23:43:44.978850,completed
27,3878,1,2026-01-09 13:31:09.832834,cancelled
28,18,9,2026-01-12 11:44:41.935711,pending
29,3672,6,2026-03-15 19:33:53.628442,pending
30,3392,9,2026-02-21 11:39:41.868949,pending
31,2979,2,2026-01-17 16:14:05.752605,completed
32,2130,3,2026-02-02 17:15:27.801650,pending
33,1508,9,2026-02-20 14:53:15.898700,completed
34,4995,3,2026-03-15 04:16:05.023416,completed
35,310,5,2026-01-05 12:10:59.549857,cancelled
36,3246,7,2026-02-21 15:56:35.408471,cancelled
37,3847,2,2026-02-06 06:23:18.579365,pending
38,3278,9,2026-01-21 09:51:02.192026,completed
39,4081,1,2026-02-09 14:45:44.911158,cancelled
40,1751,3,2026-02-16 16:12:38.541251,completed
41,187,8,2026-04-06 21:43:16.490538,cancelled
42,3023,5,2026-02-16 09:44:44.021739,completed
43,326,4,2026-01-15 15:29:06.091412,completed
44,3190,6,2026-01-01 04:41:43.732715,completed
45,3778,1,2026-01-24 13:26:29.922798,pending
46,4909,3,2026-02-13 07:09:28.699002,pending
47,414,10,2026-03-06 12:39:32.289490,pending
48,2089,5,2026-02-10 19:25:17.519024,completed
49,2594,3,2026-01-08 15:07:17.933686,completed
50,188,3,2026-03-13 23:48:55.328259,pending
51,274,1,2026-02-24 14:55:28.365133,pending
52,2893,1,2026-01-29 00:06:40.111275,cancelled
53,1019,5,2026-01-12 18:46:57.123044,cancelled
54,2949,9,2026-03-14 13:02:32.335133,cancelled
55,2861,1,2026-02-10 14:11:58.112999,pending
56,1295,1,2026-01-08 01:25:05.290704,cancelled
57,2809,2,2026-01-27 07:03:35.154044,completed
58,610,8,2026-02-19 09:00:03.530570,completed
59,2161,6,2026-03-05 03:31:54.020406,completed
60,2829,6,2026-01-08 18:42:34.187283,cancelled
61,4082,3,2026-01-13 16:07:55.936312,cancelled
62,2655,10,2026-02-08 03:25:23.489223,cancelled
63,2348,8,2026-03-10 18:49:16.196505,pending
64,2016,7,2026-03-13 20:44:17.179432,completed
65,4669,9,2026-03-05 04:38:53.223887,completed
66,1751,2,2026-01-30 12:04:59.695520,pending
67,3931,3,2026-02-24 21:00:43.133730,pending
68,1947,10,2026-01-09 01:32:37.563750,pending
69,3497,6,2026-02-24 18:45:42.938340,cancelled
70,976,1,2026-01-18 21:43:59.596948,cancelled
71,478,10,2026-03-11 20:14:37.239911,pending
72,3845,2,2026-03-24 21:04:17.720113,pending
73,3840,4,2026-01-27 08:45:46.175531,cancelled
74,440,4,2026-01-01 14:33:24.832315,pending
75,1300,3,2026-01-21 08:03:34.635270,cancelled
76,4264,3,2026-03-26 07:59:08.932711,pending
77,136,3,2026-01-23 07:26:44.368369,pending
78,688,4,2026-01-15 15:52:42.101758,completed
79,1312,6,2026-03-01 04:35:45.253112,cancelled
80,2170,8,2026-03-24 19:56:43.215901,pending
81,3362,6,2026-03-20 03:53:52.195039,cancelled
82,3450,2,2026-02-05 19:29:54.640874,cancelled
83,486,3,2026-01-28 09:52:07.866916,cancelled
84,972,9,2026-03-21 00:05:51.174857,completed
85,391,8,2026-03-10 09:18:11.214971,cancelled
86,3733,6,2026-02-04 04:09:31.130007,cancelled
87,1075,8,2026-01-17 16:43:41.749012,completed
88,2917,6,2026-02-22 02:04:51.982003,completed
89,2485,6,2026-03-11 13:42:51.542724,pending
90,1222,2,2026-04-04 10:03:20.315925,cancelled
91,4388,10,2026-01-09 03:07:38.208673,completed
92,4668,6,2026-02-25 06:23:13.244429,cancelled
93,4227,5,2026-03-10 23:21:08.277599,completed
94,2110,2,2026-03-28 22:29:55.071310,cancelled
95,239,6,2026-03-23 21:24:11.938393,pending
96,516,3,2026-01-04 21:57:56.659404,completed
97,709,5,2026-01-29 11:12:21.814941,completed
98,4930,1,2026-04-06 18:09:36.897537,completed
99,4896,4,2026-02-05 14:36:41.359931,cancelled
100,163,5,2026-01-13 13:59:38.962488,pending
101,4487,3,2026-01-28 03:53:33.554080,cancelled
102,1481,3,2026-03-25 12:06:08.990897,cancelled
103,322,8,2026-01-24 07:46:08.368131,completed
104,2756,9,2026-01-07 08:08:36.706064,completed
105,2982,7,2026-01-11 23:13:34.429868,pending
106,3283,6,2026-01-14 17:18:57.904540,cancelled
107,2622,10,2026-02-27 05:18:53.054728,completed
108,2558,10,2026-03-18 07:31:10.140714,cancelled
109,1897,2,2026-03-03 10:22:32.845565,pending
110,305,3,2026-03-06 07:00:26.969709,cancelled
111,974,1,2026-01-12 18:22:48.166539,completed
112,3661,7,2026-01-28 00:32:33.068153,cancelled
113,2467,1,2026-01-28 13:57:04.080338,cancelled
114,4355,1,2026-03-04 18:52:06.013452,pending
115,1582,4,2026-01-26 13:52:57.514596,pending
116,385,10,2026-03-30 02:55:08.666642,pending
117,4888,7,2026-01-21 00:17:01.732488,cancelled
118,3435,6,2026-02-19 07:06:03.002824,completed
119,4352,5,2026-02-16 13:44:35.406162,completed
120,1987,10,2026-02-12 18:41:17.990144,completed
121,2130,10,2026-01-17 04:10:10.198633,pending
122,4706,1,2026-03-18 04:29:34.839741,completed
123,637,8,2026-03-09 04:49:10.001069,cancelled
124,2995,10,2026-04-03 08:06:17.592370,cancelled
125,1804,10,2026-02-22 06:34:35.649001,completed
126,2160,3,2026-01-24 08:32:23.457258,pending
127,1482,9,2026-02-19 01:36:25.546023,pending
128,684,6,2026-04-04 22:53:26.947268,pending
129,2189,7,2026-03-27 15:24:58.601497,pending
130,3539,5,2026-03-17 02:41:39.744930,pending
131,2400,4,2026-02-13 22:14:04.917918,cancelled
132,4171,9,2026-02-05 18:17:36.865807,cancelled
133,4123,9,2026-03-26 16:15:53.782062,pending
134,810,1,2026-02-06 13:53:49.891849,completed
135,427,7,2026-03-07 20:47:03.694098,pending
136,200,5,2026-03-06 14:38:50.864150,pending
137,2871,5,2026-02-03 08:22:19.940901,pending
138,4670,10,2026-03-21 08:33:11.441169,completed
139,37,3,2026-01-25 04:18:16.296081,cancelled
140,1602,7,2026-01-17 03:47:28.555464,cancelled
141,733,5,2026-03-07 01:13:53.223721,completed
142,4526,10,2026-02-19 06:57:46.860030,cancelled
143,874,6,2026-04-02 18:42:28.244941,pending
144,4357,4,2026-02-06 17:09:04.399193,completed
145,4664,10,2026-01-25 12:24:21.956833,pending
146,1631,4,2026-01-03 17:12:31.114856,pending
147,4891,2,2026-03-30 20:25:36.547464,pending
148,2640,4,2026-03-08 00:43:01.252277,cancelled
149,1022,1,2026-02-28 13:34:32.161950,cancelled
150,1638,3,2026-01-01 10:12:43.864415,pending
151,2532,5,2026-02-22 23:20:46.811517,completed
152,412,10,2026-04-06 03:27:28.506947,cancelled
153,2499,10,2026-03-11 07:57:08.857221,completed
154,3192,9,2026-04-03 10:18:41.575825,pending
155,2942,9,2026-03-31 20:41:34.696812,cancelled
156,2837,7,2026-03-04 07:01:32.440608,completed
157,4162,1,2026-01-28 22:08:45.743120,completed
158,3577,3,2026-01-20 19:46:16.243905,completed
159,2545,3,2026-03-11 22:15:13.743098,cancelled
160,4734,8,2026-01-25 01:49:12.286686,pending
161,1254,6,2026-03-15 08:37:13.701493,completed
162,2624,2,2026-03-10 07:08:56.772190,completed
163,3298,4,2026-03-14 13:17:27.339042,cancelled
164,2900,4,2026-03-14 10:56:20.071342,completed
165,4985,3,2026-01-24 11:39:25.094415,pending
166,1564,1,2026-03-06 23:53:49.448899,cancelled
167,2231,9,2026-01-26 06:47:38.669608,cancelled
168,2482,10,2026-03-08 21:06:41.360723,pending
169,1954,6,2026-03-19 20:06:13.773910,pending
170,4381,3,2026-03-07 02:32:55.886634,completed
171,1312,9,2026-03-01 07:08:13.884440,completed
172,1805,3,2026-01-22 00:12:29.307980,pending
173,4534,10,2026-04-01 12:42:37.728421,completed
174,157,2,2026-04-06 02:20:13.223260,cancelled
175,2858,3,2026-03-08 20:11:05.563759,cancelled
176,2310,9,2026-02-24 09:44:13.721593,completed
177,4874,2,2026-02-11 20:42:05.778233,completed
178,1429,2,2026-01-21 08:57:22.876729,cancelled
179,876,4,2026-01-04 12:50:04.575103,completed
180,1462,3,2026-01-25 00:33:39.321903,pending
181,4908,8,2026-01-28 08:10:31.181228,completed
182,3305,6,2026-02-20 12:01:31.276557,cancelled
183,136,6,2026-02-01 04:29:13.727907,completed
184,2805,7,2026-03-11 21:44:09.884272,completed
185,2553,2,2026-04-02 22:57:25.515384,completed
186,2,6,2026-02-24 00:38:48.637074,pending
187,2714,6,2026-02-27 22:01:08.018164,pending
188,4493,5,2026-03-31 00:23:18.127018,pending
189,4056,4,2026-03-19 03:27:59.782443,cancelled
190,2222,7,2026-03-22 04:44:15.750144,pending
191,1741,2,2026-03-05 14:30:04.814373,completed
192,2565,7,2026-02-05 04:56:59.508071,completed
193,3590,3,2026-01-04 23:14:21.420455,pending
194,1624,1,2026-03-20 11:07:57.145818,pending
195,977,9,2026-02-04 23:35:18.646080,pending
196,609,10,2026-03-23 21:27:14.867145,cancelled
197,4175,2,2026-03-10 07:35:11.115505,pending
198,354,1,2026-02-02 09:23:21.581652,completed
199,3953,2,2026-03-10 02:56:54.053582,pending
200,504,2,2026-03-04 16:40:38.272008,completed
201,2223,7,2026-02-07 01:58:01.539770,completed
202,593,8,2026-02-13 21:32:42.591441,pending
203,2287,8,2026-01-14 10:00:20.688469,completed
204,1575,8,2026-03-08 02:36:45.571047,completed
205,4908,3,2026-03-17 16:52:21.249021,pending
206,3841,3,2026-02-25 04:57:16.648002,cancelled
207,4572,3,2026-01-03 11:45:36.699060,completed
208,1370,7,2026-01-18 21:34:23.546278,pending
209,4182,1,2026-01-10 22:20:16.565044,cancelled
210,2730,5,2026-02-19 14:15:43.314090,pending
211,571,9,2026-01-18 13:44:32.771771,completed
212,237,8,2026-02-16 05:55:34.380748,cancelled
213,417,2,2026-04-02 01:18:18.709216,pending
214,2280,5,2026-03-04 00:28:31.706447,completed
215,3531,9,2026-02-24 08:43:43.798600,cancelled
216,1972,2,2026-01-12 14:41:31.641378,cancelled
217,4747,1,2026-02-28 02:28:03.541511,pending
218,335,1,2026-03-28 03:33:11.773726,completed
219,1229,6,2026-01-31 01:35:31.630190,cancelled
220,26,1,2026-01-16 23:39:21.253721,cancelled
221,158,1,2026-02-06 12:41:55.056430,cancelled
222,2639,10,2026-02-09 02:08:10.385367,cancelled
223,1315,3,2026-03-18 10:47:02.428824,pending
224,779,1,2026-01-31 06:37:42.694386,cancelled
225,667,10,2026-01-03 02:17:44.633754,pending
226,4270,1,2026-01-21 12:08:51.305942,completed
227,3930,1,2026-01-17 23:56:22.050846,completed
228,2403,1,2026-03-15 00:37:18.428795,completed
229,4271,3,2026-02-08 19:41:23.761034,completed
230,3474,8,2026-03-07 01:58:20.625532,completed
231,1354,3,2026-03-30 02:58:50.639378,completed
232,4724,10,2026-03-11 18:52:36.961981,pending
233,2340,2,2026-01-25 02:03:08.303833,completed
234,501,2,2026-01-14 15:34:05.181008,cancelled
235,582,1,2026-02-17 11:05:57.594463,pending
236,4847,2,2026-01-27 08:31:43.650373,completed
237,1249,5,2026-03-11 11:43:23.581175,cancelled
238,2212,5,2026-01-19 13:18:17.384168,completed
239,2730,9,2026-03-27 13:29:00.624783,pending
240,4270,9,2026-04-05 14:17:40.999193,pending
241,1661,9,2026-01-15 01:48:13.315778,cancelled
242,2209,10,2026-03-20 05:32:04.685300,completed
243,215,6,2026-01-13 15:22:43.238641,cancelled
244,4165,1,2026-01-03 23:04:56.604864,cancelled
245,1850,6,2026-03-10 07:06:28.652508,pending
246,1861,3,2026-01-07 17:40:34.942909,pending
247,819,1,2026-04-03 04:06:10.093545,cancelled
248,1492,8,2026-03-25 13:56:50.869290,cancelled
249,3097,4,2026-03-22 15:02:19.592078,cancelled
250,3000,3,2026-01-16 11:00:37.421426,completed
251,4915,10,2026-02-23 12:02:08.803327,pending
252,3237,2,2026-02-15 16:43:20.384660,pending
253,3144,5,2026-02-05 18:56:29.631476,cancelled
254,2345,8,2026-02-20 16:15:17.630963,pending
255,4937,2,2026-02-26 16:16:36.689757,completed
256,2927,2,2026-01-22 00:52:28.551447,completed
257,177,5,2026-03-02 02:22:31.019413,cancelled
258,4244,3,2026-02-12 09:41:16.712854,cancelled
259,3985,1,2026-03-12 20:14:59.811785,cancelled
260,2323,8,2026-02-07 04:29:32.300038,cancelled
261,858,10,2026-03-26 13:04:31.155891,completed
262,2411,7,2026-03-11 14:38:52.093719,cancelled
263,767,6,2026-03-28 06:18:54.872764,cancelled
264,529,3,2026-01-24 03:19:58.230323,cancelled
265,3546,5,2026-03-14 21:07:00.294072,completed
266,2097,5,2026-02-17 02:53:52.278703,cancelled
267,941,1,2026-04-02 08:23:47.168993,pending
268,4973,1,2026-01-24 01:03:45.995787,completed
269,4061,10,2026-01-11 18:02:47.905704,completed
270,1750,3,2026-01-29 06:29:52.737100,completed
271,2714,3,2026-03-01 21:53:55.226465,completed
272,2037,10,2026-03-21 10:12:09.781185,completed
273,2871,2,2026-02-10 03:37:20.634510,completed
274,13,5,2026-04-03 15:26:51.090080,cancelled
275,3240,8,2026-03-15 00:07:52.955463,completed
276,289,6,2026-03-20 23:57:04.924226,cancelled
277,2169,5,2026-01-30 14:00:15.819832,pending
278,4127,9,2026-01-31 19:33:47.124678,completed
279,4988,8,2026-02-13 12:51:20.504620,cancelled
280,4418,2,2026-03-30 01:52:50.779865,completed
281,92,4,2026-03-11 11:15:14.912266,cancelled
282,1060,1,2026-03-13 01:31:03.390441,completed
283,668,10,2026-01-25 19:46:57.807948,cancelled
284,292,4,2026-02-16 02:03:34.639598,pending
285,1168,6,2026-01-09 00:38:12.496238,pending
286,2685,8,2026-01-28 21:39:13.075493,completed
287,933,1,2026-01-14 23:50:08.813195,cancelled
288,426,1,2026-01-17 20:16:49.749656,cancelled
289,396,10,2026-03-10 21:40:15.517998,pending
290,2498,10,2026-03-09 19:38:54.477715,cancelled
291,2356,2,2026-03-13 05:18:19.997695,cancelled
292,4070,5,2026-03-10 10:39:23.021246,cancelled
293,4622,4,2026-03-19 19:26:30.917800,pending
294,3769,7,2026-03-27 22:18:19.122359,completed
295,3739,4,2026-03-14 15:55:10.259099,completed
296,159,8,2026-01-16 05:26:23.216065,completed
297,3382,9,2026-01-07 21:18:41.396607,completed
298,120,7,2026-03-20 11:47:58.596035,completed
299,2981,4,2026-03-05 10:12:33.904237,pending
300,3833,10,2026-01-10 19:01:45.428332,completed
301,857,1,2026-01-27 13:38:35.187809,cancelled
302,4543,4,2026-03-03 12:39:57.464729,completed
303,922,8,2026-03-19 15:52:37.621463,completed
304,2100,9,2026-02-02 01:54:10.820658,cancelled
305,3419,5,2026-02-27 12:01:34.321862,pending
306,676,9,2026-03-04 17:35:14.050094,cancelled
307,1659,4,2026-02-04 11:37:25.136157,pending
308,2025,8,2026-02-19 04:49:05.039657,completed
309,2545,10,2026-01-29 12:24:59.626149,pending
310,301,3,2026-02-02 23:46:09.801909,completed
311,4244,6,2026-03-21 02:17:20.757463,cancelled
312,352,8,2026-03-02 13:55:39.363037,pending
313,753,10,2026-04-04 07:48:25.529359,completed
314,344,8,2026-01-18 00:35:03.481103,completed
315,550,7,2026-03-20 11:50:11.413930,pending
316,1702,6,2026-01-29 08:05:16.705462,pending
317,202,8,2026-01-23 05:23:00.438134,cancelled
318,4085,8,2026-03-02 08:11:56.351445,pending
319,314,1,2026-01-23 05:09:39.614998,completed
320,431,1,2026-01-03 12:24:24.601837,pending
321,2244,1,2026-03-15 23:19:30.704841,completed
322,372,1,2026-04-01 08:49:39.300985,cancelled
323,3319,5,2026-01-19 21:25:07.898867,cancelled
324,2776,4,2026-04-07 12:53:45.386838,completed
325,470,6,2026-01-23 16:57:11.024608,completed
326,1241,1,2026-01-18 00:56:27.208441,completed
327,4870,8,2026-02-24 00:25:47.237122,pending
328,3035,2,2026-01-23 17:47:49.675737,pending
329,2446,4,2026-01-06 13:55:58.659753,cancelled
330,450,3,2026-03-23 21:09:23.685483,pending
331,1736,9,2026-02-18 04:02:36.530612,pending
332,3498,7,2026-03-22 08:48:16.430848,cancelled
333,2933,8,2026-02-13 09:06:31.663338,cancelled
334,2173,8,2026-03-15 07:15:01.795297,pending
335,3830,2,2026-03-04 11:03:19.854385,cancelled
336,4422,6,2026-02-02 08:50:43.364583,completed
337,560,5,2026-03-24 22:40:43.473501,completed
338,2593,5,2026-02-10 22:07:53.561315,completed
339,2484,3,2026-01-30 17:42:29.640338,cancelled
340,3602,2,2026-02-20 02:15:49.730167,pending
341,1745,7,2026-01-29 14:21:53.083633,completed
342,322,4,2026-01-29 22:38:36.753736,pending
343,1749,5,2026-03-07 13:45:39.146142,completed
344,1649,7,2026-03-13 09:33:50.195880,completed
345,3240,2,2026-03-22 15:08:25.575351,pending
346,3420,5,2026-02-16 03:31:25.403419,completed
347,2533,9,2026-01-01 19:33:32.923859,completed
348,2166,7,2026-02-02 11:40:37.129274,completed
349,4440,7,2026-03-17 21:56:34.892149,completed
350,4293,8,2026-02-05 16:15:47.452921,completed
351,4633,4,2026-02-15 09:32:26.349999,cancelled
352,3534,5,2026-01-20 19:45:53.236946,cancelled
353,3537,3,2026-01-11 16:20:50.459794,completed
354,4452,5,2026-01-24 17:54:41.028673,completed
355,4127,9,2026-02-12 04:14:10.635629,completed
356,3358,3,2026-02-24 09:49:47.154325,cancelled
357,2342,5,2026-02-08 18:26:41.193699,completed
358,4219,2,2026-03-06 01:18:21.367160,completed
359,529,6,2026-03-22 08:23:29.923379,cancelled
360,360,1,2026-02-12 00:41:40.236579,completed
361,1724,10,2026-02-09 19:54:03.982512,cancelled
362,4867,8,2026-03-16 19:43:14.590530,cancelled
363,4734,8,2026-02-20 13:34:53.582431,completed
364,461,5,2026-01-18 02:24:45.282046,pending
365,603,8,2026-03-07 14:31:40.289674,cancelled
366,3318,10,2026-04-01 19:43:59.694510,pending
367,2794,4,2026-04-05 06:11:43.798711,pending
368,473,8,2026-02-11 10:20:54.503146,cancelled
369,2472,8,2026-01-25 15:19:48.251862,cancelled
370,2655,5,2026-03-06 05:25:18.507388,cancelled
371,3110,4,2026-01-14 08:36:37.384032,completed
372,3624,5,2026-01-05 23:52:29.374347,pending
373,3795,1,2026-02-19 06:09:00.560893,completed
374,2384,4,2026-02-07 07:42:46.145806,completed
375,1483,4,2026-03-15 05:28:01.451869,pending
376,3320,4,2026-01-04 10:54:10.358506,completed
377,2673,6,2026-03-26 07:25:15.027215,cancelled
378,3297,9,2026-03-03 01:30:38.514813,completed
379,2308,10,2026-02-12 07:03:14.791157,pending
380,553,3,2026-04-01 16:44:44.676093,pending
381,2727,7,2026-03-10 23:12:05.639510,completed
382,1227,7,2026-03-25 12:50:42.636083,pending
383,1958,4,2026-02-05 03:28:06.357271,pending
384,3042,1,2026-04-03 12:27:01.335034,cancelled
385,2542,3,2026-01-16 18:10:41.362646,pending
386,1789,7,2026-01-08 01:37:11.795221,pending
387,396,7,2026-03-30 11:41:27.879358,completed
388,2731,3,2026-02-09 03:56:51.094690,completed
389,3025,4,2026-01-29 07:09:53.105006,completed
390,996,1,2026-02-25 08:09:56.327072,pending
391,1219,6,2026-02-02 17:50:04.288059,pending
392,3216,1,2026-02-22 21:49:50.781010,cancelled
393,1751,7,2026-04-05 16:31:08.548265,completed
394,972,6,2026-03-27 06:30:39.007144,completed
395,2533,9,2026-02-22 21:11:25.615574,cancelled
396,4322,6,2026-02-21 00:38:18.543052,pending
397,2887,8,2026-04-04 10:32:17.984929,cancelled
398,3725,9,2026-03-15 00:05:43.114788,completed
399,4075,3,2026-01-29 05:34:07.505684,completed
400,202,5,2026-04-02 10:12:35.418520,pending
401,3424,8,2026-01-24 19:08:21.543504,cancelled
402,3008,6,2026-01-29 02:03:47.860076,completed
403,4982,3,2026-03-24 14:35:01.896219,cancelled
404,4549,2,2026-03-31 20:20:14.842201,cancelled
405,3390,10,2026-03-16 05:58:38.824461,completed
406,1773,5,2026-01-28 13:18:00.053803,completed
407,4533,6,2026-01-25 18:06:12.747653,pending
408,980,1,2026-01-01 03:47:06.266030,cancelled
409,2939,4,2026-01-11 13:32:51.211504,pending
410,1910,2,2026-01-20 08:32:09.957808,cancelled
411,4984,5,2026-03-16 18:51:14.369933,completed
412,4407,4,2026-03-31 08:09:25.968813,cancelled
413,1162,2,2026-01-14 10:58:48.980013,completed
414,4476,3,2026-02-20 07:08:38.231543,pending
415,818,5,2026-02-25 14:32:16.381357,pending
416,4688,2,2026-03-14 00:10:21.190410,cancelled
417,866,1,2026-03-11 22:35:53.838336,cancelled
418,3450,2,2026-04-01 00:40:18.545184,cancelled
419,2515,10,2026-01-19 18:59:35.161144,completed
420,4065,4,2026-04-05 20:41:36.330948,pending
421,1543,6,2026-01-13 00:09:37.026386,pending
422,101,8,2026-04-01 14:20:57.676313,cancelled
423,572,2,2026-03-05 14:38:56.204299,pending
424,341,3,2026-02-25 12:37:01.772370,cancelled
425,4246,10,2026-01-07 21:46:30.478250,pending
426,4719,6,2026-03-26 07:13:01.596106,pending
427,2037,9,2026-01-11 09:38:59.098059,completed
428,3936,9,2026-02-10 23:01:00.851537,completed
429,790,5,2026-03-23 01:38:09.732872,pending
430,1307,5,2026-03-15 10:42:25.342541,cancelled
431,583,6,2026-02-28 20:15:49.258767,pending
432,350,1,2026-04-03 09:33:35.864461,cancelled
433,3488,4,2026-01-24 16:45:54.504759,pending
434,4458,7,2026-03-10 11:35:58.185285,pending
435,2058,4,2026-03-21 17:05:35.834728,cancelled
436,3691,8,2026-02-14 00:19:41.205576,cancelled
437,4200,4,2026-03-13 13:58:33.942499,completed
438,1269,4,2026-01-10 02:21:39.024007,cancelled
439,2476,3,2026-04-03 07:11:19.401503,pending
440,1788,10,2026-03-21 02:44:00.763865,cancelled
441,2155,5,2026-03-21 06:34:45.446825,cancelled
442,2842,10,2026-01-14 07:21:00.437808,completed
443,2873,5,2026-03-18 10:49:28.321580,pending
444,2817,1,2026-03-19 07:22:40.526640,pending
445,4978,3,2026-01-17 03:20:01.427783,cancelled
446,3079,5,2026-03-04 04:32:56.990304,completed
447,3938,3,2026-02-10 19:32:41.738062,cancelled
448,2973,6,2026-01-17 19:23:32.611819,pending
449,4934,6,2026-04-02 12:36:41.756739,cancelled
450,2195,10,2026-03-26 17:47:50.112538,completed
451,961,3,2026-04-05 04:24:55.362891,cancelled
452,2257,7,2026-02-26 15:36:39.526280,cancelled
453,3204,4,2026-01-24 16:29:58.895615,pending
454,2281,6,2026-01-18 08:45:56.823691,cancelled
455,4127,6,2026-01-09 04:24:58.494119,pending
456,324,9,2026-02-15 16:22:19.120470,cancelled
457,4072,2,2026-03-30 20:37:16.443507,pending
458,1542,3,2026-02-28 02:39:21.410077,completed
459,3253,4,2026-01-08 15:55:49.280807,completed
460,3126,2,2026-04-06 18:50:12.757124,pending
461,1106,2,2026-03-12 19:40:08.382176,cancelled
462,3391,2,2026-01-27 14:16:53.826363,completed
463,2537,6,2026-03-21 18:47:04.465148,cancelled
464,1592,2,2026-03-31 18:01:23.172754,pending
465,15,6,2026-03-14 01:47:59.665752,completed
466,3150,1,2026-01-11 16:12:03.530279,cancelled
467,4604,10,2026-03-04 01:54:06.271220,completed
468,4856,4,2026-01-27 16:47:50.013147,pending
469,1901,10,2026-02-06 12:04:48.145359,completed
470,2285,9,2026-03-11 04:59:56.051747,completed
471,1271,10,2026-03-09 02:06:07.257489,completed
472,4222,7,2026-03-20 12:21:59.453809,completed
473,1369,7,2026-02-27 18:48:47.960053,cancelled
474,4425,7,2026-02-06 17:11:40.958955,pending
475,3139,10,2026-03-29 20:59:15.295602,completed
476,4671,5,2026-01-26 06:34:03.012584,pending
477,124,6,2026-02-03 06:03:42.307098,pending
478,3339,5,2026-01-16 09:06:50.586466,cancelled
479,4482,5,2026-03-19 22:29:30.196181,cancelled
480,4833,1,2026-01-23 17:16:52.731340,pending
481,1170,9,2026-01-15 19:20:38.990917,completed
482,632,1,2026-02-04 19:34:13.753091,pending
483,2186,4,2026-01-17 14:43:39.297770,pending
484,549,6,2026-03-02 08:42:23.334055,pending
485,1423,9,2026-01-20 21:19:32.544409,cancelled
486,3422,8,2026-01-13 04:01:16.949145,completed
487,1610,10,2026-03-27 13:33:49.077712,completed
488,1773,2,2026-01-12 10:26:45.319179,cancelled
489,1088,8,2026-01-30 12:10:40.498658,pending
490,1561,8,2026-03-05 15:44:34.458308,cancelled
491,156,7,2026-01-12 18:41:20.527396,completed
492,3952,4,2026-02-13 13:34:37.558100,pending
493,2993,9,2026-04-04 21:51:02.905425,cancelled
494,2283,2,2026-03-02 18:21:18.361602,completed
495,2888,7,2026-02-09 17:42:02.815428,pending
496,847,5,2026-02-03 10:12:54.680047,completed
497,2622,10,2026-01-10 06:02:56.598617,pending
498,146,5,2026-02-19 04:01:46.523628,completed
499,15,4,2026-04-05 23:56:32.060849,pending
500,1646,10,2026-01-18 19:59:19.593716,pending
501,3403,10,2026-01-28 11:08:08.997898,completed
502,3534,10,2026-02-12 13:43:43.395916,pending
503,1988,7,2026-04-04 23:29:45.712399,cancelled
504,4515,2,2026-03-02 08:33:44.837145,cancelled
505,3421,2,2026-04-03 06:16:14.494919,pending
506,2975,8,2026-01-11 12:07:57.219002,cancelled
507,1667,7,2026-02-18 00:00:50.477488,pending
508,3813,4,2026-03-30 04:43:55.607930,pending
509,4250,10,2026-03-03 21:11:27.389026,cancelled
510,4902,3,2026-03-08 07:30:20.795995,completed
511,4205,2,2026-02-02 04:38:29.803970,pending
512,4341,8,2026-03-29 12:06:12.635703,completed
513,1391,5,2026-01-01 14:39:55.928516,pending
514,3004,3,2026-04-04 17:25:26.049247,pending
515,2761,2,2026-02-17 04:16:00.268418,cancelled
516,1325,3,2026-02-09 15:43:47.902212,cancelled
517,3120,4,2026-03-02 11:54:58.690769,completed
518,2431,6,2026-03-31 23:53:08.434175,pending
519,4252,7,2026-01-21 17:24:23.938344,cancelled
520,2553,10,2026-03-16 04:53:55.345289,cancelled
521,1355,1,2026-02-19 21:59:24.516031,completed
522,2154,7,2026-01-25 07:57:34.678536,cancelled
523,4752,6,2026-03-31 11:38:30.670999,pending
524,4181,4,2026-01-24 09:19:42.148504,completed
525,2776,10,2026-02-24 09:08:14.096458,cancelled
526,1119,8,2026-01-03 05:53:31.340814,pending
527,2489,9,2026-02-23 07:19:54.178024,completed
528,1003,8,2026-03-09 05:18:01.379033,completed
529,2353,7,2026-02-25 23:40:05.049243,pending
530,4205,3,2026-01-29 09:41:15.537301,pending
531,694,6,2026-02-22 18:58:24.203014,completed
532,122,9,2026-02-08 17:14:41.577852,cancelled
533,2249,3,2026-03-07 06:15:14.750254,cancelled
534,4112,5,2026-03-12 06:45:59.083147,cancelled
535,3940,5,2026-02-19 13:49:35.752910,pending
536,226,10,2026-01-27 01:18:56.545465,cancelled
537,472,1,2026-03-05 04:51:31.568040,completed
538,3561,4,2026-01-03 03:18:44.295025,completed
539,1531,7,2026-01-03 05:40:15.571209,pending
540,3900,3,2026-01-15 03:34:30.258802,pending
541,2316,2,2026-01-08 01:38:58.607575,cancelled
542,2012,7,2026-02-25 14:42:04.867393,pending
543,4646,7,2026-03-04 05:17:10.799792,cancelled
544,633,5,2026-02-10 03:20:05.873525,pending
545,3250,3,2026-02-17 07:35:12.415601,completed
546,289,5,2026-01-29 23:46:17.192143,cancelled
547,410,1,2026-02-26 07:22:39.444783,cancelled
548,1688,8,2026-03-25 20:39:35.440312,cancelled
549,4923,1,2026-02-24 01:47:50.659992,completed
550,2257,1,2026-02-01 12:50:44.540060,completed
551,2105,8,2026-02-15 20:04:07.313161,cancelled
552,2907,7,2026-01-06 23:59:05.676330,pending
553,218,5,2026-02-19 00:47:29.566779,completed
554,1054,8,2026-03-05 17:10:52.299885,cancelled
555,736,6,2026-01-25 03:15:48.172807,pending
556,3279,10,2026-01-04 21:08:35.723507,completed
557,4662,1,2026-02-10 11:43:08.766314,pending
558,831,10,2026-03-06 11:27:04.528458,pending
559,1342,4,2026-02-27 03:48:29.459615,cancelled
560,4711,10,2026-03-02 21:05:42.507278,cancelled
561,4829,5,2026-01-21 07:50:13.501500,pending
562,2526,6,2026-03-13 08:01:31.135114,cancelled
563,1824,3,2026-03-28 14:45:58.521229,cancelled
564,454,4,2026-01-16 15:33:03.684886,cancelled
565,3198,1,2026-03-06 09:31:57.985935,pending
566,2865,9,2026-01-14 10:18:46.660551,pending
567,4648,5,2026-02-24 16:41:27.662794,completed
568,4803,4,2026-01-03 15:34:33.752273,pending
569,2544,7,2026-01-31 02:21:20.402730,pending
570,2002,6,2026-02-13 19:43:31.403690,pending
571,2689,6,2026-02-11 00:33:14.902104,pending
572,4951,1,2026-02-10 23:53:17.300628,cancelled
573,788,9,2026-03-19 06:28:56.659411,pending
574,2934,9,2026-04-02 15:23:52.665978,completed
575,3966,9,2026-01-31 02:58:32.231399,pending
576,739,1,2026-01-17 13:34:56.282119,cancelled
577,3458,10,2026-01-26 18:13:01.229490,completed
578,4386,9,2026-03-14 19:24:24.371354,completed
579,2357,2,2026-03-15 14:12:47.073575,cancelled
580,2005,6,2026-01-29 13:11:19.542116,pending
581,14,1,2026-01-15 07:35:11.838457,cancelled
582,443,9,2026-01-14 16:24:17.378553,completed
583,4322,7,2026-01-30 16:28:42.396968,cancelled
584,2543,3,2026-02-27 05:30:34.152418,pending
585,1610,3,2026-03-01 06:04:49.700648,completed
586,4414,10,2026-04-01 05:57:35.812918,completed
587,659,7,2026-01-21 10:12:27.462387,completed
588,4432,10,2026-02-12 01:12:00.684265,completed
589,3649,4,2026-01-23 18:54:12.963763,cancelled
590,658,3,2026-01-31 18:57:33.180252,pending
591,1523,3,2026-02-06 13:37:44.792781,pending
592,4364,8,2026-03-06 06:53:22.138515,cancelled
593,2152,5,2026-02-10 19:48:46.156177,completed
594,2958,5,2026-01-01 18:52:34.443641,pending
595,785,8,2026-03-25 23:30:37.825475,cancelled
596,4082,8,2026-01-22 08:02:11.243022,pending
597,1643,3,2026-03-05 14:43:37.217537,completed
598,2055,7,2026-02-26 05:13:07.340632,pending
599,3159,9,2026-01-10 16:58:21.803941,pending
600,1163,7,2026-03-07 11:46:52.168097,cancelled
601,4262,6,2026-03-27 06:37:19.161780,cancelled
602,1162,4,2026-02-16 09:16:15.189240,completed
603,4992,9,2026-01-04 21:37:49.418328,completed
604,3332,1,2026-03-26 22:22:44.528304,completed
605,2768,4,2026-01-15 22:06:49.977310,completed
606,2896,9,2026-01-08 01:58:41.817898,pending
607,747,2,2026-03-18 08:22:53.621476,completed
608,1716,1,2026-03-20 07:50:21.070031,pending
609,2426,7,2026-03-31 16:30:35.039480,completed
610,2827,3,2026-03-21 14:29:26.327357,completed
611,3124,2,2026-02-09 01:36:09.405424,pending
612,3828,6,2026-04-02 18:05:02.579731,cancelled
613,4934,1,2026-02-06 23:45:39.292545,completed
614,199,5,2026-03-24 19:24:03.825982,pending
615,2566,2,2026-02-11 02:34:13.156303,cancelled
616,4674,7,2026-02-16 05:37:44.038764,cancelled
617,3220,6,2026-01-19 00:37:55.640361,cancelled
618,98,8,2026-01-14 03:17:41.305780,cancelled
619,2476,1,2026-03-07 03:29:48.341241,completed
620,1208,6,2026-01-23 01:53:46.259115,cancelled
621,3461,8,2026-03-04 07:36:12.110010,completed
622,1919,9,2026-03-04 04:16:08.358612,completed
623,3253,4,2026-03-10 20:28:28.721593,completed
624,3739,8,2026-04-02 12:41:06.188357,completed
625,3168,4,2026-02-17 13:10:38.165677,completed
626,284,8,2026-03-10 01:32:23.268081,pending
627,1761,6,2026-03-01 15:10:10.583508,cancelled
628,3073,4,2026-03-10 11:28:43.144426,cancelled
629,241,8,2026-03-15 09:35:46.500538,cancelled
630,361,8,2026-02-07 23:49:04.280590,pending
631,539,3,2026-04-07 03:35:17.068721,pending
632,2292,5,2026-03-07 06:56:20.778857,pending
633,3415,6,2026-02-23 00:10:36.837554,pending
634,3435,10,2026-04-05 17:56:58.487533,pending
635,392,6,2026-01-25 09:46:05.684505,cancelled
636,1442,10,2026-01-30 05:24:07.900318,cancelled
637,1532,7,2026-01-24 00:31:31.382412,pending
638,1774,3,2026-03-18 12:50:43.951597,cancelled
639,352,5,2026-03-28 16:19:40.286252,pending
640,3479,8,2026-03-15 02:35:45.102622,cancelled
641,456,7,2026-02-24 23:59:52.529212,pending
642,1812,4,2026-02-23 20:02:47.497094,completed
643,1746,5,2026-01-25 19:47:03.111150,cancelled
644,481,7,2026-03-06 02:45:39.216325,completed
645,3493,7,2026-02-24 19:09:21.188936,pending
646,1273,7,2026-02-06 06:06:31.118834,pending
647,616,2,2026-01-13 16:12:28.764493,cancelled
648,939,2,2026-03-16 18:24:29.877430,completed
649,399,9,2026-01-27 13:13:01.298121,completed
650,3395,1,2026-01-17 22:56:46.300419,completed
651,1985,7,2026-01-15 15:38:29.734862,completed
652,1561,6,2026-01-30 04:54:33.344720,completed
653,1621,7,2026-03-04 14:43:55.170785,pending
654,2101,5,2026-01-21 00:39:58.626010,completed
655,157,6,2026-03-11 17:13:24.345539,cancelled
656,4853,8,2026-02-13 17:39:29.659309,cancelled
657,4980,2,2026-01-04 19:54:42.434599,completed
658,2032,2,2026-01-02 11:55:54.350153,pending
659,4711,4,2026-02-03 03:41:09.571360,cancelled
660,1063,1,2026-02-25 04:14:12.942514,completed
661,881,5,2026-02-20 13:37:27.504355,pending
662,201,3,2026-01-29 03:02:21.333394,cancelled
663,513,4,2026-02-13 17:00:21.883598,cancelled
664,4465,3,2026-04-06 20:51:55.586305,completed
665,2545,2,2026-03-20 18:47:21.855418,completed
666,3460,7,2026-03-20 15:28:49.460455,cancelled
667,2674,2,2026-01-22 02:27:13.819242,pending
668,1647,10,2026-02-03 09:06:11.014731,completed
669,3839,3,2026-03-14 16:12:04.402668,pending
670,2078,5,2026-03-14 11:59:35.638928,cancelled
671,3876,10,2026-02-15 11:17:22.776743,pending
672,2115,4,2026-02-02 08:27:54.130414,pending
673,2318,2,2026-04-07 12:16:02.544823,cancelled
674,2942,1,2026-01-28 01:26:04.379933,completed
675,1034,7,2026-03-08 05:51:45.299727,cancelled
676,539,3,2026-03-27 04:46:59.242644,completed
677,4656,1,2026-03-22 17:56:28.431442,pending
678,4562,3,2026-01-24 11:58:01.792656,completed
679,190,5,2026-01-06 19:23:41.849657,pending
680,200,8,2026-03-19 22:21:13.738803,completed
681,600,5,2026-02-15 02:22:21.535291,completed
682,4385,6,2026-02-16 07:42:57.630712,pending
683,4564,2,2026-01-08 12:39:41.335114,completed
684,4701,6,2026-04-06 06:05:46.145227,completed
685,4745,3,2026-04-05 02:28:27.046880,cancelled
686,1943,8,2026-03-22 14:55:24.276606,cancelled
687,1223,7,2026-02-13 21:08:46.822195,cancelled
688,1776,4,2026-04-01 05:58:58.893163,cancelled
689,1737,8,2026-04-03 16:07:41.022439,cancelled
690,2671,4,2026-01-15 07:16:36.953472,cancelled
691,623,5,2026-03-09 11:52:05.698593,cancelled
692,3450,7,2026-02-25 04:36:30.322205,pending
693,3889,4,2026-02-01 09:43:55.227499,pending
694,3873,3,2026-03-11 16:17:32.113035,pending
695,4548,1,2026-01-20 07:08:17.814341,pending
696,948,6,2026-02-11 10:47:00.363159,cancelled
697,1547,3,2026-03-19 03:07:59.755728,cancelled
698,1055,10,2026-01-06 13:03:57.319157,completed
699,4915,2,2026-02-16 14:22:27.798351,completed
700,2840,6,2026-01-21 12:02:30.273231,pending
701,1126,1,2026-01-23 19:10:01.088955,pending
702,4373,10,2026-02-01 01:29:31.623169,completed
703,2310,4,2026-01-05 04:27:43.787838,pending
704,4438,8,2026-02-10 13:20:54.682957,pending
705,973,8,2026-01-31 00:03:10.119602,pending
706,2773,5,2026-01-26 01:58:47.709159,cancelled
707,3169,1,2026-03-06 05:17:37.744976,completed
708,1884,6,2026-01-08 00:53:46.591386,completed
709,2423,2,2026-01-02 09:39:33.703063,completed
710,3754,6,2026-01-20 13:03:00.657689,cancelled
711,1065,4,2026-02-04 21:15:21.595891,pending
712,321,2,2026-03-29 22:50:02.686728,cancelled
713,3427,8,2026-01-30 06:03:37.278493,cancelled
714,3506,7,2026-03-28 09:41:09.945742,completed
715,664,5,2026-01-12 07:02:41.289346,cancelled
716,2583,1,2026-03-13 07:27:01.358339,completed
717,2667,9,2026-03-03 02:13:58.203916,completed
718,404,6,2026-01-13 11:24:59.975351,pending
719,91,4,2026-02-13 16:39:10.754727,completed
720,3309,2,2026-04-05 02:06:46.556510,cancelled
721,889,5,2026-01-31 15:53:39.511142,pending
722,1359,2,2026-01-19 04:24:00.995176,completed
723,1902,4,2026-02-07 17:32:27.655827,completed
724,3926,4,2026-03-31 04:05:14.476139,pending
725,4890,2,2026-02-13 23:59:17.955531,cancelled
726,2216,2,2026-01-02 15:52:07.092001,pending
727,170,2,2026-03-24 12:01:28.539841,completed
728,4505,10,2026-03-02 09:42:07.746959,cancelled
729,3140,5,2026-03-26 07:18:04.090362,completed
730,2722,5,2026-03-14 11:05:48.452169,pending
731,2047,9,2026-02-24 08:47:10.547770,completed
732,3351,5,2026-04-07 06:39:17.949653,pending
733,1677,3,2026-03-03 19:50:57.380379,cancelled
734,207,5,2026-01-15 03:06:52.754869,cancelled
735,4864,3,2026-03-29 16:24:52.796762,completed
736,1543,7,2026-03-19 12:56:27.611176,pending
737,1985,1,2026-03-02 06:00:14.399358,cancelled
738,1823,7,2026-02-06 11:19:10.391116,completed
739,3163,7,2026-03-07 12:18:09.306735,pending
740,2077,3,2026-04-05 12:05:31.007293,cancelled
741,3452,1,2026-03-03 23:09:34.891022,completed
742,3298,2,2026-03-12 05:47:49.227050,cancelled
743,3251,1,2026-02-26 14:23:03.170145,cancelled
744,208,4,2026-03-14 23:12:01.204725,cancelled
745,4906,2,2026-02-20 14:19:09.379640,cancelled
746,1511,1,2026-03-05 19:03:54.199122,completed
747,1634,7,2026-02-28 23:06:18.130886,cancelled
748,4237,5,2026-03-17 22:37:03.875424,completed
749,728,9,2026-03-04 09:24:05.539752,completed
750,757,9,2026-02-17 18:34:40.538030,pending
751,4178,9,2026-02-23 01:03:22.041464,pending
752,4093,2,2026-03-31 16:52:03.092954,pending
753,2197,5,2026-03-12 00:44:00.890110,cancelled
754,4751,7,2026-03-04 14:50:19.605556,cancelled
755,499,2,2026-03-12 11:49:52.654760,completed
756,673,5,2026-02-10 03:46:38.898024,pending
757,1897,6,2026-01-03 09:38:57.583270,completed
758,1754,4,2026-03-04 06:53:27.049200,completed
759,3406,1,2026-02-04 21:41:36.221746,pending
760,1495,9,2026-03-12 15:05:31.374163,completed
761,2194,1,2026-02-07 07:24:57.940649,pending
762,1278,9,2026-03-18 19:24:08.288888,completed
763,4428,7,2026-02-19 00:21:19.093607,cancelled
764,1524,2,2026-01-20 19:57:08.916412,pending
765,3040,10,2026-01-02 23:47:25.921836,cancelled
766,4874,4,2026-01-26 05:37:36.515953,cancelled
767,1281,7,2026-03-10 18:01:11.074095,pending
768,3769,3,2026-03-24 20:44:31.361486,cancelled
769,999,10,2026-02-26 21:27:11.293003,completed
770,1815,2,2026-01-08 19:25:07.091597,pending
771,736,2,2026-01-01 09:35:37.547053,pending
772,2377,5,2026-02-06 01:51:04.220100,cancelled
773,643,8,2026-03-26 20:55:36.867304,completed
774,4794,7,2026-02-08 09:43:54.580283,completed
775,1398,7,2026-02-14 19:18:08.896069,completed
776,709,9,2026-02-03 02:21:07.515368,completed
777,3750,9,2026-01-02 06:48:28.866787,cancelled
778,482,7,2026-03-13 08:03:59.698184,completed
779,4164,8,2026-01-25 21:13:31.247029,completed
780,3706,5,2026-03-10 00:16:11.653093,completed
781,2956,5,2026-01-21 16:07:58.565140,cancelled
782,4104,10,2026-01-21 04:14:21.629637,pending
783,1846,4,2026-03-10 14:31:15.773747,pending
784,1815,8,2026-01-22 00:37:21.615765,cancelled
785,4612,6,2026-02-15 16:48:28.598194,completed
786,2467,5,2026-03-30 22:35:49.439868,completed
787,4173,4,2026-03-26 23:28:50.969216,pending
788,4793,7,2026-01-09 17:48:48.204634,pending
789,3355,3,2026-02-08 04:44:42.755936,pending
790,4958,5,2026-03-30 13:33:40.610973,pending
791,4467,6,2026-02-09 07:40:19.075080,completed
792,2239,9,2026-02-08 04:05:17.305098,completed
793,1430,4,2026-02-08 12:14:51.370311,cancelled
794,834,8,2026-02-26 14:00:41.681836,cancelled
795,614,4,2026-01-18 00:17:48.732269,pending
796,3781,4,2026-03-25 16:09:20.519752,completed
797,4821,8,2026-01-23 02:39:26.602257,cancelled
798,3161,7,2026-02-15 01:59:11.642396,completed
799,1418,5,2026-04-05 17:12:51.949226,pending
800,2543,7,2026-01-20 18:42:26.111758,pending
801,1856,4,2026-03-08 09:23:39.810643,cancelled
802,380,3,2026-03-03 05:29:00.362162,cancelled
803,3605,6,2026-01-07 07:21:11.333569,pending
804,2174,3,2026-02-02 07:36:40.256625,completed
805,3884,9,2026-04-01 06:59:15.490645,cancelled
806,2984,10,2026-03-30 20:24:10.932867,pending
807,2518,1,2026-01-11 06:00:23.904356,cancelled
808,3080,3,2026-01-25 07:13:30.194612,completed
809,744,6,2026-03-13 18:23:21.462689,completed
810,728,8,2026-01-30 17:18:19.901748,pending
811,4370,4,2026-03-09 16:30:37.179833,completed
812,3991,10,2026-03-28 14:38:17.259613,pending
813,2107,3,2026-01-26 01:59:39.985544,pending
814,4441,4,2026-02-19 18:29:00.120957,completed
815,3179,10,2026-02-09 10:00:10.971502,pending
816,666,8,2026-01-26 06:41:59.408600,cancelled
817,2142,10,2026-04-01 16:43:09.665901,pending
818,1627,9,2026-01-03 01:37:55.409314,completed
819,2843,2,2026-04-02 09:44:18.146466,completed
820,4932,4,2026-03-20 00:08:38.312179,cancelled
821,84,10,2026-03-13 17:25:48.422193,pending
822,677,6,2026-02-04 10:17:10.505015,completed
823,1483,3,2026-01-27 07:03:51.727129,pending
824,2991,4,2026-04-06 17:40:04.729192,completed
825,1449,4,2026-03-28 09:36:35.048762,cancelled
826,3484,4,2026-02-21 15:45:43.315383,cancelled
827,2519,3,2026-01-29 20:52:38.569539,pending
828,3065,8,2026-01-04 14:50:58.825002,completed
829,128,1,2026-01-15 03:15:24.996447,pending
830,2058,10,2026-02-18 15:11:15.488786,cancelled
831,4930,2,2026-01-21 05:48:58.263637,cancelled
832,981,6,2026-01-30 23:19:48.881625,pending
833,4294,8,2026-02-13 17:40:59.193595,completed
834,2286,1,2026-02-14 04:58:16.145595,pending
835,87,9,2026-04-05 07:42:35.938143,pending
836,92,1,2026-02-22 15:47:07.702677,cancelled
837,4528,2,2026-02-20 13:07:16.798981,cancelled
838,899,7,2026-02-21 11:09:27.619535,cancelled
839,3643,3,2026-01-31 22:53:56.116408,completed
840,2970,3,2026-03-15 03:40:53.705519,pending
841,2026,8,2026-03-03 06:46:13.169708,pending
842,2671,1,2026-01-04 21:59:43.590156,cancelled
843,1802,4,2026-01-16 05:56:28.705398,cancelled
844,1032,1,2026-01-20 20:27:29.883028,completed
845,4527,5,2026-03-07 19:29:28.326308,cancelled
846,3240,10,2026-02-06 01:27:32.985684,cancelled
847,967,1,2026-02-03 15:21:10.316166,completed
848,1852,3,2026-03-20 00:37:06.209169,completed
849,1651,7,2026-01-01 14:21:40.756588,cancelled
850,4165,10,2026-02-16 22:33:35.583874,pending
851,1040,9,2026-03-01 22:56:46.946372,pending
852,2185,6,2026-03-02 10:28:10.319241,cancelled
853,1934,5,2026-02-01 02:51:58.913425,completed
854,518,10,2026-03-11 09:43:49.515051,pending
855,938,7,2026-01-22 05:24:12.677117,cancelled
856,1564,10,2026-02-07 19:56:59.462784,pending
857,3259,9,2026-01-24 18:59:07.819597,pending
858,3528,10,2026-01-20 16:19:52.585191,completed
859,2182,8,2026-02-12 04:39:59.553728,cancelled
860,5000,10,2026-01-08 08:36:08.587734,cancelled
861,2716,6,2026-03-07 23:20:09.875567,cancelled
862,3654,5,2026-01-01 22:22:51.474957,cancelled
863,3854,3,2026-02-28 21:54:22.412612,pending
864,1149,8,2026-03-22 08:09:13.594902,pending
865,4609,7,2026-03-28 19:36:20.114327,cancelled
866,569,1,2026-02-08 19:02:31.184212,cancelled
867,4568,7,2026-01-09 02:29:26.159295,cancelled
868,4065,4,2026-01-18 12:48:04.271624,pending
869,4467,3,2026-01-31 20:51:27.222712,pending
870,3889,9,2026-01-09 22:38:54.067224,cancelled
871,4142,7,2026-02-13 13:23:44.333618,cancelled
872,767,1,2026-03-12 02:42:19.773486,pending
873,2400,10,2026-01-05 11:45:07.049162,completed
874,987,1,2026-04-07 16:11:36.778494,cancelled
875,112,1,2026-04-07 12:29:17.897882,cancelled
876,44,4,2026-03-07 07:47:06.847115,completed
877,2391,6,2026-01-25 22:51:47.915632,cancelled
878,1106,10,2026-01-08 03:18:19.396685,cancelled
879,4780,9,2026-01-03 11:39:21.626024,completed
880,944,8,2026-02-22 03:27:04.094251,cancelled
881,3395,9,2026-03-24 15:06:41.891569,cancelled
882,3456,3,2026-03-08 05:42:38.211757,cancelled
883,2531,5,2026-02-03 00:58:56.312521,completed
884,2400,7,2026-03-28 19:05:36.474414,cancelled
885,704,3,2026-01-10 23:46:23.612138,pending
886,3996,5,2026-01-22 21:52:36.104034,completed
887,1651,9,2026-02-17 21:52:58.642615,cancelled
888,4439,6,2026-01-05 12:34:41.719025,cancelled
889,3135,10,2026-01-21 20:18:25.633783,completed
890,3480,5,2026-01-25 11:25:25.258842,cancelled
891,982,4,2026-01-17 20:56:32.894686,cancelled
892,1387,6,2026-01-25 21:02:51.956958,cancelled
893,2871,8,2026-03-12 09:31:24.996737,completed
894,4218,8,2026-01-11 20:50:21.803631,pending
895,1957,7,2026-02-22 06:25:46.638911,completed
896,2232,8,2026-02-26 18:38:31.939901,pending
897,4518,1,2026-02-03 13:55:33.400350,cancelled
898,1317,3,2026-03-08 06:57:48.457973,cancelled
899,1215,5,2026-02-18 01:02:08.038869,pending
900,3134,7,2026-01-21 22:54:39.719062,cancelled
901,692,1,2026-01-25 05:41:27.232848,pending
902,1353,4,2026-02-14 08:16:13.338763,pending
903,3131,6,2026-02-06 17:46:28.669773,completed
904,3271,9,2026-01-12 20:36:03.364241,pending
905,1965,7,2026-02-23 22:07:35.252211,cancelled
906,2129,4,2026-01-14 12:55:14.494336,cancelled
907,3404,5,2026-02-24 15:57:36.403058,completed
908,4658,9,2026-02-01 10:46:36.597477,cancelled
909,4488,6,2026-01-05 10:54:20.756994,completed
910,3397,5,2026-02-02 04:36:26.212714,pending
911,564,4,2026-01-22 19:35:37.624169,cancelled
912,981,9,2026-04-02 14:12:48.422861,cancelled
913,2424,2,2026-02-15 02:12:40.342820,completed
914,2437,8,2026-03-21 22:42:29.910954,pending
915,4081,2,2026-02-03 18:17:53.060148,cancelled
916,3909,4,2026-02-13 22:06:15.503381,completed
917,3325,6,2026-03-05 05:24:10.088495,completed
918,577,2,2026-01-04 16:43:57.831002,cancelled
919,1191,3,2026-02-25 02:48:12.292360,cancelled
920,3894,6,2026-01-15 13:23:44.820416,pending
921,3113,7,2026-03-21 01:00:18.996785,pending
922,2577,5,2026-03-08 22:47:06.371300,cancelled
923,4040,6,2026-02-08 04:40:03.686336,completed
924,3093,5,2026-01-27 14:09:32.507674,cancelled
925,4729,3,2026-03-30 23:29:41.634617,completed
926,2530,7,2026-03-05 00:06:03.689720,pending
927,684,5,2026-03-14 22:32:52.661918,cancelled
928,2724,3,2026-03-30 18:55:11.319629,pending
929,884,5,2026-03-21 12:07:21.819505,completed
930,151,8,2026-03-21 10:00:28.023697,completed
931,4151,2,2026-03-18 09:27:27.813246,completed
932,4926,5,2026-03-28 05:22:39.399085,cancelled
933,2363,1,2026-02-15 08:49:28.662687,pending
934,3608,10,2026-03-03 01:47:59.418255,cancelled
935,1845,10,2026-01-27 03:40:58.466628,cancelled
936,3767,8,2026-02-24 00:49:35.077800,completed
937,4142,3,2026-02-27 01:55:20.377379,pending
938,4165,3,2026-02-08 01:23:28.481058,completed
939,476,3,2026-01-18 02:27:58.449633,pending
940,322,7,2026-04-05 22:52:35.873706,pending
941,3157,5,2026-03-23 07:26:56.045732,pending
942,913,7,2026-02-07 16:22:47.796887,cancelled
943,2910,1,2026-02-15 16:12:16.484692,cancelled
944,2198,2,2026-03-24 23:46:01.159322,completed
945,3022,6,2026-01-25 02:15:27.472660,completed
946,535,8,2026-02-17 10:40:04.217217,pending
947,3563,6,2026-01-13 20:33:08.358762,completed
948,3456,2,2026-03-18 10:55:09.800813,pending
949,4258,1,2026-02-02 01:11:08.136056,pending
950,1862,2,2026-02-20 11:30:31.313973,completed
951,1460,4,2026-01-21 07:09:40.543162,completed
952,1030,8,2026-01-22 00:34:05.570701,cancelled
953,4583,3,2026-03-18 05:25:04.692172,completed
954,1332,8,2026-03-05 02:28:59.375151,pending
955,4015,10,2026-01-03 22:29:55.240227,cancelled
956,3856,6,2026-01-27 19:19:51.896037,pending
957,2338,3,2026-02-02 01:20:27.585590,completed
958,4326,2,2026-03-03 05:29:56.149388,pending
959,2236,6,2026-01-31 12:55:15.357750,cancelled
960,803,6,2026-02-05 15:50:48.837411,pending
961,4746,5,2026-01-19 12:03:10.393731,pending
962,151,7,2026-01-15 07:55:15.053774,pending
963,1388,10,2026-01-08 07:19:35.358356,pending
964,4675,7,2026-01-06 02:49:10.406132,completed
965,595,5,2026-01-16 15:07:49.346791,pending
966,1573,9,2026-03-30 14:46:22.189342,pending
967,4379,3,2026-03-13 00:21:13.069319,completed
968,4095,4,2026-01-03 16:10:28.820930,pending
969,846,8,2026-03-15 15:04:14.585067,completed
970,1985,1,2026-01-22 19:29:37.491935,cancelled
971,3481,2,2026-03-27 23:08:54.718697,pending
972,3153,9,2026-02-17 03:00:01.544425,completed
973,4356,2,2026-02-20 16:24:32.541687,cancelled
974,801,5,2026-02-09 11:40:09.486516,cancelled
975,4816,7,2026-02-01 14:56:01.065427,completed
976,195,4,2026-04-06 22:44:11.513981,pending
977,3153,9,2026-01-10 22:10:02.941037,completed
978,2559,8,2026-01-30 12:07:58.226752,cancelled
979,2232,7,2026-01-01 03:17:40.825663,completed
980,1935,1,2026-02-27 21:39:03.722256,cancelled
981,750,7,2026-02-05 21:38:50.136825,pending
982,4694,5,2026-01-23 14:05:04.040589,completed
983,2226,3,2026-02-14 04:15:00.223126,completed
984,2953,10,2026-01-07 03:28:43.226451,pending
985,4195,8,2026-03-16 16:51:48.356077,pending
986,3748,2,2026-01-27 17:57:41.241823,pending
987,4080,9,2026-01-18 21:08:20.361568,completed
988,174,6,2026-01-25 03:07:31.979555,cancelled
989,2635,10,2026-03-05 01:08:43.232323,cancelled
990,2672,9,2026-01-07 02:08:23.497192,completed
991,4965,9,2026-01-11 19:41:33.148424,cancelled
992,3171,10,2026-02-08 06:55:39.590033,completed
993,4004,10,2026-01-28 15:39:55.206110,pending
994,2866,10,2026-01-03 19:39:43.900914,completed
995,245,4,2026-02-14 11:05:28.871353,cancelled
996,4123,9,2026-01-24 21:53:07.995286,cancelled
997,1929,10,2026-01-19 14:00:24.342121,cancelled
998,3391,7,2026-01-29 04:15:35.619647,pending
999,401,3,2026-02-01 07:57:17.142865,cancelled
1000,2729,2,2026-02-02 07:52:21.689373,completed
1001,4234,10,2026-03-16 19:04:37.441510,pending
1002,1055,1,2026-01-28 08:17:25.403939,cancelled
1003,3532,7,2026-03-23 18:28:13.278259,completed
1004,2660,5,2026-02-07 05:50:33.054968,cancelled
1005,2811,1,2026-03-23 01:00:32.694442,pending
1006,343,5,2026-03-20 20:13:38.504536,pending
1007,3840,10,2026-03-03 15:49:49.158920,pending
1008,4826,10,2026-03-12 04:45:12.789063,cancelled
1009,4006,3,2026-01-12 19:59:35.020829,pending
1010,4630,4,2026-01-06 09:28:02.743162,pending
1011,1742,7,2026-03-23 18:37:12.569122,completed
1012,52,9,2026-01-31 14:51:30.693633,cancelled
1013,542,2,2026-01-04 04:14:34.424794,completed
1014,2988,4,2026-02-18 08:35:50.222300,pending
1015,3769,1,2026-01-27 00:48:22.264259,pending
1016,356,9,2026-01-16 05:09:53.120760,cancelled
1017,2520,5,2026-03-13 21:23:03.758957,cancelled
1018,1310,8,2026-01-22 19:13:48.796046,pending
1019,487,8,2026-03-18 18:25:47.822865,pending
1020,4873,3,2026-03-28 10:32:47.692092,completed
1021,2185,10,2026-02-09 11:32:27.035160,cancelled
1022,3284,9,2026-04-04 05:31:50.199387,cancelled
1023,4806,5,2026-02-14 15:50:34.263423,completed
1024,1273,4,2026-02-04 07:29:43.282241,pending
1025,4008,4,2026-03-29 05:34:45.068490,cancelled
1026,2446,1,2026-02-01 20:37:35.928683,pending
1027,958,9,2026-01-16 21:26:41.185690,pending
1028,2299,8,2026-01-04 19:01:04.417552,cancelled
1029,2910,7,2026-01-02 20:58:49.717765,cancelled
1030,655,6,2026-01-04 05:24:47.796844,completed
1031,598,3,2026-03-13 10:16:35.953528,pending
1032,2339,8,2026-02-23 01:24:56.886191,pending
1033,4771,3,2026-04-06 19:53:35.238544,cancelled
1034,1639,1,2026-02-22 11:09:08.828598,pending
1035,3274,9,2026-01-02 12:16:26.631920,pending
1036,4693,4,2026-03-14 11:08:12.635819,cancelled
1037,3524,3,2026-01-28 15:55:00.163927,completed
1038,3230,9,2026-03-10 18:28:04.615806,cancelled
1039,4860,4,2026-01-08 23:39:11.305172,pending
1040,2628,9,2026-01-16 01:06:23.403863,cancelled
1041,36,1,2026-02-23 19:53:10.774354,completed
1042,981,2,2026-02-13 10:20:19.732820,completed
1043,475,10,2026-01-02 06:20:56.866589,cancelled
1044,909,7,2026-01-20 16:52:52.689261,pending
1045,1131,6,2026-02-24 00:03:48.244749,pending
1046,4874,1,2026-02-19 13:35:10.599431,completed
1047,2612,8,2026-03-16 12:28:23.334543,completed
1048,934,6,2026-02-23 11:42:15.313443,cancelled
1049,2239,3,2026-02-05 22:34:09.899112,completed
1050,685,9,2026-02-09 06:33:54.242232,cancelled
1051,931,4,2026-03-18 14:08:45.699913,cancelled
1052,360,1,2026-03-14 12:10:01.918680,cancelled
1053,1300,4,2026-02-05 20:12:01.309220,cancelled
1054,840,6,2026-03-23 12:08:34.801411,completed
1055,752,6,2026-01-13 15:16:28.314307,pending
1056,943,10,2026-03-21 22:00:12.544889,pending
1057,703,2,2026-03-26 07:49:37.495632,cancelled
1058,3647,9,2026-03-22 03:24:37.342011,cancelled
1059,3917,8,2026-03-25 23:57:48.374753,cancelled
1060,3121,10,2026-01-26 20:26:28.370792,cancelled
1061,1049,10,2026-02-09 02:22:32.989786,completed
1062,115,3,2026-01-14 07:01:02.650466,pending
1063,4797,6,2026-01-02 17:28:17.242933,completed
1064,2089,6,2026-03-25 05:58:19.913163,pending
1065,4770,3,2026-02-05 21:53:25.158346,completed
1066,1073,9,2026-02-25 19:01:04.734987,pending
1067,3562,9,2026-03-13 01:23:53.007548,cancelled
1068,4564,8,2026-02-13 22:37:03.262910,cancelled
1069,4076,2,2026-01-13 07:14:22.848916,completed
1070,835,8,2026-02-10 05:26:32.939393,pending
1071,4962,8,2026-02-19 15:59:46.408929,cancelled
1072,4014,6,2026-03-02 04:24:34.568288,cancelled
1073,4745,5,2026-01-06 08:03:10.660080,cancelled
1074,3091,4,2026-04-04 22:47:11.276315,completed
1075,1971,1,2026-01-22 01:30:26.172137,cancelled
1076,2441,2,2026-03-27 04:07:15.184284,pending
1077,756,6,2026-03-28 00:24:48.414423,pending
1078,2329,9,2026-02-26 02:40:07.889714,cancelled
1079,312,8,2026-01-19 14:09:48.435093,cancelled
1080,4679,6,2026-02-01 23:39:03.394838,cancelled
1081,1895,2,2026-01-30 16:30:50.655636,completed
1082,3396,10,2026-03-24 04:20:34.182367,completed
1083,1345,7,2026-02-27 05:09:55.247655,pending
1084,2068,7,2026-03-11 09:08:44.305897,cancelled
1085,2473,7,2026-03-18 05:52:36.260165,completed
1086,3635,10,2026-03-05 18:35:36.423352,cancelled
1087,641,9,2026-03-19 07:40:57.649945,cancelled
1088,921,2,2026-03-19 12:59:46.994154,completed
1089,1409,2,2026-04-01 00:58:00.563680,cancelled
1090,1344,6,2026-03-22 23:01:39.911156,pending
1091,1812,5,2026-01-29 07:57:08.453867,cancelled
1092,2132,9,2026-01-05 01:25:28.605558,pending
1093,1418,2,2026-03-13 23:23:04.419804,completed
1094,2896,1,2026-01-21 19:54:20.536487,cancelled
1095,2298,10,2026-01-05 01:27:47.104542,cancelled
1096,4931,10,2026-01-23 13:36:56.614502,cancelled
1097,3819,9,2026-03-01 04:50:53.476589,completed
1098,1052,6,2026-03-06 22:46:28.349833,completed
1099,3834,7,2026-03-16 12:56:32.499164,pending
1100,1734,8,2026-03-03 17:51:56.792382,pending
1101,943,8,2026-02-24 03:56:49.694259,pending
1102,3988,2,2026-03-15 15:45:10.224961,pending
1103,77,5,2026-03-20 07:52:52.752996,cancelled
1104,2430,5,2026-03-16 15:24:10.533927,cancelled
1105,7,10,2026-03-19 01:03:35.472199,cancelled
1106,3176,4,2026-03-16 22:15:36.021403,completed
1107,3305,10,2026-01-05 17:03:01.857933,cancelled
1108,828,1,2026-03-04 07:59:13.978348,cancelled
1109,583,3,2026-03-09 21:27:00.315352,completed
1110,174,6,2026-02-28 12:37:36.381259,completed
1111,1652,10,2026-01-16 07:38:21.849792,completed
1112,938,10,2026-03-19 08:38:21.589964,pending
1113,2289,8,2026-03-04 23:35:31.840312,cancelled
1114,4176,10,2026-01-10 13:43:28.275036,pending
1115,500,6,2026-03-15 17:33:10.121445,completed
1116,1341,7,2026-01-10 12:39:24.132803,cancelled
1117,2385,9,2026-02-18 12:30:24.637669,cancelled
1118,1292,6,2026-02-05 01:38:01.598519,pending
1119,3412,8,2026-02-18 17:53:39.769694,cancelled
1120,4628,7,2026-04-02 01:06:39.542100,completed
1121,4796,6,2026-02-13 00:56:09.156351,completed
1122,1118,8,2026-01-11 06:54:31.245930,completed
1123,1648,3,2026-03-26 09:37:51.066219,cancelled
1124,4064,1,2026-01-20 13:54:09.966754,completed
1125,373,10,2026-01-26 23:32:21.600833,cancelled
1126,3466,10,2026-02-15 06:25:30.567986,completed
1127,4441,9,2026-02-21 23:31:21.012073,completed
1128,4993,8,2026-03-21 22:56:52.019502,cancelled
1129,1067,10,2026-03-16 07:29:00.584704,cancelled
1130,3968,7,2026-02-08 20:11:21.579514,pending
1131,2463,10,2026-01-27 03:53:43.541564,pending
1132,4270,7,2026-02-25 10:14:15.165291,cancelled
1133,2929,4,2026-01-18 01:45:42.229558,cancelled
1134,1860,8,2026-03-10 09:23:42.090220,cancelled
1135,1296,2,2026-01-25 17:21:45.852198,pending
1136,4446,5,2026-02-06 08:01:57.528038,completed
1137,3989,9,2026-01-29 09:42:22.583027,cancelled
1138,3535,10,2026-03-28 14:27:39.988773,cancelled
1139,3135,9,2026-02-15 16:10:30.571845,cancelled
1140,349,5,2026-03-19 03:33:14.394740,pending
1141,258,9,2026-04-07 04:07:40.315432,pending
1142,36,3,2026-01-22 22:32:16.271639,cancelled
1143,585,3,2026-03-25 05:29:04.370805,cancelled
1144,3783,1,2026-04-06 19:46:21.237340,pending
1145,955,6,2026-01-25 07:14:02.105168,completed
1146,1286,2,2026-02-02 09:19:28.850556,completed
1147,604,5,2026-01-09 09:21:46.673622,cancelled
1148,1535,6,2026-01-23 15:39:40.838002,cancelled
1149,2467,7,2026-02-10 21:07:46.634067,cancelled
1150,4095,7,2026-03-11 18:15:40.099211,cancelled
1151,1731,6,2026-03-01 21:03:45.984993,pending
1152,649,7,2026-02-15 05:32:52.906211,pending
1153,4960,7,2026-01-14 00:13:29.673163,cancelled
1154,2101,2,2026-03-12 22:42:53.823023,completed
1155,2930,5,2026-01-26 02:15:26.975648,pending
1156,1811,10,2026-03-22 06:05:34.702517,completed
1157,3904,4,2026-02-10 08:57:36.643971,completed
1158,1537,3,2026-04-02 10:10:37.181409,completed
1159,4277,7,2026-02-24 04:38:04.453919,pending
1160,547,9,2026-01-27 18:24:31.791829,completed
1161,631,7,2026-02-02 12:19:54.008821,completed
1162,4566,7,2026-01-31 07:07:41.324458,pending
1163,3796,1,2026-02-15 01:56:14.314473,completed
1164,4961,2,2026-03-12 23:51:02.070895,cancelled
1165,2125,1,2026-01-01 15:11:47.633239,pending
1166,4639,2,2026-02-02 01:21:34.128742,completed
1167,3389,2,2026-02-13 08:10:52.820531,pending
1168,4198,10,2026-02-11 18:59:33.817492,pending
1169,621,1,2026-01-11 23:36:19.322730,completed
1170,2463,1,2026-04-01 01:37:51.290992,pending
1171,2888,5,2026-01-10 11:25:20.050487,pending
1172,1282,5,2026-03-28 13:54:15.277168,pending
1173,2362,8,2026-01-28 00:28:53.989930,cancelled
1174,1003,10,2026-01-16 16:43:03.404441,pending
1175,3150,6,2026-01-13 19:23:50.246766,cancelled
1176,3434,2,2026-02-20 00:28:10.534482,completed
1177,1697,5,2026-03-31 22:34:58.883608,completed
1178,492,6,2026-03-21 12:09:35.879422,completed
1179,3228,2,2026-02-05 23:09:13.150032,cancelled
1180,3216,10,2026-03-24 03:45:29.827347,pending
1181,3584,9,2026-02-18 15:27:31.578223,cancelled
1182,1569,4,2026-02-04 08:41:39.850240,pending
1183,3193,6,2026-01-02 07:44:06.891366,pending
1184,1742,10,2026-01-02 20:10:32.581795,completed
1185,4791,5,2026-02-27 18:33:24.413464,completed
1186,4561,7,2026-02-09 05:33:13.316805,cancelled
1187,1979,5,2026-02-20 00:04:47.834731,pending
1188,2080,8,2026-02-05 10:43:14.008902,completed
1189,1038,4,2026-01-20 23:41:18.135192,cancelled
1190,3317,9,2026-02-02 22:44:06.362437,completed
1191,1114,6,2026-03-06 00:22:04.182080,pending
1192,3754,7,2026-03-09 09:47:15.579747,completed
1193,4266,1,2026-04-07 16:17:50.850137,cancelled
1194,2197,10,2026-03-16 08:47:15.065800,pending
1195,1473,1,2026-01-31 13:07:49.449799,pending
1196,3586,9,2026-03-30 03:37:33.764678,completed
1197,4883,3,2026-03-21 00:00:37.148395,pending
1198,2161,8,2026-01-25 19:31:36.958685,pending
1199,829,4,2026-01-19 08:00:44.051566,completed
1200,345,7,2026-03-29 23:11:26.596865,pending
1201,184,6,2026-01-19 22:05:08.387192,completed
1202,3912,10,2026-04-04 06:38:22.390718,pending
1203,585,1,2026-02-16 13:29:58.515456,cancelled
1204,3285,10,2026-02-25 18:24:03.465298,completed
1205,4451,10,2026-01-07 09:31:03.501631,completed
1206,4268,10,2026-02-14 11:15:41.208742,pending
1207,3683,3,2026-01-19 05:45:20.464402,pending
1208,166,9,2026-01-18 13:41:41.564884,cancelled
1209,1728,5,2026-01-06 02:21:40.785813,cancelled
1210,3815,6,2026-04-03 14:16:49.454718,pending
1211,1818,6,2026-01-15 10:30:27.363963,cancelled
1212,2837,8,2026-03-25 12:27:52.882929,completed
1213,2687,7,2026-02-21 02:45:06.808623,completed
1214,173,2,2026-03-22 04:28:14.951523,pending
1215,856,6,2026-02-17 08:22:28.020337,pending
1216,4489,3,2026-03-14 05:14:53.893970,cancelled
1217,1121,10,2026-01-09 18:38:27.668986,cancelled
1218,1216,2,2026-03-30 06:50:56.996557,cancelled
1219,446,10,2026-02-18 00:34:57.124182,pending
1220,2872,9,2026-02-05 13:21:09.479415,pending
1221,674,3,2026-04-05 20:37:07.246753,completed
1222,855,4,2026-02-20 02:49:23.221297,completed
1223,2948,9,2026-01-23 11:22:31.167320,cancelled
1224,2504,2,2026-01-26 00:39:16.954045,pending
1225,678,8,2026-03-19 12:43:14.270871,pending
1226,2138,6,2026-03-19 12:52:13.305367,completed
1227,4932,10,2026-02-03 07:29:26.720556,cancelled
1228,962,1,2026-04-04 14:41:19.323099,pending
1229,3839,4,2026-01-10 16:25:31.896540,completed
1230,810,5,2026-03-04 00:41:19.387974,completed
1231,1365,1,2026-01-16 14:13:05.239467,cancelled
1232,3110,6,2026-03-10 22:41:10.354222,completed
1233,2736,1,2026-03-09 10:25:45.130450,cancelled
1234,4182,6,2026-04-04 14:14:52.776442,cancelled
1235,161,2,2026-03-18 21:51:39.193095,cancelled
1236,998,7,2026-02-20 10:57:41.488059,completed
1237,810,2,2026-01-13 19:42:02.390764,cancelled
1238,166,7,2026-01-22 23:38:27.781536,completed
1239,2452,6,2026-02-06 22:30:35.910438,cancelled
1240,3611,3,2026-02-21 16:27:15.030852,cancelled
1241,611,4,2026-01-28 02:55:27.673603,cancelled
1242,2866,5,2026-03-19 23:56:52.657224,pending
1243,4831,1,2026-04-07 04:54:14.062606,completed
1244,4577,4,2026-04-02 07:58:43.745297,cancelled
1245,4611,3,2026-02-02 05:29:41.324832,pending
1246,2275,4,2026-01-05 05:31:59.270310,pending
1247,2184,10,2026-01-15 03:36:14.116782,pending
1248,1948,1,2026-01-07 12:24:02.986394,completed
1249,4026,6,2026-01-22 00:31:26.269816,pending
1250,1783,2,2026-03-27 18:44:28.575336,cancelled
1251,1564,9,2026-03-19 21:53:46.313965,cancelled
1252,252,2,2026-02-01 12:30:17.699147,completed
1253,19,3,2026-02-06 02:24:31.807266,pending
1254,1357,8,2026-04-02 11:34:06.530953,cancelled
1255,109,3,2026-03-07 19:22:59.217223,completed
1256,3633,8,2026-03-06 06:01:57.464678,cancelled
1257,2016,1,2026-03-06 01:28:31.436544,pending
1258,1832,5,2026-03-18 22:08:17.071785,completed
1259,3233,9,2026-03-17 04:15:48.607490,completed
1260,1001,1,2026-02-18 09:19:25.828415,cancelled
1261,3457,10,2026-01-22 03:26:59.344694,cancelled
1262,3754,1,2026-03-28 05:59:27.861142,completed
1263,1510,2,2026-03-04 05:19:20.630960,cancelled
1264,2583,8,2026-03-03 18:18:00.526896,completed
1265,2750,4,2026-01-30 23:53:13.017539,pending
1266,2390,5,2026-02-22 02:30:19.981985,pending
1267,1630,2,2026-02-09 17:54:58.117159,completed
1268,3890,5,2026-01-13 01:15:58.955300,cancelled
1269,1732,6,2026-03-02 13:33:28.050488,cancelled
1270,4586,2,2026-03-21 06:28:28.056137,completed
1271,1819,7,2026-02-25 22:53:42.149430,completed
1272,3255,10,2026-01-06 20:28:29.802375,pending
1273,2110,4,2026-03-15 19:22:54.628128,pending
1274,603,10,2026-02-13 22:55:13.910961,cancelled
1275,4547,1,2026-03-16 09:35:59.483220,cancelled
1276,1878,1,2026-01-26 10:02:54.422201,pending
1277,1552,5,2026-03-07 01:08:24.027840,cancelled
1278,1202,3,2026-03-27 12:19:19.718498,pending
1279,370,2,2026-01-25 12:40:51.175248,pending
1280,1651,1,2026-03-14 11:34:08.384860,completed
1281,1751,1,2026-01-23 18:41:11.046299,completed
1282,3823,1,2026-03-23 18:48:31.305589,pending
1283,780,10,2026-01-10 05:18:26.537251,pending
1284,2990,9,2026-04-01 20:36:10.908439,pending
1285,2868,2,2026-02-03 13:45:59.514480,cancelled
1286,293,9,2026-01-23 18:53:00.371917,cancelled
1287,777,2,2026-02-07 19:36:58.573329,completed
1288,954,5,2026-03-22 23:23:13.997714,cancelled
1289,3183,6,2026-02-19 11:09:09.721386,cancelled
1290,3809,3,2026-03-18 10:08:37.053734,cancelled
1291,328,4,2026-02-18 19:16:06.849221,cancelled
1292,4582,5,2026-03-16 00:47:01.052913,completed
1293,297,1,2026-02-16 22:00:24.634899,pending
1294,2390,1,2026-02-26 22:30:33.768499,completed
1295,499,3,2026-02-04 22:41:47.806577,completed
1296,1899,1,2026-04-03 07:09:12.965962,cancelled
1297,246,8,2026-01-30 09:57:25.098532,cancelled
1298,1094,4,2026-03-02 06:14:57.330264,pending
1299,2629,10,2026-01-26 20:47:37.873190,completed
1300,4891,6,2026-01-03 19:26:28.351620,cancelled
1301,1959,8,2026-03-02 07:37:07.418117,completed
1302,867,1,2026-03-12 07:43:24.816112,pending
1303,1053,6,2026-03-30 01:47:52.265719,cancelled
1304,4102,10,2026-02-21 04:03:35.078110,completed
1305,4339,2,2026-01-20 18:02:12.668144,completed
1306,4209,1,2026-03-23 19:38:06.116281,completed
1307,1379,6,2026-01-02 02:05:14.925962,pending
1308,4339,10,2026-02-28 12:01:52.418643,cancelled
1309,1872,9,2026-01-23 23:18:16.752525,completed
1310,4368,6,2026-02-27 02:01:19.993421,cancelled
1311,2942,4,2026-01-19 16:42:19.721126,cancelled
1312,2819,1,2026-02-08 12:35:10.470088,completed
1313,3799,4,2026-02-25 17:50:36.223244,completed
1314,467,10,2026-03-04 08:19:13.138968,completed
1315,3872,4,2026-02-03 07:33:45.697776,completed
1316,631,7,2026-02-22 13:33:42.256246,cancelled
1317,3669,3,2026-02-11 08:23:02.781985,cancelled
1318,3523,6,2026-03-07 09:59:30.975596,completed
1319,2032,1,2026-01-09 14:50:36.102176,pending
1320,831,8,2026-01-27 11:52:23.141474,cancelled
1321,2858,1,2026-03-24 02:04:18.751287,pending
1322,1584,3,2026-03-21 13:29:13.166348,pending
1323,1754,2,2026-03-10 00:45:12.011817,pending
1324,1388,1,2026-01-20 20:10:18.070084,completed
1325,3879,7,2026-03-05 13:40:14.512319,completed
1326,2675,2,2026-01-17 19:35:09.017982,completed
1327,2294,10,2026-03-12 21:45:54.855971,pending
1328,1479,3,2026-02-09 19:25:57.779844,cancelled
1329,1568,6,2026-01-12 15:50:28.415742,completed
1330,119,2,2026-01-23 00:40:44.117589,pending
1331,454,10,2026-04-06 06:10:42.754443,completed
1332,1245,8,2026-01-08 00:51:29.703487,cancelled
1333,4583,7,2026-01-12 18:31:10.400750,completed
1334,2972,6,2026-01-24 02:36:40.245238,pending
1335,379,9,2026-01-25 10:33:21.754925,completed
1336,717,8,2026-03-29 00:39:32.101463,cancelled
1337,2501,8,2026-03-02 14:42:50.327320,pending
1338,1803,5,2026-01-08 14:01:42.517401,cancelled
1339,4178,1,2026-02-28 10:53:01.283818,pending
1340,4743,3,2026-02-13 09:56:38.716221,pending
1341,2204,1,2026-02-09 04:08:07.077049,completed
1342,1017,9,2026-03-22 12:15:50.040934,cancelled
1343,1730,4,2026-03-24 08:12:13.978135,pending
1344,1722,9,2026-02-17 04:24:29.126578,cancelled
1345,963,3,2026-02-12 08:08:11.406348,cancelled
1346,3216,7,2026-02-03 18:46:03.293715,completed
1347,3546,2,2026-03-17 10:39:19.638514,completed
1348,1773,5,2026-02-04 05:02:35.743368,cancelled
1349,2279,2,2026-02-07 18:37:59.896947,pending
1350,3482,4,2026-01-11 21:21:57.855483,pending
1351,4184,1,2026-01-14 17:39:23.007511,completed
1352,872,8,2026-02-17 14:02:43.327390,completed
1353,2690,9,2026-02-12 15:25:51.324379,completed
1354,454,2,2026-04-03 06:37:48.678384,completed
1355,2189,6,2026-04-03 10:40:15.434423,completed
1356,683,2,2026-01-22 10:30:08.508126,pending
1357,685,2,2026-03-17 18:23:54.713478,completed
1358,1927,5,2026-01-31 01:49:00.294937,pending
1359,2460,10,2026-02-12 07:07:26.174327,completed
1360,3324,10,2026-03-09 22:34:59.117061,cancelled
1361,4609,5,2026-01-10 20:19:04.096780,pending
1362,114,7,2026-03-13 13:26:59.104873,completed
1363,4503,3,2026-03-21 14:33:01.085257,pending
1364,4328,9,2026-01-24 13:51:29.558365,pending
1365,3,2,2026-02-13 02:14:41.798839,cancelled
1366,788,2,2026-02-23 06:30:14.372169,pending
1367,3554,7,2026-01-19 13:04:33.661131,cancelled
1368,1685,9,2026-01-30 09:03:20.076316,completed
1369,1207,5,2026-01-06 16:11:53.231019,cancelled
1370,241,1,2026-01-18 16:48:59.474385,cancelled
1371,3413,5,2026-01-27 14:07:23.219538,cancelled
1372,3230,7,2026-03-01 01:15:53.308287,pending
1373,2334,3,2026-03-29 09:56:38.371584,cancelled
1374,4047,5,2026-03-21 16:22:37.982705,completed
1375,2793,3,2026-02-04 01:26:36.561222,completed
1376,1492,7,2026-02-13 13:16:42.634785,pending
1377,1829,10,2026-02-20 13:10:15.596429,cancelled
1378,4434,9,2026-02-23 00:17:11.903478,completed
1379,3804,5,2026-02-16 16:56:02.714711,pending
1380,1459,9,2026-03-01 18:55:19.376107,pending
1381,463,5,2026-03-31 09:57:30.781094,pending
1382,4315,1,2026-03-29 06:45:18.081677,cancelled
1383,302,4,2026-03-06 04:26:52.240941,completed
1384,2613,6,2026-04-05 17:37:38.017740,cancelled
1385,1758,10,2026-01-01 16:32:39.906507,pending
1386,4945,9,2026-01-26 03:56:25.160349,completed
1387,990,10,2026-02-14 20:44:59.235452,pending
1388,1679,3,2026-03-08 23:16:18.021623,cancelled
1389,2122,2,2026-01-22 17:29:50.739272,pending
1390,4719,10,2026-01-18 20:54:58.321663,cancelled
1391,1300,2,2026-03-11 20:50:54.369946,completed
1392,3789,9,2026-01-14 08:47:49.094422,cancelled
1393,3664,9,2026-01-21 03:55:01.800935,pending
1394,893,4,2026-02-28 14:00:19.627930,completed
1395,1989,10,2026-04-03 21:17:47.261751,pending
1396,3780,8,2026-01-31 17:08:53.243770,completed
1397,3856,10,2026-02-23 20:51:07.989754,completed
1398,4228,10,2026-03-28 14:55:49.287294,cancelled
1399,109,8,2026-02-03 02:56:13.997420,completed
1400,2715,2,2026-03-20 14:43:10.584087,completed
1401,2243,7,2026-01-18 18:44:40.231756,cancelled
1402,4155,10,2026-03-19 16:44:55.825554,completed
1403,134,10,2026-01-01 11:47:19.566237,pending
1404,4236,3,2026-03-30 04:09:05.345864,cancelled
1405,329,7,2026-01-06 02:23:48.183523,pending
1406,4071,4,2026-03-27 12:37:59.502736,completed
1407,3352,1,2026-01-30 08:33:38.038715,pending
1408,4571,8,2026-04-03 10:14:24.833989,completed
1409,4092,8,2026-03-15 00:13:35.203304,completed
1410,2922,7,2026-02-02 11:10:55.277955,pending
1411,431,1,2026-01-20 07:07:42.485181,cancelled
1412,2123,8,2026-01-18 00:00:48.863263,pending
1413,4383,5,2026-01-18 12:21:47.105607,completed
1414,3964,1,2026-03-30 14:57:39.790416,completed
1415,3887,5,2026-02-12 04:11:09.863135,completed
1416,2198,5,2026-04-06 00:04:49.658864,pending
1417,171,10,2026-03-07 19:58:01.168157,pending
1418,2071,3,2026-01-03 13:21:47.109281,cancelled
1419,4311,2,2026-03-15 12:00:14.993341,pending
1420,1901,2,2026-02-16 17:53:46.814565,pending
1421,762,4,2026-01-16 06:04:15.592982,cancelled
1422,4832,5,2026-02-27 04:03:22.329685,pending
1423,1132,6,2026-03-02 22:04:27.152662,pending
1424,3528,9,2026-02-22 04:18:08.019109,completed
1425,4125,7,2026-03-07 17:08:39.937884,pending
1426,4393,3,2026-04-04 08:15:55.507561,completed
1427,2510,2,2026-03-28 07:51:16.009523,cancelled
1428,1298,1,2026-01-21 02:03:09.716024,cancelled
1429,2165,3,2026-02-13 02:40:03.747576,pending
1430,3209,2,2026-01-21 17:14:31.057187,completed
1431,2648,1,2026-03-27 05:06:24.335378,cancelled
1432,4723,6,2026-03-21 19:24:40.504211,pending
1433,570,1,2026-03-08 00:20:07.051342,completed
1434,780,3,2026-03-28 17:55:04.311142,completed
1435,4500,5,2026-01-08 18:12:01.123377,pending
1436,1067,6,2026-02-26 14:39:08.375181,cancelled
1437,4593,10,2026-01-01 11:32:30.541421,completed
1438,3361,6,2026-02-16 19:40:05.803448,cancelled
1439,3166,7,2026-01-10 09:52:09.753590,completed
1440,4255,2,2026-01-08 06:51:20.377870,cancelled
1441,210,6,2026-03-05 00:22:43.523221,pending
1442,2045,3,2026-03-23 10:21:41.584302,completed
1443,4948,2,2026-03-14 06:33:13.649676,pending
1444,978,3,2026-01-19 17:03:14.587343,cancelled
1445,293,4,2026-03-01 19:49:46.792070,pending
1446,3059,8,2026-01-26 19:40:58.882463,pending
1447,4359,2,2026-02-07 07:32:28.677429,cancelled
1448,3088,2,2026-01-12 07:34:37.811078,cancelled
1449,994,3,2026-01-16 15:14:18.266969,completed
1450,1225,10,2026-01-21 11:37:05.180683,cancelled
1451,2767,10,2026-03-26 01:35:23.392424,completed
1452,4268,7,2026-03-10 23:20:04.753661,cancelled
1453,733,6,2026-03-30 10:40:32.640016,completed
1454,4808,10,2026-03-12 04:51:25.770822,completed
1455,4311,1,2026-03-19 16:03:31.964823,pending
1456,3231,7,2026-02-13 20:43:43.471512,completed
1457,678,5,2026-01-02 05:39:21.247645,pending
1458,4378,1,2026-02-09 01:28:16.422454,pending
1459,1637,8,2026-03-22 15:16:07.516915,pending
1460,3707,1,2026-01-21 20:52:27.756929,completed
1461,4923,6,2026-03-23 19:59:53.684882,pending
1462,4668,2,2026-03-22 17:01:06.904732,completed
1463,2344,3,2026-02-27 03:47:13.606895,completed
1464,4111,7,2026-01-30 15:14:40.812200,cancelled
1465,2075,1,2026-02-21 17:21:37.198734,completed
1466,3084,6,2026-02-05 05:32:30.298233,cancelled
1467,878,9,2026-04-07 07:42:49.543329,cancelled
1468,4710,6,2026-01-26 09:55:59.731899,completed
1469,1929,9,2026-03-07 12:45:05.520089,cancelled
1470,1400,3,2026-01-10 07:51:24.459922,cancelled
1471,1363,1,2026-01-07 21:15:59.775151,cancelled
1472,4257,3,2026-03-11 02:17:52.989056,pending
1473,2381,3,2026-03-13 00:17:39.142998,completed
1474,2058,2,2026-02-07 17:16:00.018601,pending
1475,1642,5,2026-01-08 00:25:46.007795,cancelled
1476,3726,3,2026-02-13 11:54:21.167437,completed
1477,160,5,2026-01-16 14:04:33.708111,pending
1478,869,9,2026-04-06 22:16:01.714533,pending
1479,3975,4,2026-01-24 02:37:03.964420,completed
1480,3132,1,2026-03-02 18:56:48.221032,cancelled
1481,2404,3,2026-03-01 04:20:20.932583,cancelled
1482,499,9,2026-01-19 12:50:33.938257,completed
1483,2824,5,2026-04-02 22:57:43.429996,completed
1484,4609,6,2026-02-06 22:56:29.498871,completed
1485,1348,8,2026-03-14 07:49:48.635278,completed
1486,3698,3,2026-02-21 19:54:30.901059,completed
1487,279,8,2026-04-02 11:44:10.511049,pending
1488,4688,2,2026-03-15 11:25:14.127788,cancelled
1489,501,10,2026-03-11 23:03:38.930507,pending
1490,3532,4,2026-01-12 11:01:42.955244,pending
1491,3193,2,2026-01-09 10:16:55.845490,pending
1492,3795,2,2026-03-27 04:34:26.928374,cancelled
1493,4954,7,2026-02-23 01:13:19.973979,cancelled
1494,1463,4,2026-01-29 15:08:03.538568,cancelled
1495,2524,7,2026-04-02 08:33:46.909586,completed
1496,4008,2,2026-01-22 09:36:18.697714,completed
1497,131,3,2026-02-09 13:36:07.444977,completed
1498,4597,7,2026-02-12 14:59:35.993694,pending
1499,709,6,2026-04-05 13:42:34.317811,cancelled
1500,674,4,2026-01-29 06:19:38.824074,completed
1501,3404,7,2026-03-17 22:43:02.376878,completed
1502,3243,2,2026-02-05 09:06:02.972932,pending
1503,4007,5,2026-01-21 09:56:01.124158,cancelled
1504,953,10,2026-04-04 01:29:41.611272,pending
1505,938,5,2026-02-12 09:03:35.085257,pending
1506,2149,10,2026-02-04 10:27:50.681969,completed
1507,27,3,2026-02-09 11:52:20.297740,pending
1508,3982,4,2026-01-26 17:52:01.963208,completed
1509,3930,6,2026-04-05 20:07:13.626497,cancelled
1510,1743,2,2026-01-16 07:01:48.745669,pending
1511,4233,10,2026-01-08 09:25:38.463615,cancelled
1512,957,3,2026-03-23 18:16:11.625872,pending
1513,4317,4,2026-02-06 22:24:10.464645,cancelled
1514,2652,10,2026-02-10 15:57:17.950086,completed
1515,2566,8,2026-04-06 09:20:35.428867,completed
1516,3191,1,2026-02-27 11:57:37.080501,cancelled
1517,4963,1,2026-01-11 16:44:04.504209,cancelled
1518,1043,10,2026-03-30 16:57:20.968361,pending
1519,3977,8,2026-02-14 06:04:55.721737,pending
1520,3749,1,2026-02-12 16:45:45.239401,cancelled
1521,2634,4,2026-02-26 00:38:39.506665,cancelled
1522,1068,5,2026-03-14 20:32:29.980270,cancelled
1523,392,3,2026-04-06 08:03:25.370662,cancelled
1524,3540,9,2026-02-16 07:56:29.645330,pending
1525,4837,8,2026-02-04 10:36:22.243424,completed
1526,410,6,2026-01-03 02:00:26.314079,cancelled
1527,2900,4,2026-04-03 22:42:17.549107,completed
1528,4447,4,2026-01-02 02:20:19.962765,pending
1529,1093,3,2026-02-08 16:31:07.080471,cancelled
1530,4147,6,2026-02-11 03:48:00.880883,completed
1531,2531,8,2026-04-06 20:03:30.058746,pending
1532,1456,1,2026-03-11 07:35:14.327351,pending
1533,3875,10,2026-01-05 08:41:54.981974,pending
1534,675,4,2026-01-30 04:27:30.328464,cancelled
1535,3485,9,2026-02-26 07:51:42.201269,cancelled
1536,414,7,2026-01-11 19:52:57.531800,cancelled
1537,4786,9,2026-03-13 15:38:57.554428,cancelled
1538,1998,8,2026-01-12 13:01:48.758345,completed
1539,3069,4,2026-01-01 05:18:18.323688,completed
1540,3272,5,2026-03-19 14:20:17.745011,cancelled
1541,2038,1,2026-02-01 02:31:06.752136,completed
1542,4295,1,2026-02-12 09:36:21.227961,pending
1543,381,5,2026-02-05 08:21:17.965128,pending
1544,941,1,2026-02-17 00:11:26.592087,pending
1545,112,8,2026-02-25 15:41:08.172213,completed
1546,4150,5,2026-03-22 06:27:24.694054,completed
1547,3113,9,2026-03-13 05:35:48.031989,completed
1548,3133,1,2026-02-25 15:16:01.948668,pending
1549,2494,3,2026-01-16 06:24:42.277584,pending
1550,4597,4,2026-03-08 15:58:59.196569,pending
1551,259,10,2026-03-14 15:16:30.167538,completed
1552,852,7,2026-03-09 10:10:28.219318,completed
1553,4234,6,2026-01-17 18:32:37.545141,cancelled
1554,4852,2,2026-02-14 04:34:33.259083,pending
1555,4567,8,2026-03-31 06:23:02.707280,cancelled
1556,651,5,2026-02-02 03:17:04.260042,cancelled
1557,2297,10,2026-01-03 07:12:17.623466,completed
1558,3076,7,2026-03-11 03:52:51.221678,pending
1559,3668,2,2026-03-05 06:37:05.697732,pending
1560,980,2,2026-04-06 03:19:00.104925,pending
1561,1225,1,2026-03-05 11:01:16.288088,completed
1562,3063,2,2026-02-16 08:25:48.576862,completed
1563,1410,1,2026-01-20 17:35:25.542345,pending
1564,3794,2,2026-04-06 22:36:18.305354,completed
1565,2684,5,2026-02-14 17:05:37.708288,cancelled
1566,357,3,2026-02-02 15:01:20.337000,completed
1567,2336,3,2026-03-28 23:39:29.768746,completed
1568,2042,3,2026-01-28 09:51:40.868744,completed
1569,999,2,2026-03-01 03:04:13.607421,completed
1570,2666,7,2026-02-05 20:48:22.813402,pending
1571,984,6,2026-03-04 03:41:05.243838,completed
1572,4339,2,2026-02-28 00:57:54.432519,completed
1573,626,4,2026-03-15 19:16:59.640966,pending
1574,3425,7,2026-01-28 18:46:19.714192,completed
1575,3212,10,2026-01-20 07:20:33.048434,pending
1576,3626,9,2026-01-12 06:41:54.909965,completed
1577,2186,2,2026-03-25 13:44:12.538420,completed
1578,2542,7,2026-04-02 06:51:21.095635,pending
1579,1253,4,2026-03-19 04:21:58.313177,completed
1580,1655,4,2026-02-05 03:52:42.319258,completed
1581,2641,6,2026-01-14 13:34:29.120510,completed
1582,258,5,2026-02-11 05:45:12.730589,cancelled
1583,3263,2,2026-02-14 03:18:49.697232,pending
1584,2693,7,2026-02-21 07:03:27.958621,completed
1585,1115,2,2026-03-31 02:50:19.368113,pending
1586,559,4,2026-02-07 15:04:29.092484,pending
1587,1571,6,2026-04-05 22:27:24.365077,completed
1588,1592,10,2026-02-04 18:24:47.563676,pending
1589,2307,2,2026-02-07 21:28:21.312137,pending
1590,350,8,2026-01-06 05:48:29.130883,completed
1591,2504,3,2026-03-03 02:45:40.846774,pending
1592,1468,1,2026-01-23 17:26:34.046283,completed
1593,4312,8,2026-01-06 00:50:10.564135,completed
1594,866,4,2026-03-30 04:24:49.394838,cancelled
1595,3233,4,2026-02-03 00:17:47.692910,completed
1596,1169,2,2026-02-16 15:42:51.129863,pending
1597,4196,5,2026-03-12 21:11:00.361189,cancelled
1598,4447,5,2026-01-01 07:11:53.307922,completed
1599,4933,4,2026-02-11 09:42:10.413296,pending
1600,3564,10,2026-01-14 04:51:56.778398,completed
1601,287,2,2026-02-20 00:50:02.870848,pending
1602,730,6,2026-03-01 16:36:44.656865,cancelled
1603,4530,7,2026-02-06 05:30:35.509616,pending
1604,4357,10,2026-02-21 22:38:04.352053,pending
1605,1176,7,2026-02-07 19:16:01.602894,completed
1606,2011,8,2026-03-30 00:36:25.373697,pending
1607,470,9,2026-03-16 12:44:52.575248,pending
1608,1526,10,2026-03-10 11:39:12.251796,completed
1609,592,3,2026-01-20 07:16:30.373096,pending
1610,2299,9,2026-03-03 19:04:18.984165,cancelled
1611,2931,5,2026-02-22 14:14:04.101776,cancelled
1612,927,6,2026-01-13 18:02:16.807761,pending
1613,1947,9,2026-03-07 00:06:01.537252,cancelled
1614,4659,6,2026-01-28 07:32:25.183792,completed
1615,327,10,2026-02-18 05:50:59.342427,pending
1616,540,3,2026-02-16 22:31:29.922677,cancelled
1617,1590,9,2026-02-25 01:22:23.473057,completed
1618,1395,8,2026-03-12 07:13:14.125750,cancelled
1619,1336,5,2026-03-04 20:02:20.012899,completed
1620,4464,8,2026-01-06 02:32:15.618140,cancelled
1621,4451,8,2026-03-11 05:09:34.246168,cancelled
1622,3827,9,2026-02-22 15:28:19.349070,pending
1623,4352,3,2026-02-21 05:15:35.208303,completed
1624,298,6,2026-02-10 10:22:16.752702,cancelled
1625,1805,6,2026-01-31 19:22:51.753087,pending
1626,590,9,2026-03-29 19:41:00.564887,pending
1627,2096,6,2026-03-07 23:06:58.495891,completed
1628,3403,3,2026-02-19 03:51:19.124566,pending
1629,820,5,2026-01-21 14:19:44.433953,completed
1630,1093,1,2026-04-02 05:47:14.121902,pending
1631,3514,8,2026-02-07 04:28:18.058862,completed
1632,583,9,2026-03-03 00:47:13.296177,cancelled
1633,3363,8,2026-04-05 12:44:41.137036,completed
1634,4043,8,2026-03-05 04:24:49.071661,pending
1635,278,7,2026-02-09 10:16:28.350908,completed
1636,2508,5,2026-01-09 16:00:33.583169,completed
1637,3433,2,2026-01-17 10:46:21.539771,cancelled
1638,1767,3,2026-02-20 04:03:03.966274,completed
1639,2336,6,2026-01-22 23:35:27.129414,cancelled
1640,530,2,2026-02-08 08:17:56.103495,cancelled
1641,1293,4,2026-01-16 17:05:14.057405,pending
1642,4972,4,2026-01-26 14:49:22.774489,completed
1643,232,10,2026-01-20 02:02:29.430460,pending
1644,1277,9,2026-02-26 16:04:39.912044,cancelled
1645,3358,8,2026-03-11 18:44:23.421325,completed
1646,1489,9,2026-01-28 02:29:16.932380,cancelled
1647,2772,6,2026-03-05 10:42:43.589722,completed
1648,4025,8,2026-01-05 05:41:11.353048,completed
1649,3511,7,2026-01-16 10:47:07.087516,cancelled
1650,3508,2,2026-01-01 03:08:54.623184,cancelled
1651,1902,1,2026-02-04 10:24:57.387136,pending
1652,3853,4,2026-02-28 21:36:09.954394,cancelled
1653,1536,9,2026-01-13 10:30:23.191739,pending
1654,4206,5,2026-02-01 08:33:42.301910,pending
1655,245,1,2026-02-14 17:26:35.716272,cancelled
1656,2029,6,2026-01-06 23:56:13.333944,completed
1657,2582,6,2026-02-02 05:35:48.332413,completed
1658,1366,5,2026-01-29 17:31:52.648662,pending
1659,2632,8,2026-04-02 13:16:52.540842,completed
1660,3472,2,2026-03-06 00:41:45.500679,completed
1661,4347,2,2026-02-12 22:21:58.413939,cancelled
1662,2847,10,2026-02-05 04:50:48.032003,cancelled
1663,4618,1,2026-03-01 11:59:57.906746,pending
1664,4128,5,2026-03-26 09:49:12.395646,cancelled
1665,386,7,2026-03-23 13:45:53.685552,pending
1666,2580,3,2026-03-19 12:33:08.662914,cancelled
1667,1750,8,2026-02-08 01:57:23.352208,cancelled
1668,2102,6,2026-03-18 16:05:43.251876,cancelled
1669,1502,6,2026-01-01 19:08:15.891683,completed
1670,1051,8,2026-03-28 15:23:59.588132,cancelled
1671,979,9,2026-01-12 10:51:12.607798,completed
1672,583,8,2026-01-23 03:42:17.713252,completed
1673,2368,10,2026-01-31 20:15:04.760383,pending
1674,2195,8,2026-01-01 02:24:34.265167,completed
1675,3078,8,2026-02-09 08:03:45.213136,cancelled
1676,3764,3,2026-02-06 16:03:30.851115,pending
1677,2173,1,2026-01-05 13:10:37.696121,cancelled
1678,1417,5,2026-02-02 12:28:13.554136,pending
1679,4069,5,2026-01-27 00:35:07.817520,completed
1680,2342,7,2026-03-30 08:16:11.860389,cancelled
1681,2386,4,2026-01-15 16:16:54.725321,pending
1682,154,6,2026-02-05 01:03:38.330712,completed
1683,3270,4,2026-03-12 06:37:12.714662,cancelled
1684,1879,8,2026-03-24 06:07:27.018949,pending
1685,2831,1,2026-03-19 06:55:58.267678,completed
1686,1076,7,2026-02-11 01:38:55.024608,completed
1687,2178,2,2026-02-25 03:54:12.159472,pending
1688,192,3,2026-04-05 18:04:30.796550,pending
1689,1711,9,2026-01-02 06:11:21.673129,pending
1690,3551,5,2026-04-07 03:36:43.652842,cancelled
1691,3100,2,2026-02-24 17:01:05.631267,cancelled
1692,2936,10,2026-02-02 11:02:05.926039,completed
1693,3005,7,2026-01-23 17:39:03.231456,pending
1694,4791,6,2026-01-31 20:47:29.812322,pending
1695,2685,5,2026-02-09 03:47:20.190714,completed
1696,2125,2,2026-01-07 20:08:06.271499,cancelled
1697,2007,9,2026-02-05 18:11:15.505874,completed
1698,960,8,2026-02-22 06:07:29.500334,pending
1699,470,2,2026-02-06 10:43:25.574079,cancelled
1700,4663,1,2026-03-03 03:16:41.821919,completed
1701,2639,3,2026-02-09 23:02:50.508882,cancelled
1702,82,1,2026-01-29 13:02:59.986924,pending
1703,3352,6,2026-03-15 11:22:27.856131,completed
1704,270,9,2026-01-08 16:09:00.302176,cancelled
1705,3210,8,2026-03-07 00:48:46.389374,completed
1706,4572,5,2026-02-28 23:04:42.823373,completed
1707,3980,1,2026-03-11 19:31:01.325923,completed
1708,4715,10,2026-02-15 01:02:12.166567,completed
1709,1461,6,2026-03-29 00:33:56.100442,cancelled
1710,180,1,2026-02-05 10:13:36.472092,pending
1711,4448,10,2026-03-08 19:04:04.697184,completed
1712,391,8,2026-04-03 23:11:25.147230,completed
1713,3572,5,2026-03-08 01:51:03.378467,completed
1714,2505,4,2026-03-02 05:08:03.436083,cancelled
1715,1817,5,2026-01-04 14:01:54.175337,completed
1716,1221,8,2026-01-03 00:25:44.323618,cancelled
1717,3715,6,2026-02-18 06:18:10.327398,pending
1718,2650,2,2026-03-10 22:54:58.015875,pending
1719,18,4,2026-01-14 04:40:31.310070,cancelled
1720,3686,9,2026-04-05 06:22:24.458071,completed
1721,2111,8,2026-01-16 14:46:20.099305,pending
1722,4910,5,2026-03-17 22:51:31.642082,pending
1723,80,9,2026-02-02 08:24:59.420024,cancelled
1724,2321,5,2026-01-12 15:02:54.823757,completed
1725,58,10,2026-03-30 10:21:23.687074,pending
1726,4741,4,2026-03-01 15:00:56.762579,pending
1727,4716,4,2026-02-16 17:32:55.472598,pending
1728,696,5,2026-02-05 11:52:12.827801,pending
1729,3763,1,2026-03-24 00:13:35.678293,cancelled
1730,3365,2,2026-03-20 00:37:56.617399,completed
1731,1193,4,2026-03-17 23:04:37.591669,cancelled
1732,3615,2,2026-02-28 00:09:03.202447,cancelled
1733,3900,5,2026-04-06 20:01:47.314406,cancelled
1734,4996,10,2026-04-06 12:14:26.456969,completed
1735,3579,3,2026-04-04 13:58:35.814907,pending
1736,2060,1,2026-03-04 20:01:44.024305,pending
1737,821,3,2026-02-16 01:38:18.575288,pending
1738,636,7,2026-01-31 12:34:05.529420,completed
1739,3202,4,2026-01-17 03:01:55.594190,completed
1740,1179,1,2026-03-15 12:28:07.590771,completed
1741,1081,4,2026-01-25 13:01:38.059105,pending
1742,2507,4,2026-03-03 08:05:57.000867,completed
1743,1858,7,2026-02-10 03:14:13.301528,completed
1744,2515,8,2026-01-17 01:35:30.627698,completed
1745,1690,5,2026-03-19 00:00:58.016514,pending
1746,654,7,2026-02-28 01:17:43.184312,completed
1747,1694,6,2026-02-02 14:39:18.793922,pending
1748,1627,4,2026-02-25 00:43:28.799926,cancelled
1749,3483,1,2026-03-19 13:57:23.737255,pending
1750,1116,7,2026-01-05 09:50:37.724896,pending
1751,934,8,2026-04-03 06:37:57.867687,pending
1752,4664,5,2026-02-10 02:30:18.222855,cancelled
1753,822,10,2026-04-06 11:25:01.978859,pending
1754,1003,9,2026-02-12 09:12:10.105642,pending
1755,1499,2,2026-01-18 11:09:03.878570,pending
1756,4679,6,2026-03-01 15:48:45.453883,pending
1757,3316,2,2026-03-01 20:47:41.500556,pending
1758,4885,1,2026-02-19 08:34:24.715302,cancelled
1759,1445,2,2026-03-20 11:32:04.220575,completed
1760,2633,4,2026-03-16 20:37:26.110921,completed
1761,2241,5,2026-02-12 22:01:10.161363,completed
1762,2005,6,2026-01-22 12:44:38.996739,completed
1763,4078,8,2026-02-04 13:38:31.014769,cancelled
1764,4315,5,2026-03-28 01:06:03.881522,cancelled
1765,3894,5,2026-02-18 01:36:30.642016,cancelled
1766,533,3,2026-01-04 01:40:17.897613,completed
1767,2178,7,2026-02-09 21:48:38.929306,cancelled
1768,3038,10,2026-02-19 14:45:08.683425,completed
1769,2321,4,2026-01-20 05:29:06.724047,completed
1770,1596,7,2026-01-10 00:26:02.152737,cancelled
1771,719,10,2026-03-22 13:29:44.617581,cancelled
1772,1604,5,2026-03-28 18:36:54.194315,pending
1773,289,4,2026-02-15 16:56:21.459952,cancelled
1774,1115,3,2026-04-03 23:04:27.940462,cancelled
1775,4262,6,2026-01-22 19:13:48.733803,completed
1776,2197,2,2026-03-20 14:50:23.546324,completed
1777,4706,5,2026-01-10 05:10:22.401248,completed
1778,1236,7,2026-03-22 05:49:01.690338,pending
1779,3618,9,2026-01-13 19:05:18.939447,cancelled
1780,4094,5,2026-03-20 12:02:09.692042,pending
1781,781,8,2026-02-10 13:36:18.568478,cancelled
1782,1088,9,2026-03-24 21:08:05.654583,cancelled
1783,2864,10,2026-03-29 21:04:07.477256,cancelled
1784,4223,1,2026-02-23 19:56:42.769076,pending
1785,3334,5,2026-01-17 13:38:55.916433,completed
1786,4606,9,2026-02-01 11:28:46.009537,cancelled
1787,3764,3,2026-03-15 21:25:05.930289,cancelled
1788,2904,5,2026-02-10 20:34:52.869926,cancelled
1789,4559,5,2026-01-02 16:58:15.988279,completed
1790,1699,10,2026-01-30 19:39:37.743415,cancelled
1791,2040,6,2026-02-11 18:33:47.361368,cancelled
1792,2362,6,2026-03-26 14:39:00.579837,pending
1793,388,1,2026-03-19 19:20:07.736394,cancelled
1794,4536,5,2026-03-05 21:10:15.894407,cancelled
1795,909,8,2026-01-08 02:46:42.073748,pending
1796,2987,4,2026-01-08 01:40:52.089549,cancelled
1797,651,8,2026-04-07 15:36:16.193881,pending
1798,1150,1,2026-02-19 19:25:30.085208,pending
1799,2079,1,2026-03-13 12:42:56.218803,completed
1800,2590,2,2026-03-17 02:29:24.105456,pending
1801,1930,7,2026-03-24 16:21:29.315376,pending
1802,1054,9,2026-03-12 10:52:12.503771,cancelled
1803,793,1,2026-01-25 20:04:26.232644,cancelled
1804,2980,9,2026-02-09 00:41:34.875165,cancelled
1805,418,4,2026-02-06 09:14:33.747446,cancelled
1806,3620,1,2026-03-11 21:27:32.888644,cancelled
1807,3419,8,2026-01-21 06:25:38.088854,completed
1808,4440,5,2026-01-06 05:30:56.577056,pending
1809,3803,10,2026-03-09 22:16:48.095610,pending
1810,3224,8,2026-02-07 02:09:03.906745,completed
1811,2508,1,2026-03-11 18:38:05.469876,pending
1812,1291,1,2026-03-19 00:29:51.592877,completed
1813,4554,6,2026-01-02 20:19:04.645834,completed
1814,867,4,2026-01-26 17:27:35.659064,completed
1815,1626,6,2026-03-10 14:25:14.515897,cancelled
1816,3736,1,2026-03-05 20:29:19.973874,cancelled
1817,1542,5,2026-01-23 00:15:58.404391,pending
1818,4027,8,2026-02-07 04:39:58.865154,pending
1819,4430,6,2026-03-10 22:32:22.258133,pending
1820,2551,7,2026-01-18 23:11:45.366088,completed
1821,3376,5,2026-01-06 23:35:08.326970,completed
1822,4484,6,2026-02-09 08:05:34.225770,completed
1823,3792,8,2026-04-06 12:57:55.544380,pending
1824,889,7,2026-01-20 03:00:14.569217,completed
1825,357,7,2026-01-06 07:16:59.869235,completed
1826,3248,3,2026-02-28 19:20:36.511633,cancelled
1827,3961,6,2026-03-14 11:18:30.194746,completed
1828,569,4,2026-01-16 06:05:24.668965,completed
1829,262,4,2026-04-02 17:33:31.121530,completed
1830,1168,1,2026-03-10 13:11:22.720668,pending
1831,3349,7,2026-03-07 06:51:41.527238,completed
1832,4076,10,2026-03-25 16:00:23.293660,completed
1833,4308,6,2026-02-17 15:35:53.164469,pending
1834,2641,6,2026-02-27 21:48:42.679651,completed
1835,692,6,2026-03-02 11:01:01.418605,cancelled
1836,4319,1,2026-02-21 08:17:17.195794,completed
1837,3499,2,2026-02-17 04:14:25.807872,completed
1838,4281,2,2026-02-04 11:43:06.307931,pending
1839,569,8,2026-03-16 18:31:37.816228,pending
1840,2882,6,2026-03-05 12:36:51.998359,completed
1841,2353,8,2026-03-19 11:33:48.708658,completed
1842,866,10,2026-01-14 12:38:12.289162,pending
1843,3497,4,2026-01-29 19:40:41.904768,completed
1844,2830,8,2026-03-17 02:24:52.207636,cancelled
1845,1659,9,2026-02-03 17:15:34.866858,completed
1846,3719,7,2026-03-09 08:11:51.840506,cancelled
1847,2347,7,2026-03-24 01:10:54.889656,cancelled
1848,3421,6,2026-02-19 05:54:21.110701,completed
1849,3921,7,2026-02-20 21:08:34.466086,cancelled
1850,2196,5,2026-02-15 23:53:23.955919,completed
1851,4318,9,2026-03-12 14:56:20.176133,pending
1852,203,7,2026-02-22 03:12:29.560021,cancelled
1853,3962,7,2026-01-03 03:29:30.791145,pending
1854,1062,2,2026-02-27 17:26:31.202437,cancelled
1855,1304,8,2026-04-03 09:06:57.543158,completed
1856,503,8,2026-02-15 13:52:16.149008,cancelled
1857,3701,3,2026-01-06 00:05:19.259315,completed
1858,4027,8,2026-03-25 14:48:03.354727,completed
1859,3311,5,2026-01-05 20:46:15.254943,cancelled
1860,1988,2,2026-02-04 23:12:13.625906,completed
1861,1164,1,2026-02-13 23:39:47.405641,cancelled
1862,2167,2,2026-03-11 10:03:25.554894,cancelled
1863,2383,10,2026-02-28 07:32:14.406830,completed
1864,2412,10,2026-03-29 14:48:02.860005,cancelled
1865,1583,5,2026-01-05 21:06:27.462837,cancelled
1866,3690,4,2026-01-21 12:33:26.706997,cancelled
1867,3106,1,2026-04-04 08:39:52.455665,pending
1868,4715,9,2026-02-15 03:28:40.776521,completed
1869,4586,6,2026-02-22 13:08:08.786044,pending
1870,3695,10,2026-03-27 22:59:18.969180,completed
1871,4664,10,2026-01-02 21:52:01.069100,pending
1872,4045,6,2026-03-02 19:49:20.566115,cancelled
1873,3551,2,2026-04-01 23:10:10.603678,cancelled
1874,1357,7,2026-02-24 17:04:14.730916,pending
1875,3170,9,2026-03-14 22:49:31.263089,completed
1876,1304,8,2026-01-07 02:05:38.156931,cancelled
1877,4111,6,2026-01-04 04:48:10.593302,completed
1878,3472,3,2026-01-31 23:29:10.351776,cancelled
1879,4938,3,2026-02-20 22:10:35.168933,completed
1880,1969,9,2026-01-22 04:00:20.813815,cancelled
1881,1717,2,2026-01-30 05:08:55.817634,pending
1882,3154,5,2026-01-01 03:30:00.044106,pending
1883,2578,3,2026-02-04 09:11:40.476664,pending
1884,1848,1,2026-03-02 17:31:56.454363,cancelled
1885,178,2,2026-02-21 17:10:28.212043,pending
1886,4803,2,2026-03-18 20:40:25.350036,pending
1887,1520,5,2026-03-25 20:58:26.467258,cancelled
1888,1601,5,2026-01-09 07:39:38.313275,pending
1889,2635,6,2026-02-14 20:25:31.169896,pending
1890,3531,4,2026-01-22 21:22:41.270890,cancelled
1891,53,10,2026-04-04 00:12:05.737368,cancelled
1892,3788,9,2026-03-08 11:11:27.588219,pending
1893,3508,3,2026-02-24 06:13:10.655679,pending
1894,3850,5,2026-01-05 13:04:47.802032,cancelled
1895,2493,10,2026-03-03 20:57:48.386843,completed
1896,4089,4,2026-03-23 18:54:12.868168,pending
1897,4100,9,2026-01-31 11:53:15.988432,cancelled
1898,1070,1,2026-01-06 05:41:17.832011,completed
1899,3783,3,2026-01-15 10:14:18.919240,completed
1900,3316,9,2026-01-10 04:02:10.405405,completed
1901,966,6,2026-01-17 01:32:39.670839,cancelled
1902,2421,6,2026-01-12 04:52:35.565596,completed
1903,1093,5,2026-02-26 06:43:00.917220,completed
1904,4071,4,2026-03-05 06:27:18.628040,cancelled
1905,338,7,2026-01-10 05:23:02.293346,cancelled
1906,1720,10,2026-01-10 23:01:57.047614,completed
1907,2557,10,2026-04-05 10:50:15.485852,cancelled
1908,3372,8,2026-04-04 05:12:15.093142,completed
1909,3443,3,2026-02-24 15:18:13.126711,completed
1910,263,2,2026-02-22 12:21:36.117801,cancelled
1911,1525,1,2026-01-20 04:34:49.477024,cancelled
1912,2196,1,2026-01-22 16:07:36.064673,cancelled
1913,4853,5,2026-01-24 16:29:45.672113,completed
1914,2377,7,2026-01-10 19:08:12.909115,completed
1915,746,6,2026-03-30 07:04:32.649413,completed
1916,1982,8,2026-01-30 00:36:18.691892,pending
1917,1007,8,2026-03-03 02:26:02.552824,completed
1918,4541,5,2026-03-24 10:28:22.167637,pending
1919,3041,10,2026-03-08 11:12:59.164699,completed
1920,3812,10,2026-01-09 06:17:22.608762,completed
1921,3060,8,2026-04-07 07:26:25.778093,completed
1922,4548,1,2026-01-05 20:23:47.179483,pending
1923,4465,9,2026-03-26 03:08:19.152536,cancelled
1924,2294,9,2026-01-07 14:16:00.784785,pending
1925,3549,6,2026-01-19 01:59:52.263712,completed
1926,2804,3,2026-03-13 09:35:41.175718,cancelled
1927,794,8,2026-01-22 10:02:16.895360,pending
1928,1667,2,2026-01-16 15:41:54.989882,completed
1929,4053,4,2026-03-14 05:21:40.183215,cancelled
1930,4279,3,2026-02-04 13:59:46.944968,completed
1931,2874,2,2026-03-10 09:40:45.549872,cancelled
1932,640,1,2026-01-05 21:55:18.939377,pending
1933,2897,1,2026-04-01 21:15:11.814107,completed
1934,3912,2,2026-02-11 23:40:18.744287,cancelled
1935,2589,9,2026-01-03 20:43:09.538171,pending
1936,4246,2,2026-02-21 03:06:48.772513,cancelled
1937,2748,3,2026-03-07 10:05:31.994617,cancelled
1938,956,9,2026-01-01 18:55:42.839319,pending
1939,4526,4,2026-03-31 20:50:26.068666,cancelled
1940,2,3,2026-01-01 00:34:02.433821,completed
1941,4824,6,2026-03-10 20:21:17.127728,pending
1942,847,7,2026-01-02 12:38:10.612645,pending
1943,3105,5,2026-03-01 12:57:15.986571,completed
1944,4747,8,2026-03-02 00:34:43.512544,completed
1945,2549,10,2026-03-01 10:53:53.282443,completed
1946,3637,3,2026-02-21 21:43:19.267194,completed
1947,1130,1,2026-01-04 04:18:59.773650,pending
1948,3920,4,2026-02-22 10:48:46.329464,completed
1949,1873,10,2026-02-21 21:17:03.727067,pending
1950,1148,2,2026-04-04 03:00:13.442013,pending
1951,2787,1,2026-03-03 06:54:35.279020,completed
1952,4847,1,2026-03-27 19:15:55.794494,completed
1953,4077,1,2026-04-04 02:49:18.156916,pending
1954,3845,9,2026-01-25 02:00:11.427042,pending
1955,609,4,2026-04-02 04:00:42.478710,pending
1956,3673,6,2026-01-19 12:05:19.590436,pending
1957,1709,10,2026-02-16 19:00:01.940861,completed
1958,4735,5,2026-02-15 13:36:17.779466,cancelled
1959,2792,7,2026-03-29 05:28:54.543823,pending
1960,2165,10,2026-02-02 18:42:58.057492,completed
1961,1789,7,2026-02-13 05:29:47.414536,cancelled
1962,1776,6,2026-03-04 21:19:53.525835,completed
1963,1840,10,2026-01-14 21:09:55.259596,cancelled
1964,707,3,2026-02-03 15:01:36.817632,cancelled
1965,680,9,2026-04-01 13:39:15.743442,cancelled
1966,1438,5,2026-03-03 05:49:45.027091,cancelled
1967,2872,7,2026-03-25 23:40:23.026227,completed
1968,1683,6,2026-03-25 15:19:52.473427,completed
1969,3014,10,2026-03-06 18:17:02.013154,completed
1970,3127,10,2026-02-22 21:13:48.481204,completed
1971,4781,4,2026-03-05 21:04:09.847847,cancelled
1972,755,6,2026-01-16 22:31:45.305143,pending
1973,1558,6,2026-03-20 03:00:30.885470,completed
1974,3303,3,2026-03-24 10:11:45.979334,pending
1975,811,2,2026-01-16 14:50:58.033190,completed
1976,880,10,2026-01-13 16:54:08.480138,pending
1977,4372,9,2026-02-26 12:32:46.592135,cancelled
1978,1038,4,2026-01-29 20:51:55.750126,completed
1979,3091,9,2026-02-21 04:49:09.305210,pending
1980,27,8,2026-03-19 14:49:58.544734,pending
1981,811,6,2026-01-29 04:52:06.174755,completed
1982,1845,10,2026-02-16 03:13:34.801947,completed
1983,3229,10,2026-02-23 16:23:54.309949,completed
1984,3843,6,2026-01-11 07:23:30.321488,cancelled
1985,1379,7,2026-03-29 19:16:43.281551,cancelled
1986,3755,10,2026-03-07 07:30:39.481596,completed
1987,1443,2,2026-03-08 05:11:23.123787,cancelled
1988,1869,6,2026-02-11 11:00:45.247468,cancelled
1989,1276,1,2026-03-12 09:21:14.413781,completed
1990,3507,6,2026-01-19 01:33:17.024666,cancelled
1991,2369,6,2026-01-26 12:42:29.589169,completed
1992,2444,4,2026-02-18 15:40:47.480789,completed
1993,1917,5,2026-01-12 13:29:24.293946,pending
1994,1102,6,2026-01-14 17:12:54.272688,cancelled
1995,1942,6,2026-03-01 00:24:33.954536,cancelled
1996,384,4,2026-03-10 05:53:38.298365,pending
1997,2896,6,2026-02-12 09:32:23.181143,pending
1998,3076,8,2026-01-10 07:21:10.082133,pending
1999,829,3,2026-03-10 18:43:06.647715,cancelled
2000,2050,4,2026-03-29 18:43:41.343063,cancelled
2001,884,4,2026-01-01 12:48:15.883199,cancelled
2002,1389,9,2026-01-31 16:16:30.806578,cancelled
2003,3627,4,2026-02-09 11:02:22.798856,pending
2004,4527,3,2026-03-01 17:01:08.418235,cancelled
2005,3174,9,2026-03-17 02:02:28.715423,completed
2006,4996,7,2026-01-29 20:36:47.445399,cancelled
2007,1483,10,2026-01-27 15:43:23.213186,completed
2008,1894,3,2026-03-28 23:59:19.291075,pending
2009,1603,2,2026-04-04 06:59:26.969016,cancelled
2010,4952,1,2026-04-03 19:38:29.889546,cancelled
2011,3354,10,2026-03-19 04:08:35.319749,cancelled
2012,4472,6,2026-01-04 03:02:12.026455,cancelled
2013,4932,1,2026-02-26 03:40:07.799395,completed
2014,2354,4,2026-01-07 07:38:36.375942,pending
2015,4046,1,2026-02-24 21:05:20.847019,cancelled
2016,3022,5,2026-03-16 20:36:19.021131,completed
2017,3150,5,2026-03-30 06:42:52.581380,cancelled
2018,2702,3,2026-01-10 07:27:42.088675,cancelled
2019,1163,7,2026-01-16 17:52:05.115736,completed
2020,1531,9,2026-03-10 03:58:48.394525,pending
2021,4144,10,2026-03-03 14:54:53.847625,completed
2022,4824,8,2026-03-23 21:09:37.535628,cancelled
2023,1662,7,2026-03-19 17:22:36.390046,cancelled
2024,2852,5,2026-01-01 12:41:12.839229,pending
2025,4099,9,2026-01-14 05:37:47.786943,pending
2026,547,10,2026-03-25 20:26:47.010457,cancelled
2027,322,2,2026-01-23 00:38:41.245677,cancelled
2028,4452,8,2026-02-08 13:21:17.072114,pending
2029,3603,7,2026-01-16 00:19:32.672638,cancelled
2030,1637,1,2026-03-28 04:56:25.714485,pending
2031,4861,5,2026-02-04 12:51:05.408683,completed
2032,4171,9,2026-03-12 23:05:16.077198,pending
2033,246,9,2026-01-19 20:15:12.196083,completed
2034,1526,2,2026-03-28 14:55:22.774351,pending
2035,421,7,2026-02-21 03:37:59.622499,completed
2036,4471,6,2026-02-05 17:33:37.228219,pending
2037,4502,9,2026-02-02 01:30:15.665863,pending
2038,3302,2,2026-01-27 05:04:24.659160,completed
2039,2399,2,2026-02-16 10:40:01.771389,completed
2040,1827,5,2026-02-01 02:24:20.548403,pending
2041,2864,6,2026-04-02 22:58:47.759077,cancelled
2042,3692,9,2026-03-12 02:21:58.053229,completed
2043,2633,7,2026-01-07 20:13:46.935112,pending
2044,4289,7,2026-03-29 17:02:00.408815,pending
2045,1086,1,2026-01-17 11:50:46.949054,pending
2046,2190,3,2026-01-15 13:32:53.029355,pending
2047,1993,7,2026-01-21 00:45:53.327460,cancelled
2048,2544,8,2026-02-23 00:48:36.386161,pending
2049,3195,1,2026-04-01 06:12:37.803307,pending
2050,1581,6,2026-03-18 19:49:55.149230,completed
2051,4255,9,2026-01-27 02:14:06.727305,completed
2052,4784,2,2026-03-13 14:36:21.242650,pending
2053,4606,6,2026-01-04 07:48:43.531523,completed
2054,3489,10,2026-01-28 17:48:19.773206,cancelled
2055,767,3,2026-01-10 01:18:26.095008,cancelled
2056,2052,10,2026-04-05 10:04:34.337490,completed
2057,2451,4,2026-04-02 00:12:34.793191,pending
2058,4207,1,2026-02-02 21:44:45.028039,cancelled
2059,1853,2,2026-02-03 00:50:22.907863,completed
2060,2183,2,2026-02-24 15:44:02.920568,completed
2061,2313,3,2026-02-20 07:46:56.033189,pending
2062,1721,3,2026-03-05 03:55:10.440274,cancelled
2063,3557,9,2026-02-09 14:58:30.563044,completed
2064,2969,10,2026-02-27 20:42:00.000950,cancelled
2065,98,1,2026-02-01 09:49:41.980203,completed
2066,2854,8,2026-01-15 12:04:58.442414,completed
2067,4968,3,2026-01-26 18:11:52.707457,pending
2068,2668,7,2026-02-27 14:26:15.830935,pending
2069,2073,7,2026-03-11 16:52:07.337988,cancelled
2070,1919,2,2026-01-26 20:17:31.799609,pending
2071,4133,4,2026-03-30 11:49:40.497204,completed
2072,4902,6,2026-03-18 14:37:08.890275,cancelled
2073,3240,5,2026-03-25 18:31:45.643320,cancelled
2074,4703,1,2026-03-26 04:34:28.329315,pending
2075,4473,2,2026-04-04 20:31:26.922731,cancelled
2076,2249,10,2026-01-24 18:31:25.526674,cancelled
2077,1266,4,2026-04-05 19:00:58.222393,completed
2078,4525,9,2026-02-11 19:17:35.518529,completed
2079,3256,10,2026-02-11 08:29:27.452081,completed
2080,3406,7,2026-01-02 03:35:24.301059,completed
2081,551,2,2026-04-02 13:48:36.889299,completed
2082,3745,8,2026-02-26 13:06:54.372043,completed
2083,3356,5,2026-04-05 10:58:35.568416,cancelled
2084,884,5,2026-02-09 04:28:58.560598,cancelled
2085,3953,2,2026-04-02 00:11:33.031244,completed
2086,4409,6,2026-01-01 22:38:03.607669,pending
2087,475,1,2026-04-04 21:25:02.186345,cancelled
2088,629,2,2026-03-11 10:24:15.485253,pending
2089,2593,10,2026-01-14 12:34:19.744647,completed
2090,1076,1,2026-03-14 12:36:38.167469,cancelled
2091,4159,2,2026-02-11 22:24:37.659156,cancelled
2092,2982,1,2026-03-14 21:54:07.538486,cancelled
2093,4018,1,2026-01-11 17:15:12.831795,pending
2094,3620,8,2026-03-27 03:34:51.078711,pending
2095,4875,6,2026-03-05 21:20:38.203570,cancelled
2096,4917,1,2026-02-15 17:42:05.583166,cancelled
2097,1229,1,2026-03-07 09:03:42.785835,completed
2098,3874,6,2026-02-27 03:08:59.659963,pending
2099,3627,9,2026-02-24 20:20:43.108124,cancelled
2100,3082,2,2026-03-31 03:42:28.772151,cancelled
2101,2667,7,2026-01-16 21:36:42.927236,pending
2102,644,1,2026-03-13 16:25:04.119765,cancelled
2103,4049,5,2026-03-27 06:32:55.599383,completed
2104,327,9,2026-03-06 22:48:26.564255,cancelled
2105,4126,7,2026-01-31 07:22:25.018448,pending
2106,4419,7,2026-03-13 07:35:24.500278,cancelled
2107,3145,8,2026-02-13 20:35:19.224737,completed
2108,4336,8,2026-03-16 20:50:10.437403,cancelled
2109,3255,9,2026-03-10 22:16:34.008469,completed
2110,620,4,2026-03-21 21:30:46.056273,completed
2111,940,8,2026-04-05 03:58:03.659294,completed
2112,3634,5,2026-01-07 08:20:11.791768,pending
2113,2264,1,2026-02-27 12:18:38.980032,cancelled
2114,2335,4,2026-03-18 18:15:44.404310,pending
2115,1610,4,2026-03-09 08:36:49.634539,completed
2116,2244,5,2026-02-09 08:53:10.026209,pending
2117,1909,4,2026-04-03 19:52:21.055731,completed
2118,2143,5,2026-01-16 18:33:14.932537,pending
2119,4391,5,2026-02-21 08:31:25.701978,pending
2120,607,4,2026-01-06 14:36:46.900774,pending
2121,4605,1,2026-01-07 22:37:46.121154,pending
2122,2437,10,2026-02-26 16:05:07.292923,completed
2123,134,8,2026-01-02 00:51:45.833068,cancelled
2124,1264,8,2026-01-24 07:04:16.213594,pending
2125,2674,7,2026-01-14 20:21:57.239850,pending
2126,4535,5,2026-03-07 21:26:48.016016,completed
2127,2279,8,2026-01-26 18:47:49.143587,completed
2128,3612,3,2026-01-15 03:54:18.278988,pending
2129,4833,9,2026-03-04 23:20:39.542726,completed
2130,4820,3,2026-02-05 10:55:53.907876,cancelled
2131,791,4,2026-03-10 13:11:59.509285,pending
2132,3686,1,2026-03-23 12:44:06.442834,pending
2133,4165,3,2026-04-04 03:02:21.048110,cancelled
2134,1815,2,2026-03-12 21:44:47.336281,pending
2135,36,10,2026-02-12 11:16:06.745942,cancelled
2136,2834,3,2026-01-17 06:18:25.917937,cancelled
2137,4664,2,2026-03-29 18:15:31.622114,cancelled
2138,2255,10,2026-01-12 23:35:51.403834,completed
2139,4867,2,2026-01-15 12:36:16.505545,pending
2140,2186,3,2026-02-15 10:31:50.586847,cancelled
2141,1663,8,2026-03-28 11:25:18.991256,cancelled
2142,777,10,2026-03-19 08:45:42.078538,cancelled
2143,2323,6,2026-03-17 15:07:00.038741,completed
2144,1518,1,2026-01-21 12:16:41.119501,pending
2145,1456,9,2026-02-25 16:25:20.627555,pending
2146,1904,10,2026-01-01 14:32:17.651270,pending
2147,1784,7,2026-02-04 15:49:24.393975,completed
2148,1469,8,2026-01-23 11:36:03.210479,pending
2149,3738,9,2026-02-03 20:20:59.499567,cancelled
2150,2022,2,2026-03-15 13:38:53.219375,cancelled
2151,2749,8,2026-02-11 10:09:24.859232,cancelled
2152,959,7,2026-02-27 12:55:37.209835,completed
2153,2107,10,2026-03-10 17:01:58.279051,pending
2154,3294,10,2026-03-05 19:56:23.540822,cancelled
2155,3534,5,2026-01-16 00:12:20.213343,pending
2156,402,7,2026-04-02 16:46:47.604773,cancelled
2157,4477,6,2026-02-27 08:41:39.980078,cancelled
2158,1412,2,2026-02-13 08:44:16.946568,completed
2159,4798,7,2026-02-24 21:30:32.979577,cancelled
2160,514,7,2026-03-08 00:19:09.500695,pending
2161,4506,8,2026-03-31 04:22:42.205875,pending
2162,3660,8,2026-02-12 17:07:31.436182,completed
2163,2592,8,2026-04-01 11:36:54.590292,completed
2164,3075,1,2026-04-02 01:56:05.639563,pending
2165,1935,6,2026-01-11 13:31:10.387274,completed
2166,3901,8,2026-01-11 13:39:31.359566,completed
2167,881,6,2026-01-21 23:07:03.938325,pending
2168,1909,7,2026-03-27 21:03:08.708750,cancelled
2169,4137,6,2026-03-01 10:00:19.108410,completed
2170,2329,7,2026-02-04 13:12:07.326808,cancelled
2171,4674,10,2026-02-16 02:13:07.335892,completed
2172,1347,9,2026-01-11 03:01:54.062887,cancelled
2173,3856,4,2026-03-05 14:06:50.454482,completed
2174,2022,5,2026-03-24 02:47:32.377953,pending
2175,2945,4,2026-03-05 23:05:15.413651,completed
2176,4900,4,2026-01-12 07:32:41.783789,completed
2177,2247,9,2026-02-02 05:04:46.282092,pending
2178,1644,10,2026-03-31 05:27:08.120546,pending
2179,55,10,2026-01-31 03:12:19.250998,completed
2180,1177,4,2026-03-15 06:39:48.173163,completed
2181,3795,8,2026-03-21 08:48:09.053357,pending
2182,2537,10,2026-02-08 13:34:10.865150,pending
2183,2355,1,2026-01-30 06:18:36.742668,pending
2184,3038,7,2026-02-01 22:24:06.695184,completed
2185,1474,6,2026-03-09 13:31:14.466810,completed
2186,1540,6,2026-02-17 06:49:49.118230,completed
2187,537,2,2026-03-12 11:44:29.649297,completed
2188,4072,6,2026-01-23 09:00:37.566883,completed
2189,1878,8,2026-03-26 19:12:39.570411,pending
2190,4033,7,2026-03-15 17:23:12.267473,pending
2191,4466,1,2026-01-17 11:47:50.624548,completed
2192,3014,4,2026-03-15 00:42:58.667339,completed
2193,1625,8,2026-01-25 05:29:27.221042,pending
2194,756,7,2026-03-12 16:00:46.848718,cancelled
2195,2237,5,2026-02-21 05:20:54.569909,cancelled
2196,4331,3,2026-03-02 10:36:00.538504,cancelled
2197,3450,10,2026-01-27 08:05:09.351454,completed
2198,1482,4,2026-04-01 17:54:38.126723,pending
2199,3896,9,2026-03-01 17:05:07.454435,cancelled
2200,3548,9,2026-03-24 21:30:02.076804,pending
2201,2084,2,2026-02-01 04:35:12.622270,completed
2202,2301,4,2026-01-31 15:45:10.828289,cancelled
2203,63,5,2026-02-05 10:49:21.512420,completed
2204,1918,1,2026-02-25 13:14:49.198813,pending
2205,646,3,2026-02-06 11:46:23.627121,cancelled
2206,1989,8,2026-03-23 21:15:14.364646,completed
2207,4225,10,2026-02-15 01:42:16.280896,cancelled
2208,3877,4,2026-01-28 14:31:16.033641,pending
2209,2680,10,2026-03-25 00:57:21.629805,completed
2210,2872,10,2026-03-06 04:49:48.285922,cancelled
2211,1137,9,2026-02-18 04:50:29.967829,pending
2212,379,3,2026-01-09 07:22:35.089730,pending
2213,3205,6,2026-02-03 12:57:12.007763,pending
2214,166,7,2026-02-03 23:49:02.583271,cancelled
2215,4502,1,2026-04-02 16:37:48.336391,completed
2216,2018,1,2026-01-01 01:06:40.118625,completed
2217,2677,8,2026-02-15 15:53:13.527581,completed
2218,1569,6,2026-01-25 13:58:38.828790,completed
2219,321,8,2026-01-15 12:10:26.122533,cancelled
2220,2474,10,2026-01-07 02:08:49.095171,cancelled
2221,2184,2,2026-03-21 06:11:34.663711,cancelled
2222,1379,1,2026-02-15 19:42:10.255273,cancelled
2223,1119,5,2026-03-10 23:42:13.078210,pending
2224,2995,2,2026-02-17 23:03:53.291024,cancelled
2225,3457,7,2026-02-15 17:01:25.436419,cancelled
2226,79,1,2026-03-30 04:36:43.365159,cancelled
2227,3982,7,2026-04-05 13:26:25.291983,cancelled
2228,1503,3,2026-02-19 23:30:55.245967,cancelled
2229,1036,9,2026-02-08 03:41:32.398829,cancelled
2230,3270,10,2026-01-27 14:08:10.862534,completed
2231,155,7,2026-03-13 09:10:19.406083,cancelled
2232,4736,6,2026-02-15 00:24:46.947639,completed
2233,4031,8,2026-02-14 21:45:20.185242,cancelled
2234,4064,1,2026-01-18 09:24:08.489700,cancelled
2235,911,2,2026-02-16 05:56:30.945458,completed
2236,3520,5,2026-04-03 23:37:00.037068,completed
2237,123,2,2026-03-18 17:50:47.613207,cancelled
2238,664,4,2026-01-09 14:50:24.732569,cancelled
2239,2774,3,2026-01-01 18:30:31.237102,completed
2240,299,10,2026-02-04 00:36:39.217813,cancelled
2241,3598,4,2026-03-20 23:47:33.389396,completed
2242,4348,7,2026-02-05 10:14:10.243804,completed
2243,3973,2,2026-01-07 13:13:01.600685,cancelled
2244,1149,1,2026-01-01 18:55:17.112783,cancelled
2245,4183,10,2026-04-02 09:23:20.155110,completed
2246,4485,9,2026-04-07 13:51:09.107018,completed
2247,3214,1,2026-02-10 14:09:47.089113,completed
2248,1858,6,2026-04-06 04:03:55.404015,completed
2249,2013,10,2026-04-01 02:24:10.590453,pending
2250,3094,5,2026-01-27 23:10:22.835742,pending
2251,3798,6,2026-03-29 11:42:00.171112,completed
2252,1903,4,2026-02-01 16:11:09.852624,cancelled
2253,2683,4,2026-02-05 16:17:38.328550,completed
2254,3920,6,2026-03-01 21:08:47.216505,cancelled
2255,2697,5,2026-03-30 18:49:17.597604,cancelled
2256,3809,7,2026-03-22 02:13:43.511675,pending
2257,736,5,2026-02-26 03:08:04.909465,pending
2258,1417,3,2026-01-01 07:30:14.790411,pending
2259,3817,6,2026-02-05 13:26:02.639597,completed
2260,659,7,2026-02-23 01:55:38.121392,completed
2261,1178,1,2026-01-17 23:11:20.752063,completed
2262,413,9,2026-03-08 09:56:52.691604,pending
2263,170,9,2026-02-12 22:48:09.743680,completed
2264,465,9,2026-03-18 21:06:00.268621,cancelled
2265,2647,9,2026-02-17 00:01:31.762202,cancelled
2266,1602,1,2026-02-20 06:13:17.328684,pending
2267,2466,8,2026-03-28 22:39:22.979367,pending
2268,1140,1,2026-03-10 13:26:27.424672,completed
2269,3957,6,2026-03-31 04:08:07.239840,cancelled
2270,4991,10,2026-03-29 21:14:13.564023,completed
2271,767,2,2026-04-02 01:59:43.198770,cancelled
2272,3769,9,2026-03-31 16:11:30.781943,cancelled
2273,3480,2,2026-03-21 05:57:39.828047,cancelled
2274,3762,2,2026-02-20 04:48:49.362620,pending
2275,4643,6,2026-03-20 23:30:32.755077,pending
2276,150,1,2026-01-07 13:08:30.933854,pending
2277,3552,10,2026-01-21 12:41:20.091785,cancelled
2278,2116,3,2026-04-07 01:35:53.928375,completed
2279,1058,3,2026-02-04 19:55:56.213710,completed
2280,1691,5,2026-02-28 08:44:10.365709,completed
2281,2227,3,2026-01-09 07:43:10.481260,cancelled
2282,605,6,2026-02-10 10:29:04.230006,pending
2283,128,1,2026-01-20 08:39:39.349815,pending
2284,2267,10,2026-03-14 21:27:31.772709,completed
2285,1076,8,2026-02-11 14:46:06.984904,cancelled
2286,312,10,2026-01-20 14:54:56.165836,pending
2287,4144,10,2026-01-30 22:41:54.008125,cancelled
2288,2787,2,2026-02-23 15:23:54.695071,cancelled
2289,476,2,2026-03-02 12:03:47.180740,completed
2290,4641,4,2026-02-02 10:23:13.917600,pending
2291,4163,3,2026-03-22 07:41:35.242945,cancelled
2292,4297,8,2026-03-12 01:07:10.082381,completed
2293,385,6,2026-02-09 02:54:48.619269,completed
2294,4143,7,2026-02-11 03:15:15.880587,cancelled
2295,1167,5,2026-03-09 17:57:17.999415,completed
2296,1735,1,2026-02-17 22:17:24.303436,pending
2297,1742,4,2026-02-22 16:25:45.672040,pending
2298,3679,5,2026-01-10 18:29:34.885410,pending
2299,68,1,2026-01-10 18:53:40.397402,completed
2300,4899,8,2026-02-27 21:34:09.377344,cancelled
2301,4881,6,2026-02-05 22:31:37.104509,cancelled
2302,2159,8,2026-03-23 09:03:08.409346,pending
2303,1462,7,2026-01-20 20:53:58.492050,completed
2304,1307,7,2026-01-01 11:08:02.447125,completed
2305,3694,9,2026-03-09 13:38:16.247901,pending
2306,4294,2,2026-04-06 01:58:58.659231,cancelled
2307,526,8,2026-03-31 15:04:21.122912,pending
2308,3236,4,2026-03-29 02:04:10.561112,completed
2309,4610,1,2026-04-05 13:17:28.169287,completed
2310,4255,10,2026-01-04 20:30:07.547490,cancelled
2311,1503,1,2026-03-31 03:15:19.542251,completed
2312,3331,9,2026-03-14 02:32:59.238490,cancelled
2313,449,6,2026-02-07 22:15:33.010942,cancelled
2314,2585,4,2026-01-15 15:33:35.248122,completed
2315,3523,8,2026-04-06 09:12:19.641444,pending
2316,4617,4,2026-03-24 21:35:12.348217,completed
2317,2562,10,2026-03-26 06:12:57.313316,cancelled
2318,4690,4,2026-01-12 12:14:55.772835,pending
2319,819,5,2026-03-22 18:54:27.676481,cancelled
2320,3892,6,2026-02-14 13:24:11.265506,cancelled
2321,4369,10,2026-01-11 02:39:58.202979,pending
2322,1688,6,2026-01-26 09:41:50.428117,completed
2323,3992,8,2026-01-31 23:57:27.398025,completed
2324,3318,5,2026-03-20 14:03:12.297321,completed
2325,1899,3,2026-01-14 20:15:45.382075,cancelled
2326,2578,9,2026-02-21 21:15:38.736589,cancelled
2327,3129,1,2026-02-28 22:48:14.615504,cancelled
2328,740,2,2026-01-04 21:11:58.539146,cancelled
2329,2176,3,2026-03-09 12:48:16.187515,completed
2330,2148,4,2026-01-23 16:16:02.484551,completed
2331,2551,5,2026-02-24 18:04:35.642360,pending
2332,3146,3,2026-03-12 23:57:02.676946,cancelled
2333,4075,8,2026-02-02 18:20:46.766050,completed
2334,94,2,2026-01-15 23:05:01.177897,pending
2335,267,5,2026-03-28 23:33:07.737197,completed
2336,103,5,2026-02-17 21:11:22.290406,pending
2337,2170,9,2026-03-15 19:19:46.160431,cancelled
2338,2993,8,2026-03-11 20:47:52.990814,completed
2339,4816,5,2026-02-22 14:00:15.322490,completed
2340,1622,7,2026-03-09 22:28:43.226552,pending
2341,3420,8,2026-03-31 05:26:26.295512,pending
2342,4033,1,2026-03-19 03:16:06.454461,completed
2343,3733,8,2026-02-17 21:05:18.822681,cancelled
2344,4981,4,2026-02-08 14:31:09.491382,completed
2345,4940,10,2026-03-16 21:56:05.808167,completed
2346,143,5,2026-01-23 22:48:49.264614,cancelled
2347,2709,2,2026-02-03 00:18:07.693997,cancelled
2348,4406,7,2026-03-22 03:35:34.156090,completed
2349,2712,5,2026-02-04 11:53:45.657063,cancelled
2350,1237,2,2026-01-23 20:57:30.994577,cancelled
2351,3074,3,2026-03-05 14:10:05.515094,completed
2352,391,4,2026-03-10 05:12:30.842583,pending
2353,3017,10,2026-01-25 04:11:19.196353,completed
2354,2581,7,2026-02-08 04:37:24.452904,pending
2355,4993,3,2026-01-28 14:27:26.750559,cancelled
2356,945,6,2026-03-16 16:32:03.902651,completed
2357,3812,3,2026-03-09 05:54:11.740925,cancelled
2358,4714,3,2026-03-23 10:11:11.495016,pending
2359,4657,9,2026-03-28 20:22:56.968488,completed
2360,3910,10,2026-02-12 02:36:38.318452,pending
2361,1854,9,2026-02-01 23:17:18.979913,cancelled
2362,2540,1,2026-03-02 16:12:39.747183,cancelled
2363,4924,10,2026-03-08 06:09:40.887929,completed
2364,4061,9,2026-03-03 05:31:18.237432,completed
2365,1786,5,2026-04-07 00:37:34.487005,completed
2366,4220,3,2026-01-29 00:59:37.515279,cancelled
2367,4631,9,2026-01-22 16:08:52.880981,completed
2368,4005,7,2026-01-01 07:55:19.947911,pending
2369,1741,7,2026-03-19 15:14:26.832892,completed
2370,333,5,2026-01-22 20:39:38.475006,pending
2371,2626,4,2026-02-09 05:55:18.648674,completed
2372,4042,1,2026-03-06 22:20:07.113743,cancelled
2373,1633,10,2026-01-10 01:12:54.021317,pending
2374,2782,4,2026-03-19 03:15:31.143416,pending
2375,4531,5,2026-04-07 03:52:47.062657,completed
2376,2963,6,2026-03-09 16:21:10.110642,cancelled
2377,1347,6,2026-01-12 20:28:03.200669,pending
2378,1126,5,2026-01-28 20:01:33.005904,pending
2379,1223,8,2026-03-21 05:24:45.865986,cancelled
2380,959,9,2026-02-04 02:41:22.932131,completed
2381,4883,10,2026-01-12 00:01:30.850886,completed
2382,4271,1,2026-01-28 12:38:03.210723,cancelled
2383,4997,2,2026-03-22 14:04:02.773327,cancelled
2384,3448,8,2026-03-05 08:28:32.507248,completed
2385,1031,5,2026-03-29 10:52:21.246009,pending
2386,2453,7,2026-02-04 04:21:24.858890,completed
2387,4747,6,2026-01-14 00:50:49.944205,completed
2388,3299,4,2026-01-07 12:31:06.394216,cancelled
2389,2920,1,2026-02-22 07:54:30.763046,cancelled
2390,681,7,2026-04-06 19:04:22.948004,cancelled
2391,1159,7,2026-03-03 15:48:04.214633,cancelled
2392,2344,2,2026-03-23 20:42:06.973543,completed
2393,117,3,2026-03-29 13:45:37.974737,completed
2394,2689,5,2026-03-27 03:09:28.440883,completed
2395,19,6,2026-01-20 20:41:49.138194,completed
2396,3922,9,2026-01-17 00:23:57.374938,pending
2397,3396,3,2026-03-22 04:44:10.355088,completed
2398,1368,2,2026-04-06 10:31:46.175719,completed
2399,3001,10,2026-02-03 00:09:27.772813,completed
2400,2973,6,2026-03-26 14:05:08.686831,cancelled
2401,3342,1,2026-01-02 03:04:48.411687,pending
2402,3439,8,2026-02-08 11:05:15.601248,pending
2403,3133,9,2026-02-27 02:17:44.687599,completed
2404,3154,4,2026-01-22 22:05:07.825781,completed
2405,1531,9,2026-02-28 15:20:16.309068,completed
2406,3887,8,2026-03-22 00:57:14.504719,cancelled
2407,3700,3,2026-02-27 00:00:59.799356,completed
2408,2503,9,2026-02-28 16:45:12.177204,cancelled
2409,739,6,2026-01-11 02:51:00.353894,cancelled
2410,1298,6,2026-03-21 15:31:55.512080,cancelled
2411,886,5,2026-02-11 10:00:22.645435,pending
2412,3889,10,2026-02-05 18:19:37.657272,pending
2413,3997,7,2026-02-10 05:07:11.259859,pending
2414,4430,1,2026-02-01 14:29:33.230707,pending
2415,751,9,2026-02-03 07:10:35.802657,pending
2416,2680,2,2026-02-04 14:17:21.921276,pending
2417,1324,8,2026-03-08 19:28:30.948643,completed
2418,1184,8,2026-01-27 17:59:17.632389,pending
2419,3982,8,2026-01-04 07:30:31.752923,pending
2420,1261,1,2026-01-25 03:01:06.245316,completed
2421,2859,6,2026-03-21 12:05:10.652968,cancelled
2422,416,2,2026-03-11 18:54:31.395147,completed
2423,3963,10,2026-03-03 21:31:33.814695,completed
2424,3865,4,2026-04-03 14:57:32.333113,completed
2425,234,6,2026-03-30 10:25:59.297837,completed
2426,3449,3,2026-02-03 01:27:44.055990,cancelled
2427,4910,6,2026-01-27 19:22:46.114296,completed
2428,417,6,2026-02-24 02:02:48.791190,pending
2429,3330,8,2026-02-27 06:02:17.745022,completed
2430,4141,10,2026-04-05 15:00:26.687886,completed
2431,3174,2,2026-03-10 12:53:02.167452,cancelled
2432,1944,1,2026-02-28 11:15:49.074214,completed
2433,1020,6,2026-03-20 08:56:20.184287,completed
2434,2493,4,2026-04-06 02:53:23.753652,cancelled
2435,3844,5,2026-03-11 18:18:01.724695,cancelled
2436,123,1,2026-04-04 10:17:17.376673,pending
2437,1292,3,2026-01-03 06:39:55.426919,cancelled
2438,3111,10,2026-02-23 16:09:37.679419,cancelled
2439,3768,4,2026-03-05 22:02:16.400893,completed
2440,2136,9,2026-01-21 08:50:26.070226,completed
2441,1419,4,2026-02-13 11:46:31.350827,pending
2442,1502,3,2026-01-17 15:57:55.581602,completed
2443,2650,1,2026-02-10 04:02:57.363756,completed
2444,3427,4,2026-03-29 20:42:48.329523,cancelled
2445,1563,2,2026-01-15 13:14:31.597699,completed
2446,1434,7,2026-03-26 16:22:15.722248,cancelled
2447,2546,3,2026-01-09 16:54:05.845569,cancelled
2448,2707,7,2026-04-05 15:53:03.456194,completed
2449,4024,3,2026-02-05 05:09:23.734889,completed
2450,189,9,2026-02-10 18:55:55.233881,completed
2451,4967,2,2026-02-26 16:33:21.278993,pending
2452,1994,7,2026-03-29 14:06:52.354248,pending
2453,2062,10,2026-02-04 20:06:47.920865,completed
2454,4034,3,2026-03-13 18:59:29.873568,completed
2455,1628,2,2026-01-13 07:27:02.697812,completed
2456,2676,7,2026-04-06 09:51:07.224216,pending
2457,4820,6,2026-04-03 02:53:16.051843,completed
2458,1114,9,2026-03-24 21:15:39.855822,completed
2459,4729,8,2026-03-10 06:08:49.761002,pending
2460,4610,9,2026-04-04 00:48:43.958112,completed
2461,1407,7,2026-02-15 16:00:53.860405,cancelled
2462,4050,6,2026-03-01 14:57:09.057466,completed
2463,4992,7,2026-03-24 02:14:34.746419,pending
2464,2848,5,2026-04-05 05:28:43.002420,cancelled
2465,2508,3,2026-02-16 11:38:29.606934,completed
2466,4004,7,2026-01-14 16:37:19.992982,completed
2467,1817,8,2026-03-15 17:08:43.223033,completed
2468,4562,2,2026-04-02 11:47:00.379745,pending
2469,4925,9,2026-01-17 04:21:36.021115,cancelled
2470,952,6,2026-01-27 05:27:42.963667,cancelled
2471,1992,8,2026-02-27 11:09:19.675817,cancelled
2472,4125,6,2026-02-20 03:13:04.052241,pending
2473,3849,1,2026-01-23 21:46:22.328552,cancelled
2474,3346,10,2026-03-11 15:27:06.302431,cancelled
2475,4001,6,2026-03-24 21:05:01.447230,completed
2476,1551,1,2026-02-05 02:39:46.471460,cancelled
2477,385,1,2026-02-05 08:10:02.088775,cancelled
2478,3304,4,2026-02-16 16:55:31.200560,pending
2479,4310,7,2026-02-20 20:36:56.150042,cancelled
2480,1181,3,2026-03-22 08:24:20.292844,pending
2481,4483,9,2026-01-19 10:38:48.617551,completed
2482,1035,5,2026-01-12 03:12:40.581358,cancelled
2483,3267,3,2026-02-01 03:16:00.763525,completed
2484,3465,3,2026-03-28 06:30:04.674010,pending
2485,2118,3,2026-01-06 22:33:25.534185,cancelled
2486,1080,1,2026-02-16 13:40:19.232740,completed
2487,4501,4,2026-03-10 05:22:45.794330,pending
2488,1691,8,2026-02-19 04:31:18.840366,completed
2489,1836,9,2026-02-02 09:09:45.385768,pending
2490,55,6,2026-03-24 21:13:00.406852,cancelled
2491,245,3,2026-03-31 05:14:10.864512,cancelled
2492,3590,1,2026-03-15 13:26:43.081046,cancelled
2493,209,5,2026-02-21 22:06:08.979161,pending
2494,2043,9,2026-03-25 03:18:28.857596,pending
2495,3227,2,2026-02-02 07:50:29.717897,cancelled
2496,2637,6,2026-03-06 12:15:11.653306,cancelled
2497,4307,6,2026-01-12 15:31:02.559454,pending
2498,4202,2,2026-03-20 12:00:14.976501,cancelled
2499,4136,6,2026-02-03 07:30:04.856735,pending
2500,1539,8,2026-03-17 22:08:14.058469,completed
2501,3474,5,2026-03-01 21:34:19.405135,completed
2502,2705,10,2026-02-21 03:59:42.349897,cancelled
2503,4555,2,2026-01-20 19:09:05.666040,completed
2504,2731,2,2026-03-04 04:46:07.461075,pending
2505,635,7,2026-03-05 07:24:21.656583,completed
2506,3457,7,2026-03-19 05:08:01.936212,pending
2507,4371,7,2026-03-08 15:02:17.920421,cancelled
2508,4744,7,2026-01-30 20:42:17.053318,cancelled
2509,4376,6,2026-02-20 04:41:58.967481,cancelled
2510,742,6,2026-02-18 07:56:25.062184,pending
2511,1934,1,2026-01-07 19:10:17.945309,pending
2512,66,5,2026-02-21 21:40:16.014733,pending
2513,4631,4,2026-03-31 13:03:42.279034,cancelled
2514,2112,3,2026-01-16 13:28:44.696350,completed
2515,3151,3,2026-02-07 02:56:24.988775,pending
2516,2586,9,2026-03-28 15:00:10.766755,pending
2517,2053,6,2026-03-13 11:21:00.271276,completed
2518,2381,7,2026-03-29 21:47:57.134791,completed
2519,2076,1,2026-03-17 07:14:22.370903,completed
2520,296,8,2026-03-25 17:20:15.889588,completed
2521,345,10,2026-03-18 23:12:10.245880,cancelled
2522,4398,4,2026-01-02 16:41:28.184294,cancelled
2523,2522,5,2026-02-20 00:44:26.918068,completed
2524,1779,4,2026-03-31 11:15:28.768811,completed
2525,3685,6,2026-03-19 11:53:15.288204,completed
2526,1970,7,2026-03-09 22:18:19.154056,completed
2527,1938,1,2026-04-01 22:44:36.228488,pending
2528,1175,4,2026-01-31 03:00:02.461678,pending
2529,593,10,2026-02-03 21:37:08.270132,completed
2530,2839,7,2026-02-07 17:19:30.084002,cancelled
2531,2380,8,2026-03-14 07:26:27.847202,pending
2532,2833,10,2026-03-10 19:19:22.003222,cancelled
2533,1252,9,2026-03-22 13:46:44.961952,completed
2534,4957,8,2026-03-15 09:25:01.463984,completed
2535,152,7,2026-03-03 13:36:16.302764,pending
2536,3471,1,2026-02-19 07:38:12.435042,completed
2537,3713,10,2026-02-19 22:46:46.585376,completed
2538,4143,10,2026-03-14 05:05:08.084724,cancelled
2539,2938,3,2026-03-12 23:27:14.973362,pending
2540,4539,1,2026-03-08 00:04:57.246472,pending
2541,277,2,2026-01-29 15:28:27.774551,completed
2542,4823,7,2026-03-09 00:10:07.385818,cancelled
2543,3350,5,2026-04-02 20:30:48.332545,completed
2544,4621,9,2026-02-12 19:34:52.057444,pending
2545,2242,10,2026-02-15 12:58:50.234491,pending
2546,2820,4,2026-02-01 17:55:05.189507,pending
2547,2504,10,2026-03-13 11:53:21.881919,cancelled
2548,370,6,2026-02-20 21:56:58.136239,completed
2549,4061,6,2026-02-19 14:34:02.807170,pending
2550,1724,1,2026-02-16 02:52:31.983205,pending
2551,2450,2,2026-04-04 21:05:25.256046,pending
2552,1281,4,2026-01-13 00:09:31.244869,cancelled
2553,2127,9,2026-02-09 21:40:52.850186,pending
2554,3991,4,2026-01-27 22:41:05.748654,cancelled
2555,1052,7,2026-03-03 05:06:50.082777,pending
2556,454,10,2026-02-16 03:53:05.811300,pending
2557,2495,4,2026-02-26 02:17:51.901039,pending
2558,319,7,2026-02-10 13:47:28.051457,cancelled
2559,1750,5,2026-01-10 08:06:47.716722,pending
2560,2947,1,2026-01-05 12:09:47.362495,completed
2561,1528,9,2026-01-06 11:34:55.206032,cancelled
2562,207,2,2026-02-16 15:32:08.590806,pending
2563,2510,1,2026-02-27 12:03:57.933469,completed
2564,202,9,2026-02-08 17:00:52.838722,cancelled
2565,4754,3,2026-02-24 08:56:32.407972,cancelled
2566,2510,9,2026-02-04 07:20:12.983463,completed
2567,2065,10,2026-03-29 07:03:35.985500,completed
2568,2205,5,2026-02-15 23:55:25.502182,completed
2569,2116,2,2026-01-15 11:10:53.075868,completed
2570,515,7,2026-02-17 00:36:22.131547,completed
2571,3019,4,2026-02-05 01:57:00.253798,cancelled
2572,4022,9,2026-02-16 20:00:07.673945,cancelled
2573,114,10,2026-03-13 23:34:12.215947,pending
2574,874,6,2026-04-06 22:20:39.922912,cancelled
2575,1727,7,2026-02-02 15:04:39.349621,cancelled
2576,3488,3,2026-03-14 14:01:30.760592,cancelled
2577,253,1,2026-02-23 05:14:53.463046,pending
2578,851,10,2026-02-03 16:30:41.161278,pending
2579,2542,5,2026-01-30 06:48:31.126530,cancelled
2580,1564,10,2026-02-07 20:32:53.456607,cancelled
2581,2540,9,2026-03-01 11:56:32.734981,pending
2582,1757,5,2026-01-31 18:32:21.053578,completed
2583,1907,7,2026-03-02 07:55:49.848283,pending
2584,1543,3,2026-04-06 00:52:37.141896,completed
2585,1736,10,2026-02-19 15:09:03.750116,cancelled
2586,2306,2,2026-01-07 02:24:38.012374,completed
2587,1381,4,2026-01-12 19:00:43.539705,completed
2588,2550,7,2026-02-17 16:32:24.958830,cancelled
2589,1500,5,2026-01-16 00:02:26.155778,cancelled
2590,2195,8,2026-01-02 03:46:07.196891,pending
2591,4502,8,2026-04-06 19:35:37.533785,cancelled
2592,4942,4,2026-02-01 14:28:52.727377,pending
2593,2144,2,2026-03-08 18:30:40.120294,pending
2594,1331,8,2026-03-12 16:59:40.855269,pending
2595,1680,3,2026-02-05 18:49:06.972215,cancelled
2596,648,6,2026-02-01 15:09:35.790978,completed
2597,1523,8,2026-03-10 10:24:23.141803,cancelled
2598,3461,4,2026-02-11 06:48:09.760760,completed
2599,830,6,2026-01-13 08:58:49.400354,cancelled
2600,2985,8,2026-03-11 23:27:57.200474,completed
2601,4405,7,2026-02-13 19:31:56.123665,completed
2602,1738,10,2026-02-27 00:47:09.227698,cancelled
2603,4995,5,2026-03-22 00:08:07.974279,cancelled
2604,1105,3,2026-03-21 13:45:51.338646,cancelled
2605,4586,6,2026-02-16 02:11:29.020036,cancelled
2606,196,1,2026-01-30 10:34:23.727734,completed
2607,2087,9,2026-03-30 11:09:05.703897,pending
2608,1654,7,2026-03-04 19:13:28.501328,cancelled
2609,1108,1,2026-02-15 11:49:35.143188,completed
2610,3576,3,2026-02-05 13:27:53.073724,pending
2611,574,3,2026-03-07 13:21:05.160020,pending
2612,2812,10,2026-01-12 22:48:48.405235,pending
2613,1374,7,2026-01-31 07:42:46.511510,cancelled
2614,772,10,2026-01-19 03:36:55.194739,completed
2615,3360,4,2026-01-13 18:14:06.964200,completed
2616,4068,4,2026-01-14 10:44:58.691732,completed
2617,3942,2,2026-01-11 18:02:48.030114,pending
2618,2947,1,2026-01-19 20:13:35.269300,cancelled
2619,2887,6,2026-02-14 14:44:51.696589,cancelled
2620,1898,10,2026-03-26 08:57:44.099527,completed
2621,879,5,2026-02-26 22:56:16.535289,cancelled
2622,928,10,2026-01-16 17:08:37.693880,pending
2623,4526,6,2026-01-19 15:42:42.305897,completed
2624,33,6,2026-01-08 14:14:16.013729,completed
2625,4749,9,2026-02-10 13:13:25.920326,completed
2626,1164,4,2026-02-21 16:00:24.712809,completed
2627,4831,10,2026-01-07 15:49:59.573704,completed
2628,164,10,2026-02-14 23:31:14.693660,completed
2629,2266,10,2026-02-06 14:53:44.500300,completed
2630,675,8,2026-04-06 13:52:25.309900,cancelled
2631,4106,10,2026-04-06 04:50:25.156088,completed
2632,4970,7,2026-01-01 08:10:43.168956,cancelled
2633,3054,7,2026-02-09 23:04:17.976866,pending
2634,3814,9,2026-03-07 12:15:21.664713,cancelled
2635,1990,3,2026-03-30 19:28:23.115082,completed
2636,795,5,2026-02-28 03:05:47.423366,completed
2637,3991,7,2026-04-05 14:06:31.868208,completed
2638,2578,7,2026-02-07 04:28:56.690945,completed
2639,3314,5,2026-02-06 04:45:48.191986,pending
2640,4922,6,2026-02-12 01:55:43.644956,cancelled
2641,961,2,2026-01-22 18:02:53.616288,cancelled
2642,4803,4,2026-02-17 12:27:53.136793,completed
2643,4525,6,2026-04-06 05:30:41.109119,cancelled
2644,3692,2,2026-02-26 18:54:56.473740,pending
2645,4931,9,2026-03-31 00:00:13.756907,pending
2646,4355,10,2026-01-05 20:51:40.520603,completed
2647,3706,5,2026-01-05 06:02:28.849947,completed
2648,4457,3,2026-01-19 16:06:43.415922,pending
2649,3972,5,2026-03-06 07:41:04.671628,pending
2650,2301,6,2026-01-12 08:13:55.733653,pending
2651,3587,6,2026-01-29 07:25:06.829045,pending
2652,458,2,2026-04-01 23:23:35.761483,completed
2653,2101,1,2026-02-16 17:50:04.880326,completed
2654,1397,5,2026-03-27 19:30:54.258383,pending
2655,2824,3,2026-02-26 00:48:54.481375,completed
2656,2480,9,2026-01-30 20:56:41.600085,completed
2657,1297,10,2026-03-10 21:29:26.442020,cancelled
2658,3917,9,2026-03-31 05:54:51.964522,completed
2659,4112,7,2026-03-11 05:12:02.447464,cancelled
2660,2681,9,2026-01-23 16:18:31.126794,pending
2661,3811,7,2026-02-03 03:49:31.984095,pending
2662,1866,8,2026-02-28 03:53:18.642806,completed
2663,4523,4,2026-01-01 03:46:48.546355,pending
2664,1977,3,2026-03-27 18:08:46.355666,pending
2665,914,3,2026-03-05 20:17:09.781002,cancelled
2666,644,3,2026-01-20 03:20:12.139329,cancelled
2667,1888,3,2026-03-09 09:42:54.348547,completed
2668,3029,3,2026-03-16 00:02:04.078112,cancelled
2669,3767,5,2026-01-07 19:21:59.273336,cancelled
2670,1525,2,2026-02-15 02:44:30.403297,pending
2671,2191,5,2026-03-02 03:58:50.617322,pending
2672,4262,2,2026-02-27 02:50:05.638082,cancelled
2673,118,5,2026-02-14 20:09:34.705893,cancelled
2674,2071,8,2026-01-19 23:36:04.311566,completed
2675,1753,1,2026-03-01 15:35:47.228440,completed
2676,726,3,2026-01-11 20:26:11.437257,pending
2677,3036,7,2026-02-02 06:51:14.454197,cancelled
2678,199,10,2026-01-25 13:04:59.743421,pending
2679,1025,1,2026-02-17 23:33:05.056087,cancelled
2680,3093,9,2026-02-09 19:22:21.007544,pending
2681,3245,5,2026-02-18 20:43:06.911539,completed
2682,3854,9,2026-01-10 05:28:42.276078,pending
2683,3673,8,2026-01-16 10:37:38.792057,completed
2684,1037,1,2026-03-13 16:31:49.088697,completed
2685,2099,10,2026-02-25 05:35:04.804145,cancelled
2686,4484,9,2026-01-20 23:30:33.950635,cancelled
2687,4879,7,2026-01-31 19:32:58.569650,pending
2688,1169,6,2026-02-28 18:44:01.924306,pending
2689,4155,4,2026-04-05 12:26:42.307140,completed
2690,1014,9,2026-03-04 03:30:17.183722,completed
2691,892,2,2026-02-19 16:26:26.281708,pending
2692,2249,4,2026-02-16 03:30:32.343145,cancelled
2693,3823,9,2026-01-13 02:10:46.733143,pending
2694,1196,6,2026-03-08 20:17:42.739441,pending
2695,1770,2,2026-02-15 03:39:10.994784,pending
2696,4325,3,2026-01-04 18:13:51.128981,cancelled
2697,296,9,2026-01-14 12:00:17.494390,completed
2698,4247,4,2026-01-02 06:57:11.841243,pending
2699,1903,1,2026-03-12 19:02:29.415179,pending
2700,4467,3,2026-03-23 18:22:31.454791,pending
2701,2112,3,2026-02-20 14:57:08.329071,completed
2702,55,9,2026-01-24 03:19:57.140730,cancelled
2703,2328,2,2026-03-20 14:38:17.042721,completed
2704,4708,1,2026-01-07 17:40:00.457510,pending
2705,3682,3,2026-01-15 18:27:14.729001,cancelled
2706,3857,2,2026-01-18 21:41:31.053478,pending
2707,3379,7,2026-01-26 06:57:49.422266,pending
2708,4922,2,2026-02-25 01:12:36.826031,completed
2709,715,5,2026-01-16 03:13:59.044520,completed
2710,2579,10,2026-02-09 22:10:52.968008,completed
2711,4911,2,2026-04-04 13:35:36.231786,pending
2712,4975,1,2026-01-19 10:32:41.877834,pending
2713,1353,2,2026-04-06 15:42:11.690732,pending
2714,1411,1,2026-02-26 01:57:47.416722,pending
2715,1294,5,2026-02-22 04:03:10.574910,pending
2716,2949,7,2026-03-16 06:11:53.037433,completed
2717,2827,5,2026-02-04 08:51:56.332574,pending
2718,2588,10,2026-02-18 15:49:17.936000,cancelled
2719,2877,10,2026-03-30 10:15:56.130585,cancelled
2720,4987,4,2026-02-14 23:43:25.910741,cancelled
2721,4057,6,2026-01-01 17:51:14.391839,pending
2722,3250,4,2026-03-19 00:12:01.451816,cancelled
2723,1410,3,2026-03-11 02:48:44.967717,cancelled
2724,1044,4,2026-01-03 12:57:43.464846,completed
2725,361,4,2026-02-23 18:37:14.255639,pending
2726,3044,8,2026-02-08 03:01:55.196286,pending
2727,3502,9,2026-03-23 08:16:20.869511,pending
2728,775,7,2026-02-03 03:51:59.783473,pending
2729,4080,6,2026-04-05 02:45:28.862352,completed
2730,2815,8,2026-02-20 20:52:25.703871,completed
2731,1191,2,2026-02-13 14:52:29.573965,pending
2732,2512,6,2026-03-06 15:05:44.436253,pending
2733,1570,9,2026-02-19 15:10:29.061307,completed
2734,3766,1,2026-04-04 17:02:46.675097,pending
2735,3625,1,2026-02-18 04:29:21.235392,cancelled
2736,3440,5,2026-03-01 15:42:17.320353,completed
2737,3358,9,2026-03-30 00:53:35.948074,cancelled
2738,4290,6,2026-04-05 09:04:15.339430,completed
2739,2470,10,2026-03-20 17:05:05.036187,cancelled
2740,1194,10,2026-03-16 11:22:22.274212,completed
2741,4513,10,2026-01-19 06:13:29.887996,cancelled
2742,2717,1,2026-03-19 16:35:45.258262,cancelled
2743,1627,3,2026-02-11 14:40:03.721917,pending
2744,2243,6,2026-02-14 07:01:54.398068,cancelled
2745,3055,3,2026-03-09 19:57:34.132408,cancelled
2746,1610,6,2026-03-10 07:43:53.900704,completed
2747,3732,9,2026-01-18 13:27:40.266222,pending
2748,1728,5,2026-02-04 07:23:52.490469,cancelled
2749,4949,5,2026-01-08 11:19:05.987081,pending
2750,141,3,2026-01-22 04:43:39.966305,cancelled
2751,148,7,2026-01-23 08:37:25.182943,completed
2752,3236,1,2026-02-18 06:06:19.526775,pending
2753,4968,7,2026-03-06 08:25:07.466294,pending
2754,501,7,2026-01-02 17:24:31.615124,cancelled
2755,467,10,2026-01-01 07:32:09.579084,cancelled
2756,4365,6,2026-03-09 08:08:43.059750,cancelled
2757,4888,7,2026-03-20 10:28:38.521939,completed
2758,100,4,2026-02-27 07:17:17.393490,cancelled
2759,1017,8,2026-01-01 06:18:24.439754,pending
2760,1258,6,2026-01-28 11:02:37.902628,cancelled
2761,2242,8,2026-02-23 12:00:17.648091,pending
2762,83,4,2026-02-14 22:14:45.940417,pending
2763,3891,2,2026-03-12 02:25:34.294543,pending
2764,3299,2,2026-02-02 05:48:28.744180,pending
2765,385,4,2026-01-07 06:02:37.880369,completed
2766,4980,3,2026-03-19 17:03:11.379215,completed
2767,1754,1,2026-03-06 22:39:17.674680,cancelled
2768,1383,1,2026-03-16 14:11:12.321822,completed
2769,4114,8,2026-01-31 07:33:33.249445,completed
2770,4903,6,2026-03-18 04:42:50.400225,cancelled
2771,3,9,2026-03-25 00:25:30.554757,completed
2772,1777,1,2026-02-16 00:16:12.706255,completed
2773,3429,10,2026-02-17 07:06:35.773258,pending
2774,1465,9,2026-03-06 03:14:26.711541,cancelled
2775,1844,5,2026-03-11 03:58:55.918779,completed
2776,2883,2,2026-04-06 22:05:25.011661,pending
2777,1571,7,2026-01-26 08:12:35.210084,pending
2778,147,8,2026-03-21 00:32:41.746796,cancelled
2779,2334,9,2026-02-27 00:03:52.806289,completed
2780,1717,1,2026-01-16 18:57:33.126980,completed
2781,3520,4,2026-01-25 21:32:49.178501,cancelled
2782,3718,3,2026-03-24 14:05:46.001734,completed
2783,3365,8,2026-01-26 19:13:10.033751,cancelled
2784,4309,10,2026-03-26 06:31:51.203752,pending
2785,680,4,2026-03-14 08:38:42.978115,pending
2786,1575,6,2026-01-04 05:11:46.322757,pending
2787,3683,4,2026-03-15 01:13:21.462372,cancelled
2788,3128,6,2026-03-03 00:50:53.557108,pending
2789,3037,7,2026-02-03 12:40:29.621534,pending
2790,4840,9,2026-01-09 09:48:14.927452,completed
2791,2675,1,2026-03-15 19:14:26.947079,pending
2792,4028,5,2026-02-24 06:31:44.860422,cancelled
2793,1259,10,2026-01-06 22:13:15.643581,cancelled
2794,4180,9,2026-03-11 00:08:03.660471,cancelled
2795,647,9,2026-02-11 07:53:20.212900,pending
2796,717,6,2026-02-07 04:28:46.787698,completed
2797,1732,8,2026-03-27 08:02:16.693605,cancelled
2798,4760,6,2026-02-10 09:20:23.528894,cancelled
2799,4052,10,2026-02-16 04:13:41.040684,completed
2800,2188,3,2026-03-13 23:17:47.021494,pending
2801,2783,5,2026-04-05 17:25:27.111297,cancelled
2802,934,10,2026-01-20 15:52:56.608517,cancelled
2803,4556,6,2026-03-03 17:52:04.850072,completed
2804,497,5,2026-03-15 07:27:22.735055,cancelled
2805,309,2,2026-03-11 17:35:28.640255,cancelled
2806,2744,10,2026-01-09 03:27:20.916652,pending
2807,1757,3,2026-01-05 05:14:44.287802,cancelled
2808,878,7,2026-02-04 20:59:30.526140,completed
2809,3094,7,2026-01-02 20:26:17.320103,cancelled
2810,3942,4,2026-01-01 13:26:40.266820,completed
2811,2280,7,2026-02-14 01:31:57.992615,cancelled
2812,833,8,2026-01-21 07:47:03.468510,cancelled
2813,4385,7,2026-01-12 16:42:48.454212,pending
2814,444,5,2026-03-01 18:42:40.583758,pending
2815,3599,8,2026-02-12 14:50:23.839988,completed
2816,4672,6,2026-03-11 07:13:41.704247,completed
2817,893,7,2026-02-09 04:53:50.792860,completed
2818,1451,6,2026-02-12 19:02:57.837083,completed
2819,863,9,2026-01-04 17:30:47.353685,completed
2820,1693,8,2026-01-08 18:22:20.040737,completed
2821,1616,8,2026-02-15 21:36:59.614741,pending
2822,3773,6,2026-03-10 12:10:36.821594,completed
2823,1727,6,2026-01-31 10:58:02.800116,pending
2824,2959,2,2026-03-31 07:40:07.464535,pending
2825,3930,3,2026-01-08 02:55:44.249143,completed
2826,682,8,2026-01-12 08:55:16.422047,cancelled
2827,4074,3,2026-02-06 14:51:30.427545,cancelled
2828,908,6,2026-03-14 08:18:06.900583,pending
2829,1021,10,2026-03-18 18:06:09.520556,completed
2830,568,8,2026-01-10 19:08:56.958029,completed
2831,719,8,2026-01-07 21:03:35.047248,completed
2832,3262,8,2026-02-28 23:12:34.403590,completed
2833,700,9,2026-02-06 21:53:55.532304,completed
2834,3197,5,2026-03-15 17:17:51.595392,completed
2835,4669,7,2026-03-31 17:50:45.220806,completed
2836,2865,1,2026-03-11 03:56:09.787617,completed
2837,767,9,2026-02-04 21:30:59.842980,cancelled
2838,4054,9,2026-01-06 17:31:18.944141,pending
2839,4753,4,2026-03-15 04:55:12.847164,cancelled
2840,650,3,2026-01-26 15:52:01.908378,cancelled
2841,2963,9,2026-02-06 13:15:13.458495,completed
2842,4282,6,2026-01-16 05:03:34.774078,completed
2843,458,5,2026-03-31 00:55:33.363806,pending
2844,4555,7,2026-03-22 16:50:17.097835,completed
2845,2215,6,2026-03-24 10:33:56.731122,pending
2846,3642,4,2026-01-27 21:40:42.174162,cancelled
2847,3717,10,2026-03-22 16:50:20.332765,cancelled
2848,3037,9,2026-04-04 04:30:00.375129,cancelled
2849,1371,2,2026-04-01 11:21:41.235444,pending
2850,3416,9,2026-02-16 18:49:58.557353,pending
2851,260,6,2026-01-12 07:18:36.148676,pending
2852,1391,5,2026-03-04 16:20:19.556361,completed
2853,4189,4,2026-03-24 04:50:18.867364,cancelled
2854,4547,5,2026-01-30 20:05:25.140768,completed
2855,351,2,2026-03-01 21:37:33.164562,completed
2856,434,3,2026-04-02 23:25:11.500725,completed
2857,361,10,2026-02-17 11:06:50.360257,cancelled
2858,4169,4,2026-03-27 20:55:17.700842,completed
2859,4343,1,2026-01-28 07:22:52.660672,pending
2860,1783,1,2026-02-28 08:38:40.495336,completed
2861,4396,2,2026-03-30 23:10:20.614808,cancelled
2862,1929,5,2026-02-05 16:47:21.091408,completed
2863,4500,10,2026-02-07 13:37:33.903177,cancelled
2864,2691,3,2026-01-21 17:51:05.813820,pending
2865,581,8,2026-02-14 16:30:02.287854,pending
2866,3850,4,2026-02-10 02:36:20.823574,pending
2867,1765,3,2026-02-12 16:03:56.273393,cancelled
2868,2564,5,2026-01-09 23:07:35.616140,pending
2869,1870,1,2026-01-16 21:01:54.752145,pending
2870,1676,6,2026-03-10 09:07:03.738409,cancelled
2871,2183,9,2026-02-24 21:52:25.315842,cancelled
2872,3261,2,2026-01-11 08:51:17.287767,pending
2873,466,3,2026-01-23 06:03:33.375341,cancelled
2874,937,2,2026-02-17 16:01:15.590153,completed
2875,3982,10,2026-03-05 09:22:56.302132,pending
2876,516,5,2026-01-29 22:55:25.744189,pending
2877,426,10,2026-03-18 13:00:36.149509,pending
2878,2439,4,2026-02-03 11:51:48.466133,cancelled
2879,1906,10,2026-03-06 01:26:31.954897,pending
2880,4162,8,2026-03-16 01:34:27.801408,pending
2881,4878,1,2026-01-12 16:13:22.604295,pending
2882,4309,9,2026-01-22 15:15:58.554665,cancelled
2883,2925,2,2026-03-23 18:00:13.172874,completed
2884,2775,4,2026-03-25 11:13:47.447579,cancelled
2885,3220,9,2026-01-31 00:26:24.727978,pending
2886,133,10,2026-02-24 20:18:19.967726,pending
2887,4647,3,2026-01-28 02:13:57.265830,pending
2888,3286,5,2026-02-21 00:16:05.076553,cancelled
2889,2623,10,2026-01-14 00:38:24.075392,cancelled
2890,818,1,2026-01-21 09:13:27.443673,completed
2891,714,3,2026-02-21 00:56:02.484500,completed
2892,2117,2,2026-03-08 00:58:13.835252,pending
2893,2415,1,2026-01-04 13:03:29.938263,cancelled
2894,2887,7,2026-03-04 21:26:33.310921,pending
2895,3017,10,2026-01-10 13:31:06.218891,cancelled
2896,3422,7,2026-02-20 21:45:38.269839,pending
2897,3138,4,2026-02-03 00:51:43.798309,pending
2898,3654,6,2026-01-09 05:45:11.077523,cancelled
2899,1561,5,2026-01-05 08:41:19.543717,pending
2900,390,5,2026-01-12 15:32:16.094399,completed
2901,3217,9,2026-03-25 01:27:46.325412,cancelled
2902,506,4,2026-01-14 06:54:44.675128,completed
2903,1795,2,2026-04-03 01:51:04.680023,completed
2904,2977,8,2026-03-23 04:20:43.972043,pending
2905,1976,9,2026-01-08 05:49:20.483239,completed
2906,2600,10,2026-02-24 22:57:05.481960,completed
2907,269,1,2026-01-17 05:04:01.829567,cancelled
2908,813,3,2026-03-27 09:18:14.433958,pending
2909,3432,1,2026-01-15 07:29:27.119578,pending
2910,4485,10,2026-04-07 10:58:05.724800,pending
2911,4789,10,2026-02-10 19:52:44.459177,completed
2912,1710,6,2026-02-26 17:10:51.839727,cancelled
2913,4832,2,2026-02-19 20:58:35.260934,pending
2914,1850,5,2026-04-03 18:11:56.589942,completed
2915,827,6,2026-01-03 21:18:17.205066,cancelled
2916,3120,2,2026-02-13 22:15:48.696555,cancelled
2917,4568,5,2026-02-15 07:17:54.472949,pending
2918,1339,4,2026-02-17 02:59:07.597506,cancelled
2919,268,10,2026-02-11 15:56:57.842308,cancelled
2920,4876,6,2026-02-11 07:00:58.111565,pending
2921,3582,3,2026-03-17 23:13:42.518069,cancelled
2922,3113,10,2026-02-11 02:25:43.151699,completed
2923,4832,8,2026-01-07 11:36:04.371851,completed
2924,2077,6,2026-04-02 21:40:17.269074,pending
2925,1609,8,2026-02-21 22:09:44.991029,pending
2926,894,7,2026-03-09 14:26:56.935436,pending
2927,3714,10,2026-03-16 01:02:13.345969,pending
2928,4438,4,2026-02-26 18:53:29.322286,completed
2929,509,3,2026-03-16 15:19:38.645614,completed
2930,22,2,2026-03-06 05:27:34.441408,pending
2931,1076,10,2026-01-28 14:36:04.000648,pending
2932,2794,6,2026-01-25 14:37:32.836452,completed
2933,1083,5,2026-02-27 09:33:09.720556,cancelled
2934,2841,7,2026-03-06 10:33:07.472744,completed
2935,1331,6,2026-03-06 00:41:45.427411,pending
2936,3069,9,2026-04-03 17:08:15.333742,pending
2937,4219,10,2026-01-18 17:10:45.994740,completed
2938,3332,5,2026-01-27 14:22:12.639351,cancelled
2939,4181,8,2026-02-15 16:52:44.471735,pending
2940,3559,4,2026-03-08 05:58:39.347013,cancelled
2941,1384,1,2026-01-03 09:31:45.380757,cancelled
2942,1038,10,2026-01-07 15:43:35.871926,completed
2943,4367,7,2026-02-05 16:12:24.388330,completed
2944,4082,6,2026-03-22 23:55:43.127078,completed
2945,1023,8,2026-01-31 21:45:55.355072,pending
2946,388,2,2026-02-26 14:06:28.744102,cancelled
2947,3726,9,2026-03-02 00:07:25.846028,pending
2948,2998,5,2026-01-02 08:57:49.046459,completed
2949,570,4,2026-01-17 07:12:17.890440,pending
2950,2056,2,2026-01-31 16:44:42.610501,pending
2951,1717,4,2026-04-05 01:10:09.837837,pending
2952,3981,9,2026-01-09 01:45:43.874966,cancelled
2953,1760,8,2026-02-13 01:47:02.802657,cancelled
2954,775,3,2026-02-11 12:52:03.943419,pending
2955,1841,5,2026-04-03 11:06:20.839693,pending
2956,1042,4,2026-01-15 12:15:19.458425,cancelled
2957,314,6,2026-03-05 02:58:01.230637,cancelled
2958,2046,3,2026-03-15 21:24:24.918689,pending
2959,4268,4,2026-02-12 10:40:14.470946,pending
2960,4665,8,2026-03-19 21:14:52.712931,cancelled
2961,1691,10,2026-03-26 09:48:14.141276,cancelled
2962,3881,9,2026-01-20 20:03:14.786281,completed
2963,3798,9,2026-04-07 15:18:45.556456,cancelled
2964,3506,8,2026-02-27 20:16:46.498193,cancelled
2965,280,10,2026-03-05 00:34:03.900561,completed
2966,4287,10,2026-02-04 08:52:20.064202,cancelled
2967,4513,2,2026-02-14 03:49:47.490602,pending
2968,2688,2,2026-03-08 13:21:31.951658,cancelled
2969,4563,2,2026-02-15 13:54:55.462908,pending
2970,3088,6,2026-03-29 19:25:56.733082,completed
2971,413,3,2026-01-08 07:51:11.215363,completed
2972,1489,10,2026-02-24 11:16:02.254231,pending
2973,1183,2,2026-02-24 14:51:21.455051,pending
2974,1553,6,2026-02-23 16:27:35.149958,completed
2975,969,3,2026-02-16 22:27:10.920191,cancelled
2976,3781,5,2026-01-04 05:54:57.986889,pending
2977,1666,6,2026-02-26 05:44:49.814803,completed
2978,466,6,2026-01-28 00:17:39.541770,cancelled
2979,3645,8,2026-03-21 22:51:19.647924,pending
2980,3211,5,2026-02-11 22:47:02.565252,completed
2981,1931,6,2026-03-20 06:58:45.114636,cancelled
2982,2965,10,2026-03-01 12:10:17.600403,cancelled
2983,109,6,2026-02-25 23:36:24.522055,completed
2984,2664,9,2026-01-23 17:01:56.530908,cancelled
2985,3956,5,2026-03-07 10:17:27.097699,completed
2986,2285,9,2026-01-31 23:33:26.814831,completed
2987,1557,1,2026-03-08 23:28:01.935115,cancelled
2988,3654,8,2026-01-20 07:55:45.619993,cancelled
2989,1372,10,2026-02-08 03:02:32.959231,completed
2990,1428,7,2026-03-18 16:17:34.527040,completed
2991,1496,1,2026-03-25 17:23:15.036849,cancelled
2992,2359,3,2026-01-21 12:52:34.974611,cancelled
2993,1064,6,2026-02-19 17:16:27.302104,cancelled
2994,4125,1,2026-01-06 17:30:20.844801,cancelled
2995,2450,5,2026-03-02 08:03:35.242529,pending
2996,2035,1,2026-04-04 20:12:55.833932,completed
2997,3875,4,2026-02-17 01:43:39.478186,completed
2998,615,1,2026-02-15 21:21:07.635861,pending
2999,82,3,2026-02-09 21:31:27.047918,completed
3000,958,4,2026-02-04 02:51:58.657443,pending
3001,868,4,2026-01-25 11:14:20.213111,cancelled
3002,4356,6,2026-01-18 06:20:07.517466,completed
3003,964,7,2026-03-11 14:49:59.210739,completed
3004,4464,1,2026-03-05 01:16:54.571583,cancelled
3005,4107,8,2026-01-19 12:53:04.154202,completed
3006,2529,7,2026-03-30 17:43:21.736218,pending
3007,1442,5,2026-04-04 08:19:28.260514,pending
3008,4526,4,2026-02-06 03:01:00.126356,completed
3009,4681,5,2026-01-10 07:24:12.663628,cancelled
3010,1461,5,2026-02-17 23:06:45.751958,pending
3011,3246,1,2026-03-31 21:37:05.969696,completed
3012,384,2,2026-03-19 13:20:05.789658,cancelled
3013,3883,2,2026-02-12 14:25:54.232519,pending
3014,264,1,2026-03-23 20:03:32.105964,pending
3015,912,3,2026-03-29 14:47:36.833098,completed
3016,3539,6,2026-02-14 03:31:13.743096,completed
3017,996,8,2026-03-03 00:32:08.335893,pending
3018,82,5,2026-04-07 12:17:55.296456,cancelled
3019,1344,5,2026-01-19 08:31:04.315787,completed
3020,3398,3,2026-01-31 07:26:37.110253,completed
3021,1032,6,2026-02-20 02:22:53.446994,pending
3022,662,3,2026-04-01 03:28:51.406394,pending
3023,4975,5,2026-03-03 16:44:54.921078,completed
3024,3263,2,2026-01-06 18:18:36.868358,pending
3025,4157,10,2026-03-13 01:35:18.377046,cancelled
3026,240,7,2026-04-03 08:58:12.057074,cancelled
3027,4412,8,2026-02-06 07:08:05.645113,pending
3028,4585,3,2026-02-18 07:48:17.958400,completed
3029,2411,10,2026-03-19 15:23:47.329078,completed
3030,1975,7,2026-02-01 10:16:59.538546,pending
3031,2695,6,2026-01-13 08:30:16.487382,cancelled
3032,2578,9,2026-04-02 03:49:55.635488,pending
3033,3124,4,2026-04-07 12:23:31.754598,completed
3034,3557,8,2026-01-18 19:44:00.252824,completed
3035,3126,4,2026-01-27 05:21:16.707613,completed
3036,397,2,2026-01-29 07:54:50.719519,pending
3037,2974,5,2026-02-06 21:53:48.778637,cancelled
3038,184,2,2026-01-26 06:28:16.693373,completed
3039,2770,1,2026-03-06 19:59:28.562266,completed
3040,2114,2,2026-02-12 21:44:24.993932,cancelled
3041,1006,3,2026-02-13 18:16:19.738890,completed
3042,1143,1,2026-01-29 07:12:45.387051,cancelled
3043,3034,1,2026-03-14 04:22:13.485276,completed
3044,49,10,2026-03-14 23:43:37.414279,completed
3045,2152,8,2026-02-14 22:36:30.954110,pending
3046,497,8,2026-03-07 07:34:37.557065,completed
3047,1516,10,2026-01-23 13:51:09.730428,cancelled
3048,2844,4,2026-01-30 20:46:43.871387,cancelled
3049,1034,2,2026-03-02 23:04:56.945432,completed
3050,4115,6,2026-01-06 19:19:58.135072,pending
3051,1006,9,2026-03-18 16:24:49.681912,completed
3052,212,8,2026-03-18 05:02:33.126623,pending
3053,511,6,2026-02-16 19:57:30.508255,pending
3054,4426,1,2026-03-20 20:34:31.269428,cancelled
3055,1088,9,2026-03-09 04:13:59.850051,pending
3056,1333,10,2026-02-01 22:00:19.926097,cancelled
3057,1209,8,2026-02-20 09:58:21.553028,pending
3058,2652,10,2026-02-04 08:42:30.788188,pending
3059,4647,10,2026-03-31 08:44:52.326047,cancelled
3060,1844,2,2026-02-09 18:13:12.004823,completed
3061,1128,1,2026-01-16 23:01:59.526152,completed
3062,4750,5,2026-03-16 06:09:45.451855,completed
3063,3491,1,2026-03-23 10:24:13.163670,pending
3064,3819,7,2026-02-10 03:54:43.591295,completed
3065,2711,1,2026-03-11 07:38:19.504861,pending
3066,1669,9,2026-02-11 02:30:56.266494,pending
3067,1623,10,2026-02-12 08:21:57.592671,cancelled
3068,4092,2,2026-03-23 04:13:27.372051,completed
3069,3225,3,2026-03-17 08:37:55.817713,completed
3070,2754,4,2026-03-19 07:12:43.746170,completed
3071,3281,8,2026-03-19 10:38:47.878544,completed
3072,2716,10,2026-01-10 19:57:10.398969,cancelled
3073,4416,4,2026-01-02 16:12:51.389095,cancelled
3074,1350,2,2026-01-24 14:18:04.702616,cancelled
3075,3608,6,2026-03-23 23:35:39.876038,pending
3076,688,9,2026-03-10 23:07:08.319005,cancelled
3077,1631,4,2026-03-20 14:29:35.324413,cancelled
3078,3440,2,2026-03-16 05:09:18.764325,cancelled
3079,414,7,2026-01-26 20:08:14.552220,cancelled
3080,864,8,2026-04-02 08:50:53.076635,cancelled
3081,1088,3,2026-03-20 11:23:05.464735,completed
3082,4864,1,2026-01-12 02:42:38.512333,cancelled
3083,507,5,2026-02-27 20:13:19.434417,completed
3084,1009,4,2026-01-02 11:11:16.692352,pending
3085,3357,1,2026-03-23 18:30:06.915812,pending
3086,2524,10,2026-03-05 09:14:50.096464,completed
3087,4515,9,2026-03-07 23:34:04.726578,cancelled
3088,4155,2,2026-03-25 15:57:19.899552,cancelled
3089,2961,5,2026-01-04 21:28:25.151520,completed
3090,4989,4,2026-03-27 10:22:55.581218,pending
3091,541,7,2026-03-16 21:45:58.401248,cancelled
3092,3382,1,2026-01-05 08:11:46.164690,cancelled
3093,1610,3,2026-02-22 23:51:11.104191,cancelled
3094,2072,7,2026-02-27 13:13:46.754997,cancelled
3095,3281,3,2026-03-05 20:01:59.022454,pending
3096,3912,2,2026-02-04 12:13:32.600043,cancelled
3097,49,5,2026-01-26 04:50:55.681746,completed
3098,1661,10,2026-03-30 08:44:43.457576,cancelled
3099,985,7,2026-03-09 20:13:58.534434,completed
3100,2725,1,2026-01-18 18:25:24.654791,cancelled
3101,667,4,2026-01-13 05:03:16.626015,completed
3102,1457,6,2026-01-29 22:52:46.110097,pending
3103,4187,2,2026-03-08 16:26:47.164390,pending
3104,2138,7,2026-02-11 01:30:46.084093,pending
3105,4147,5,2026-03-03 00:38:36.379167,pending
3106,4231,1,2026-03-16 20:59:00.453868,completed
3107,265,2,2026-01-23 05:23:13.946728,pending
3108,4259,6,2026-03-29 15:08:47.489398,pending
3109,4856,10,2026-03-17 20:20:40.380208,cancelled
3110,1370,9,2026-01-30 09:12:40.174988,cancelled
3111,1626,7,2026-03-18 11:47:47.288336,pending
3112,1059,5,2026-01-02 19:06:13.964985,cancelled
3113,3940,10,2026-01-08 11:56:34.005939,cancelled
3114,3268,4,2026-03-23 14:51:06.215436,cancelled
3115,1111,7,2026-02-05 02:17:56.372566,cancelled
3116,208,9,2026-02-18 20:19:56.855129,completed
3117,1772,6,2026-03-31 18:19:30.821877,pending
3118,1363,2,2026-03-28 11:00:50.292524,pending
3119,383,8,2026-03-08 20:16:23.173036,cancelled
3120,4224,7,2026-02-26 16:13:50.604884,cancelled
3121,2998,1,2026-01-20 22:35:42.348427,completed
3122,2833,3,2026-01-02 03:42:12.425048,cancelled
3123,4890,7,2026-03-18 22:40:45.053540,pending
3124,1439,1,2026-01-22 11:52:15.002899,completed
3125,4678,8,2026-01-05 11:52:38.256567,completed
3126,1398,9,2026-01-26 04:25:03.514066,pending
3127,2853,1,2026-03-04 10:44:22.738459,completed
3128,3174,1,2026-03-06 19:35:21.783484,pending
3129,1242,5,2026-03-05 14:53:23.536474,pending
3130,4380,7,2026-03-08 06:07:01.897287,completed
3131,641,5,2026-03-20 20:58:13.046630,completed
3132,2227,7,2026-03-15 01:05:25.517155,pending
3133,1666,3,2026-01-14 11:47:12.113520,pending
3134,2297,2,2026-01-24 07:49:51.732060,cancelled
3135,4119,8,2026-02-17 07:36:33.030863,pending
3136,507,9,2026-01-28 17:20:55.026304,pending
3137,2799,2,2026-01-17 03:02:08.663054,cancelled
3138,2109,10,2026-04-07 08:36:59.196586,completed
3139,3833,1,2026-02-10 20:22:21.676568,completed
3140,705,7,2026-01-21 06:02:08.188902,pending
3141,1284,3,2026-03-25 11:51:26.264572,completed
3142,3957,1,2026-04-07 05:01:40.184885,completed
3143,1562,5,2026-01-21 16:30:50.912903,pending
3144,4382,2,2026-02-25 11:09:56.163887,completed
3145,627,6,2026-04-03 07:49:34.899017,pending
3146,1039,3,2026-02-02 09:33:38.903217,completed
3147,744,7,2026-02-09 17:21:28.832167,pending
3148,467,1,2026-01-17 15:06:48.140799,cancelled
3149,3911,3,2026-01-25 01:09:11.663200,completed
3150,1731,3,2026-02-13 01:14:46.949461,completed
3151,4595,9,2026-02-16 00:00:07.746533,completed
3152,3386,8,2026-01-25 23:27:52.020944,cancelled
3153,1103,1,2026-03-08 00:58:12.025062,pending
3154,3187,1,2026-01-16 20:06:23.721025,cancelled
3155,502,1,2026-02-19 07:24:10.626945,cancelled
3156,999,2,2026-01-27 09:40:31.860578,pending
3157,4822,2,2026-02-03 17:28:44.603244,pending
3158,115,3,2026-01-10 20:52:45.752232,cancelled
3159,2388,7,2026-01-11 21:16:41.189577,cancelled
3160,2171,4,2026-02-08 09:58:18.183922,completed
3161,3665,8,2026-01-07 04:17:04.318401,cancelled
3162,4841,1,2026-02-10 09:45:31.014666,cancelled
3163,3592,9,2026-03-28 15:08:27.934747,completed
3164,3159,5,2026-01-05 06:14:50.130020,cancelled
3165,212,9,2026-02-16 23:36:47.154458,cancelled
3166,915,3,2026-01-09 18:10:06.572795,completed
3167,525,4,2026-02-28 04:36:50.159405,cancelled
3168,3064,5,2026-01-26 01:43:08.453963,pending
3169,54,10,2026-03-23 19:31:23.640467,completed
3170,854,3,2026-01-21 23:53:57.152374,cancelled
3171,4761,3,2026-01-26 03:52:25.560866,completed
3172,619,5,2026-01-20 08:25:18.010519,pending
3173,2512,10,2026-03-15 21:40:07.693474,completed
3174,1872,1,2026-02-18 19:55:51.834528,completed
3175,1065,8,2026-01-23 07:29:52.730079,pending
3176,4549,4,2026-02-05 19:28:27.065533,cancelled
3177,2483,4,2026-03-12 19:18:01.892275,cancelled
3178,372,5,2026-02-16 15:15:10.513548,cancelled
3179,3531,1,2026-02-02 02:08:36.084318,pending
3180,2035,7,2026-01-23 11:59:25.337659,cancelled
3181,4017,5,2026-01-01 14:12:05.495496,cancelled
3182,1224,7,2026-03-23 23:01:55.237179,pending
3183,813,7,2026-02-08 03:48:41.841242,cancelled
3184,640,3,2026-02-19 04:41:32.276217,pending
3185,1563,5,2026-02-19 13:35:14.139207,pending
3186,5000,10,2026-03-21 05:33:02.217920,completed
3187,3622,9,2026-02-08 03:14:14.066132,cancelled
3188,2613,7,2026-02-11 18:17:58.408295,cancelled
3189,4272,5,2026-01-11 05:49:09.056254,pending
3190,3981,8,2026-01-07 11:40:47.914163,completed
3191,3271,5,2026-04-04 00:16:35.937402,cancelled
3192,4275,2,2026-04-02 07:47:11.169175,completed
3193,2107,6,2026-01-27 07:10:21.508137,pending
3194,741,1,2026-02-14 07:17:29.217073,cancelled
3195,3194,9,2026-03-17 02:54:31.081219,pending
3196,79,10,2026-02-11 16:11:14.581649,cancelled
3197,1554,10,2026-03-29 15:47:58.555171,cancelled
3198,3676,8,2026-01-24 20:49:08.891038,cancelled
3199,594,6,2026-03-22 19:42:58.325118,pending
3200,4313,9,2026-02-23 13:04:06.500912,pending
3201,4338,5,2026-02-05 06:40:09.939091,completed
3202,4174,1,2026-02-18 16:03:06.352596,completed
3203,3000,6,2026-03-14 09:00:42.260504,pending
3204,4294,4,2026-02-19 01:38:18.213144,cancelled
3205,4358,3,2026-02-02 17:29:16.457222,pending
3206,3414,4,2026-02-24 15:33:07.422481,completed
3207,4830,4,2026-02-04 18:08:57.279826,completed
3208,3015,7,2026-01-11 22:56:15.568349,completed
3209,3441,1,2026-02-04 17:24:34.426828,cancelled
3210,2586,7,2026-01-31 18:27:33.757711,pending
3211,2466,10,2026-01-15 07:25:57.222192,cancelled
3212,3014,5,2026-01-27 19:29:19.576141,completed
3213,3954,8,2026-01-18 08:37:23.411725,completed
3214,3911,4,2026-03-28 13:12:24.066385,completed
3215,450,3,2026-01-22 09:53:24.830604,pending
3216,2696,6,2026-03-24 15:39:49.303415,cancelled
3217,954,3,2026-02-04 10:37:03.633600,pending
3218,422,2,2026-02-04 20:38:16.012451,pending
3219,3147,5,2026-01-28 06:28:49.798094,pending
3220,196,3,2026-01-27 16:43:46.008603,completed
3221,1045,1,2026-03-21 14:34:51.380215,cancelled
3222,3187,10,2026-02-21 11:56:24.348964,completed
3223,269,3,2026-03-31 04:28:59.186787,completed
3224,12,1,2026-03-10 02:03:02.499845,completed
3225,1123,10,2026-03-10 16:25:28.118279,pending
3226,4004,2,2026-03-05 02:21:32.341867,pending
3227,619,2,2026-01-11 22:22:36.076274,cancelled
3228,3003,5,2026-03-07 10:53:28.188776,completed
3229,1869,4,2026-03-17 06:31:01.171876,cancelled
3230,2664,1,2026-03-15 00:29:03.221156,pending
3231,3133,3,2026-03-20 10:42:31.078350,pending
3232,1620,7,2026-02-03 00:09:38.369817,pending
3233,903,8,2026-04-05 05:23:52.772639,cancelled
3234,1662,1,2026-03-30 10:22:15.774562,completed
3235,4655,4,2026-03-22 21:57:53.000543,cancelled
3236,4055,7,2026-03-31 23:54:15.466950,pending
3237,2811,7,2026-01-13 19:57:52.185786,cancelled
3238,4179,7,2026-04-07 15:05:57.159532,cancelled
3239,1536,10,2026-01-04 05:32:10.340200,completed
3240,3998,3,2026-02-17 18:21:41.863868,cancelled
3241,1887,3,2026-03-21 04:25:37.564302,pending
3242,1986,2,2026-01-22 07:37:54.350534,cancelled
3243,4271,8,2026-01-06 11:14:58.707652,cancelled
3244,4507,1,2026-03-31 07:59:30.615065,cancelled
3245,4801,9,2026-02-28 16:55:51.487570,cancelled
3246,2150,3,2026-03-30 13:08:58.378900,cancelled
3247,4590,10,2026-01-23 07:35:24.872067,pending
3248,558,7,2026-03-19 15:51:51.330502,cancelled
3249,2063,7,2026-02-04 02:35:36.633715,cancelled
3250,433,3,2026-02-12 04:13:04.032952,completed
3251,1678,3,2026-01-20 16:42:58.352995,completed
3252,1147,3,2026-03-07 07:33:41.903032,pending
3253,1103,9,2026-01-27 14:21:20.781805,cancelled
3254,2906,9,2026-02-27 20:47:00.749495,cancelled
3255,2111,4,2026-01-30 03:03:11.669724,completed
3256,2604,6,2026-03-03 07:43:14.016925,completed
3257,4074,9,2026-03-29 17:58:34.499955,completed
3258,912,5,2026-01-27 21:12:21.136189,cancelled
3259,4026,1,2026-02-12 19:12:55.942672,pending
3260,4344,6,2026-01-26 01:00:20.406668,completed
3261,237,6,2026-03-24 02:42:31.263992,cancelled
3262,1175,8,2026-01-15 03:07:27.786622,completed
3263,2412,9,2026-02-12 11:46:07.598787,pending
3264,4659,4,2026-03-05 19:17:34.346375,cancelled
3265,3010,2,2026-02-09 06:50:52.852071,completed
3266,1623,7,2026-03-18 17:54:27.322888,pending
3267,3640,4,2026-03-16 01:16:03.132179,cancelled
3268,2787,6,2026-01-09 19:05:51.142041,pending
3269,2362,6,2026-02-14 06:38:41.959504,cancelled
3270,2271,4,2026-01-07 04:54:52.057046,cancelled
3271,2727,3,2026-04-05 19:28:17.699574,pending
3272,1349,3,2026-01-13 19:13:26.574894,cancelled
3273,201,8,2026-03-14 20:17:18.847676,pending
3274,2,8,2026-01-08 14:18:25.744332,completed
3275,2241,3,2026-02-24 22:15:42.926861,cancelled
3276,758,1,2026-03-07 09:14:24.541873,cancelled
3277,4330,3,2026-03-26 13:39:14.523833,cancelled
3278,2093,10,2026-01-30 04:17:48.613632,completed
3279,915,9,2026-03-02 20:06:05.764649,pending
3280,4838,8,2026-03-15 18:09:45.547014,completed
3281,1373,3,2026-03-17 04:32:57.564563,pending
3282,468,2,2026-03-17 21:36:56.534727,pending
3283,2823,3,2026-01-31 20:43:03.143514,completed
3284,4765,1,2026-02-23 19:45:13.516157,cancelled
3285,595,3,2026-04-06 17:39:04.884676,pending
3286,1682,7,2026-02-13 08:11:50.186163,pending
3287,3701,3,2026-03-10 03:26:37.660658,pending
3288,3883,1,2026-03-21 12:05:02.043651,cancelled
3289,1078,1,2026-01-23 23:22:51.847003,cancelled
3290,3261,8,2026-03-09 06:46:11.414117,pending
3291,3556,2,2026-03-18 02:24:18.350262,completed
3292,2568,10,2026-02-05 08:34:00.097126,completed
3293,390,8,2026-02-26 00:19:46.996171,completed
3294,537,8,2026-01-10 08:05:12.549360,cancelled
3295,2019,10,2026-01-23 15:52:59.977982,pending
3296,1311,4,2026-01-04 22:27:01.033606,cancelled
3297,3946,2,2026-01-06 18:54:01.435267,cancelled
3298,4076,4,2026-03-30 23:50:03.396585,pending
3299,4729,10,2026-01-09 00:30:07.933351,completed
3300,1762,10,2026-01-22 15:40:57.594918,pending
3301,3480,8,2026-04-01 00:09:27.946023,cancelled
3302,4129,8,2026-04-01 20:44:05.917251,pending
3303,4350,4,2026-02-09 03:39:30.651111,cancelled
3304,547,6,2026-04-01 22:43:59.107926,pending
3305,4981,1,2026-01-05 14:55:58.411433,completed
3306,3764,5,2026-01-14 17:08:36.165772,pending
3307,3051,1,2026-01-01 06:14:13.682871,completed
3308,1913,1,2026-02-10 16:56:48.006505,cancelled
3309,4680,3,2026-03-10 03:12:40.148867,pending
3310,2242,3,2026-03-05 00:12:48.610077,completed
3311,3337,8,2026-03-12 11:10:21.903692,pending
3312,3919,2,2026-01-20 19:59:12.855339,completed
3313,2649,10,2026-02-09 08:44:14.595429,cancelled
3314,3563,4,2026-01-14 21:35:07.017401,cancelled
3315,2607,8,2026-03-05 20:48:47.569584,cancelled
3316,1288,7,2026-02-15 11:21:51.592635,completed
3317,4740,1,2026-03-26 19:20:13.963297,completed
3318,3993,7,2026-03-15 05:30:07.673167,cancelled
3319,89,9,2026-02-16 03:53:33.282688,completed
3320,3199,8,2026-03-28 18:20:01.689856,completed
3321,4148,5,2026-04-04 06:18:52.775212,pending
3322,4888,7,2026-02-28 15:46:05.053476,completed
3323,952,1,2026-02-13 01:48:35.025263,cancelled
3324,4708,9,2026-02-11 08:42:05.660315,pending
3325,4236,6,2026-02-08 02:15:36.040031,pending
3326,3997,4,2026-01-29 14:19:15.819761,cancelled
3327,3393,10,2026-01-10 09:49:02.904400,pending
3328,2631,7,2026-01-23 01:03:08.543917,pending
3329,192,9,2026-02-26 22:58:11.908354,pending
3330,2449,1,2026-01-15 10:28:38.279982,pending
3331,1649,1,2026-03-17 14:38:40.501439,completed
3332,1498,5,2026-01-26 08:35:22.384652,cancelled
3333,4903,9,2026-01-09 13:54:39.979031,pending
3334,1439,5,2026-03-20 15:29:06.765255,pending
3335,2441,3,2026-03-09 17:54:59.239292,cancelled
3336,2378,1,2026-04-07 08:34:13.009918,cancelled
3337,1703,6,2026-03-31 17:55:47.871695,completed
3338,2119,10,2026-01-20 11:31:15.369225,cancelled
3339,1845,1,2026-01-02 20:38:47.392900,pending
3340,1465,9,2026-03-06 01:52:07.407208,completed
3341,2607,6,2026-03-22 05:27:40.750960,completed
3342,3135,1,2026-03-15 23:41:23.532063,pending
3343,601,3,2026-01-25 20:25:03.799918,cancelled
3344,3762,1,2026-03-11 23:17:27.021299,pending
3345,4553,8,2026-01-14 03:14:38.818855,pending
3346,835,2,2026-01-26 00:40:06.457062,pending
3347,4638,3,2026-03-16 21:31:35.857477,completed
3348,4997,2,2026-02-19 11:44:50.461475,completed
3349,2966,9,2026-02-15 15:51:49.739970,pending
3350,1278,2,2026-03-23 06:15:29.480736,completed
3351,4934,5,2026-03-25 21:43:59.248151,pending
3352,1835,8,2026-01-07 14:48:24.682443,cancelled
3353,1502,3,2026-01-17 03:10:51.112469,pending
3354,2957,4,2026-02-24 16:16:37.867207,cancelled
3355,3119,2,2026-02-18 14:50:19.796979,cancelled
3356,1697,7,2026-03-25 16:29:09.410506,cancelled
3357,1571,8,2026-01-31 15:20:37.528599,cancelled
3358,2253,6,2026-03-16 19:05:11.086413,pending
3359,146,9,2026-03-28 06:18:56.255907,pending
3360,3356,2,2026-01-07 16:19:00.106510,cancelled
3361,4121,6,2026-03-31 15:05:49.692977,pending
3362,3506,6,2026-01-09 10:24:26.312148,cancelled
3363,3067,7,2026-03-11 07:07:57.014818,pending
3364,361,1,2026-03-21 16:29:36.754964,pending
3365,3796,9,2026-03-25 17:18:53.020204,pending
3366,1570,1,2026-03-09 03:29:15.833088,pending
3367,2035,8,2026-04-04 17:58:56.296208,pending
3368,1036,10,2026-03-01 04:52:33.243166,pending
3369,2843,2,2026-01-13 23:09:37.563769,pending
3370,2167,3,2026-03-22 04:45:28.681067,completed
3371,4999,6,2026-02-03 11:31:03.898561,completed
3372,3479,2,2026-01-13 23:27:14.834938,pending
3373,2190,8,2026-01-02 22:12:09.855965,cancelled
3374,4070,10,2026-03-20 07:32:07.421595,completed
3375,3143,9,2026-01-06 05:26:32.934945,completed
3376,3328,6,2026-03-12 01:19:22.279408,pending
3377,4546,5,2026-02-14 18:49:40.830007,cancelled
3378,379,1,2026-01-26 07:12:26.333903,completed
3379,1132,7,2026-03-23 13:43:03.613147,completed
3380,61,7,2026-02-07 07:25:14.024459,pending
3381,4177,4,2026-03-21 23:09:04.587467,cancelled
3382,2827,1,2026-03-21 10:15:53.710302,pending
3383,3588,5,2026-02-24 16:31:37.833445,cancelled
3384,3371,1,2026-01-26 06:07:29.278326,cancelled
3385,2785,2,2026-03-28 00:28:17.427199,cancelled
3386,3522,8,2026-02-05 01:53:32.144838,completed
3387,4561,6,2026-03-13 06:05:26.586761,completed
3388,4691,2,2026-01-08 03:47:27.380246,cancelled
3389,225,9,2026-02-21 07:49:57.706541,cancelled
3390,1651,6,2026-02-23 06:14:47.963957,cancelled
3391,3714,6,2026-01-13 14:09:30.756795,pending
3392,364,2,2026-04-03 06:44:59.174430,pending
3393,353,1,2026-01-06 06:48:56.540647,pending
3394,2420,8,2026-01-18 11:48:47.912830,pending
3395,775,9,2026-04-04 00:59:52.697188,pending
3396,4542,3,2026-02-27 07:46:48.038390,cancelled
3397,2558,1,2026-01-22 19:04:54.008959,cancelled
3398,460,7,2026-01-03 19:18:52.184196,pending
3399,1427,4,2026-03-25 06:08:25.218240,completed
3400,2623,5,2026-01-31 22:28:48.409172,cancelled
3401,4900,2,2026-01-08 07:02:50.106535,pending
3402,1193,5,2026-03-13 00:44:49.198724,cancelled
3403,3748,5,2026-04-06 03:07:35.214242,pending
3404,1862,7,2026-03-07 17:44:40.599756,cancelled
3405,4681,2,2026-03-15 02:19:05.960713,pending
3406,2120,6,2026-02-03 14:53:26.986086,cancelled
3407,3752,1,2026-01-18 20:54:53.832418,completed
3408,2554,6,2026-03-04 13:35:25.303060,pending
3409,1590,5,2026-02-13 22:28:55.583786,pending
3410,4680,1,2026-01-18 08:49:59.272544,cancelled
3411,3158,6,2026-02-14 14:16:57.215449,cancelled
3412,1255,3,2026-01-24 03:21:26.193233,completed
3413,2298,8,2026-02-28 17:23:37.427395,completed
3414,1369,9,2026-02-14 19:08:43.557055,pending
3415,3278,6,2026-01-06 16:54:32.723318,pending
3416,1070,1,2026-03-03 07:57:32.600796,completed
3417,4783,10,2026-02-16 22:41:44.541838,pending
3418,2105,1,2026-02-06 01:01:04.793701,cancelled
3419,3551,1,2026-04-06 14:27:45.981089,completed
3420,192,8,2026-03-21 06:59:03.144091,pending
3421,506,5,2026-04-01 05:36:57.014065,pending
3422,1222,3,2026-03-04 21:03:08.150422,completed
3423,2909,9,2026-02-16 15:29:41.702457,pending
3424,2070,5,2026-02-20 08:46:35.070622,pending
3425,1929,2,2026-04-03 05:34:18.659775,completed
3426,2815,10,2026-01-25 14:45:56.920943,pending
3427,3880,6,2026-02-11 06:15:24.229987,cancelled
3428,4896,5,2026-03-14 12:05:24.089308,completed
3429,2721,10,2026-03-10 18:45:32.062547,pending
3430,1249,8,2026-03-11 05:42:17.586380,cancelled
3431,4682,6,2026-02-18 19:52:00.046448,completed
3432,2819,5,2026-03-26 22:25:03.750577,cancelled
3433,3612,8,2026-03-30 03:39:29.642147,pending
3434,2463,1,2026-04-02 22:30:26.971866,completed
3435,3133,7,2026-04-07 00:06:35.469026,cancelled
3436,3728,1,2026-01-13 18:28:13.602526,completed
3437,4878,8,2026-02-01 14:35:34.951290,cancelled
3438,4487,5,2026-01-23 10:21:26.757630,completed
3439,1440,2,2026-02-11 04:40:03.444208,pending
3440,799,5,2026-02-24 22:48:18.306973,completed
3441,3609,2,2026-03-28 04:35:16.819466,cancelled
3442,4934,5,2026-01-25 16:56:08.035660,cancelled
3443,3768,5,2026-03-18 08:51:04.649089,cancelled
3444,1333,6,2026-02-20 20:13:09.569023,pending
3445,4944,3,2026-01-27 21:53:59.507820,cancelled
3446,4871,8,2026-02-21 05:43:25.228940,pending
3447,3338,3,2026-02-05 11:52:01.709893,completed
3448,3,6,2026-01-03 11:01:36.313681,completed
3449,4440,7,2026-03-18 12:07:43.149929,completed
3450,762,7,2026-04-07 12:44:24.798640,completed
3451,4648,8,2026-04-03 19:05:19.118667,completed
3452,1554,9,2026-02-11 18:42:59.734317,cancelled
3453,4009,9,2026-01-09 06:54:35.335642,completed
3454,4099,7,2026-01-29 08:55:54.187769,completed
3455,579,6,2026-03-08 14:29:33.651929,completed
3456,3483,2,2026-03-03 23:33:30.799031,cancelled
3457,2598,6,2026-01-13 04:09:27.757402,completed
3458,1759,6,2026-02-28 22:27:04.352473,completed
3459,2935,8,2026-03-02 05:04:09.002910,cancelled
3460,3738,1,2026-02-08 17:31:02.252336,cancelled
3461,3964,6,2026-01-22 08:39:33.672583,completed
3462,1002,7,2026-02-02 01:11:00.589531,cancelled
3463,4335,6,2026-01-12 10:29:40.153877,completed
3464,4080,6,2026-03-07 08:40:15.587352,pending
3465,1636,3,2026-01-04 15:37:38.517524,completed
3466,4153,7,2026-03-31 13:59:39.009553,completed
3467,1032,2,2026-03-03 02:31:06.824066,pending
3468,4731,6,2026-01-21 08:28:28.607635,pending
3469,1982,4,2026-03-23 09:30:04.381480,completed
3470,674,9,2026-03-25 17:26:52.098402,pending
3471,2415,9,2026-03-16 22:30:11.549910,pending
3472,1089,3,2026-03-04 16:27:48.228079,cancelled
3473,3948,9,2026-03-14 10:10:59.280928,pending
3474,2322,4,2026-02-02 14:14:46.781223,completed
3475,2598,6,2026-02-19 13:43:17.712402,completed
3476,2073,4,2026-03-28 07:46:13.412850,cancelled
3477,4440,1,2026-01-14 09:35:17.480039,cancelled
3478,2764,9,2026-01-01 13:01:18.815976,cancelled
3479,2886,6,2026-03-18 03:52:32.757051,pending
3480,3588,10,2026-02-28 02:54:06.788726,completed
3481,890,8,2026-03-19 08:01:32.391368,completed
3482,1727,3,2026-01-22 11:05:19.806408,completed
3483,3239,6,2026-01-11 02:31:51.873293,pending
3484,2572,6,2026-02-04 22:28:59.245266,cancelled
3485,3204,9,2026-01-11 15:33:32.917129,pending
3486,3667,6,2026-01-07 20:33:13.043578,pending
3487,4330,4,2026-03-22 20:35:32.573115,pending
3488,2895,7,2026-01-31 01:19:56.454882,pending
3489,2995,4,2026-01-20 09:32:03.045141,pending
3490,3678,4,2026-01-12 08:01:13.501087,cancelled
3491,1183,8,2026-04-03 22:56:06.513476,completed
3492,4506,9,2026-02-15 05:58:41.727887,completed
3493,3685,10,2026-03-25 21:50:10.874048,pending
3494,4788,7,2026-03-21 00:21:03.294641,completed
3495,840,7,2026-04-07 14:57:19.070560,pending
3496,2297,8,2026-01-01 12:48:56.214447,cancelled
3497,494,6,2026-03-20 12:12:02.567593,cancelled
3498,2671,5,2026-03-22 23:17:55.085498,pending
3499,590,8,2026-04-03 09:24:54.030260,pending
3500,933,6,2026-01-11 18:04:19.556680,pending
3501,4193,9,2026-03-11 07:14:28.718835,cancelled
3502,3312,5,2026-03-19 12:20:42.850479,pending
3503,3223,3,2026-02-18 18:18:39.677973,pending
3504,1500,9,2026-04-05 14:46:51.817241,pending
3505,484,5,2026-03-18 04:26:27.693591,completed
3506,2060,10,2026-03-01 13:05:02.191959,cancelled
3507,2283,7,2026-03-12 23:33:22.302276,completed
3508,3546,10,2026-02-27 13:35:09.891639,cancelled
3509,2953,4,2026-02-02 09:21:27.409488,completed
3510,927,5,2026-01-01 08:40:16.047338,pending
3511,673,6,2026-03-08 02:26:34.438302,cancelled
3512,648,10,2026-02-27 14:46:39.023849,cancelled
3513,4672,1,2026-03-15 20:01:13.702772,completed
3514,4004,5,2026-01-22 17:10:29.768569,completed
3515,4833,3,2026-02-16 05:37:04.536239,pending
3516,731,8,2026-02-22 20:25:18.501340,completed
3517,3773,7,2026-03-21 11:42:11.605617,completed
3518,4387,5,2026-02-24 09:24:20.946017,completed
3519,4249,5,2026-03-27 05:35:35.768410,completed
3520,3436,2,2026-02-06 18:03:48.559446,cancelled
3521,3597,3,2026-02-06 04:41:57.702587,cancelled
3522,212,9,2026-03-20 01:02:27.456661,pending
3523,1211,5,2026-03-10 20:50:23.451909,pending
3524,1254,4,2026-03-09 20:09:27.338418,completed
3525,2386,4,2026-03-03 03:33:12.151113,cancelled
3526,3874,10,2026-01-21 15:32:57.667854,cancelled
3527,4510,2,2026-03-04 11:12:01.543916,pending
3528,87,8,2026-03-22 22:01:53.747847,pending
3529,4539,5,2026-03-04 20:44:30.126298,pending
3530,2112,10,2026-03-05 11:11:51.463333,completed
3531,3815,9,2026-01-19 00:04:21.775990,completed
3532,3457,10,2026-01-11 09:16:30.767132,cancelled
3533,4365,3,2026-03-01 13:19:13.131464,pending
3534,4867,7,2026-01-08 20:34:21.326080,completed
3535,2931,10,2026-02-22 00:38:30.260390,completed
3536,1236,3,2026-01-07 03:22:51.722010,cancelled
3537,562,10,2026-02-08 17:04:55.910465,pending
3538,1973,3,2026-01-15 11:01:41.240658,completed
3539,303,9,2026-01-18 15:01:30.215535,pending
3540,4576,3,2026-02-22 23:30:42.434987,pending
3541,2938,7,2026-01-26 12:42:59.629873,cancelled
3542,4438,10,2026-03-20 10:24:18.327051,completed
3543,4376,4,2026-02-01 04:13:00.639107,pending
3544,930,7,2026-02-03 23:30:00.128886,completed
3545,89,4,2026-02-03 06:08:34.198691,pending
3546,1495,4,2026-01-25 06:39:36.161584,cancelled
3547,4032,2,2026-03-04 20:08:11.276838,completed
3548,1225,7,2026-02-18 18:14:43.880791,pending
3549,3289,5,2026-03-06 23:18:06.169321,pending
3550,669,7,2026-02-03 15:28:13.907283,completed
3551,2302,2,2026-04-05 00:02:46.991361,completed
3552,4636,5,2026-02-18 23:48:22.090717,completed
3553,243,9,2026-02-12 05:05:03.277654,cancelled
3554,4910,6,2026-01-30 02:00:05.306798,completed
3555,3644,5,2026-02-23 16:50:48.151100,completed
3556,1302,6,2026-02-03 13:14:01.989304,cancelled
3557,2446,2,2026-04-04 14:08:34.226428,completed
3558,4088,4,2026-02-18 12:21:32.895474,pending
3559,2781,9,2026-01-30 22:30:27.766229,pending
3560,3428,1,2026-03-15 22:32:09.143119,completed
3561,3680,3,2026-02-03 23:08:06.101392,cancelled
3562,4070,1,2026-02-15 20:17:26.171252,pending
3563,3705,2,2026-02-18 10:34:06.787995,completed
3564,1758,2,2026-03-11 13:01:24.656257,completed
3565,3854,9,2026-03-11 09:12:59.927397,pending
3566,4969,10,2026-03-28 06:28:03.840875,cancelled
3567,1019,8,2026-03-31 06:59:50.680319,pending
3568,2378,8,2026-02-15 19:52:45.767656,pending
3569,4425,8,2026-01-01 09:32:23.921383,completed
3570,924,2,2026-03-16 00:41:28.335897,completed
3571,2581,6,2026-03-04 01:23:44.546111,pending
3572,4742,8,2026-03-24 12:55:49.563787,pending
3573,1894,10,2026-02-12 23:16:30.044160,cancelled
3574,4439,5,2026-02-20 06:59:01.562461,completed
3575,600,5,2026-04-06 12:45:44.607265,completed
3576,4673,5,2026-03-03 09:18:09.859972,completed
3577,2475,1,2026-01-10 03:53:25.001095,cancelled
3578,1990,9,2026-02-04 17:52:30.731187,pending
3579,2390,9,2026-03-14 07:54:13.503059,cancelled
3580,4561,1,2026-01-08 14:10:51.053382,cancelled
3581,3856,1,2026-03-11 04:03:49.891713,pending
3582,4617,6,2026-02-09 21:21:52.278175,completed
3583,1931,2,2026-03-24 11:20:38.305934,cancelled
3584,2455,7,2026-01-29 05:23:02.773664,completed
3585,286,7,2026-03-05 03:30:55.591928,pending
3586,2383,7,2026-03-03 09:56:08.085734,cancelled
3587,4191,4,2026-03-27 17:47:59.129423,cancelled
3588,1427,9,2026-02-28 16:44:27.976247,cancelled
3589,2462,1,2026-01-27 08:04:06.187858,pending
3590,4700,8,2026-03-17 18:14:16.562541,pending
3591,3316,2,2026-03-02 02:03:14.920136,cancelled
3592,1003,6,2026-03-05 14:02:44.628964,cancelled
3593,1539,8,2026-02-03 03:10:00.142773,pending
3594,3480,5,2026-01-04 14:40:50.697365,pending
3595,3700,2,2026-02-24 23:47:43.384791,pending
3596,281,8,2026-02-10 08:58:05.987581,completed
3597,1475,8,2026-03-21 07:17:04.185486,pending
3598,2575,4,2026-01-16 14:56:53.032800,cancelled
3599,4633,9,2026-03-28 05:55:59.959359,completed
3600,2925,4,2026-01-05 02:48:39.314958,cancelled
3601,2105,9,2026-01-01 20:52:31.243075,pending
3602,3103,8,2026-03-24 22:22:27.044107,cancelled
3603,3173,6,2026-03-27 01:07:37.910790,completed
3604,118,9,2026-03-15 18:47:47.126825,cancelled
3605,3012,6,2026-01-01 22:35:55.247548,pending
3606,701,4,2026-01-01 09:41:49.400606,cancelled
3607,1630,5,2026-02-04 04:24:06.398841,pending
3608,2560,9,2026-03-24 12:05:11.480596,pending
3609,2554,3,2026-02-19 09:22:57.480967,cancelled
3610,3274,4,2026-01-15 00:04:32.402863,pending
3611,155,9,2026-03-24 04:19:52.940629,completed
3612,4951,8,2026-01-31 09:25:13.893576,completed
3613,3821,4,2026-03-01 00:47:29.242396,completed
3614,2732,10,2026-03-20 20:05:03.960691,pending
3615,96,7,2026-02-12 02:06:13.688305,pending
3616,2513,1,2026-01-01 04:35:35.521807,cancelled
3617,3259,2,2026-01-14 17:19:21.213528,completed
3618,3507,9,2026-01-17 14:06:56.842459,completed
3619,76,9,2026-03-08 06:35:10.159133,cancelled
3620,2054,9,2026-02-26 06:31:31.441698,pending
3621,37,10,2026-02-15 11:16:46.869098,cancelled
3622,951,7,2026-01-16 10:03:26.129513,completed
3623,4743,7,2026-01-24 04:57:12.944877,cancelled
3624,267,9,2026-03-21 20:26:46.321405,cancelled
3625,4378,2,2026-03-04 19:53:27.807598,pending
3626,3478,6,2026-02-15 03:07:00.059687,cancelled
3627,4977,8,2026-01-11 15:13:14.771791,completed
3628,2069,4,2026-02-09 20:21:29.506313,pending
3629,3932,8,2026-02-07 10:20:15.093194,completed
3630,1555,8,2026-03-06 05:28:25.917374,cancelled
3631,570,4,2026-01-14 16:59:26.482506,pending
3632,3386,5,2026-03-08 22:57:37.712593,pending
3633,2790,3,2026-03-15 03:19:32.469101,pending
3634,599,2,2026-01-29 12:52:02.033962,cancelled
3635,3998,10,2026-02-28 19:41:03.532461,cancelled
3636,1541,7,2026-03-14 06:11:57.026703,pending
3637,4558,10,2026-03-01 23:45:45.190839,cancelled
3638,1949,2,2026-02-02 17:36:33.194693,completed
3639,121,5,2026-02-15 06:58:38.208039,completed
3640,2580,9,2026-01-07 12:59:43.546082,completed
3641,4721,10,2026-01-06 20:15:28.328047,pending
3642,4106,5,2026-03-18 07:14:01.791274,completed
3643,2946,2,2026-01-24 19:55:55.821649,pending
3644,3955,10,2026-04-05 02:38:30.002281,completed
3645,4290,7,2026-01-22 18:53:45.772665,completed
3646,3247,7,2026-04-05 01:42:43.259119,cancelled
3647,4233,2,2026-03-13 09:15:31.965273,completed
3648,3154,5,2026-01-25 12:08:25.167328,completed
3649,3517,3,2026-02-10 17:35:20.851824,completed
3650,2783,10,2026-01-25 16:54:08.542817,pending
3651,2973,8,2026-02-02 00:13:44.723277,completed
3652,1434,2,2026-01-27 04:19:28.327273,pending
3653,4486,5,2026-03-02 15:05:00.624241,completed
3654,1758,1,2026-01-28 19:18:37.051473,completed
3655,4254,6,2026-03-29 04:20:49.693254,cancelled
3656,2874,5,2026-01-30 07:30:33.128956,cancelled
3657,3694,2,2026-03-07 14:33:58.877901,completed
3658,380,8,2026-01-02 15:04:20.017394,pending
3659,1314,2,2026-03-24 18:47:49.224139,pending
3660,2279,2,2026-03-05 21:35:50.352205,completed
3661,3704,6,2026-02-18 11:48:15.908502,cancelled
3662,1281,7,2026-03-27 21:41:53.050897,completed
3663,246,1,2026-01-26 04:37:37.018336,pending
3664,808,10,2026-01-03 17:55:36.373889,completed
3665,4059,4,2026-01-10 02:54:04.957947,pending
3666,492,4,2026-04-05 23:37:38.873573,cancelled
3667,3388,10,2026-02-02 11:22:10.948494,completed
3668,1220,5,2026-03-19 15:16:55.645823,completed
3669,339,1,2026-03-10 13:58:14.181202,completed
3670,683,5,2026-03-20 17:28:22.990384,cancelled
3671,4035,3,2026-02-07 01:13:34.257176,completed
3672,1023,7,2026-01-22 11:39:58.337692,cancelled
3673,3095,3,2026-01-19 00:26:58.866240,cancelled
3674,2463,6,2026-03-09 17:10:16.216815,cancelled
3675,4559,5,2026-01-30 16:25:13.718433,cancelled
3676,3739,8,2026-01-07 01:59:51.569036,completed
3677,2479,3,2026-03-16 05:21:48.112330,completed
3678,4718,4,2026-01-22 20:17:11.162245,cancelled
3679,1916,2,2026-04-04 14:29:53.352212,completed
3680,661,6,2026-01-26 22:59:11.266886,completed
3681,4555,9,2026-01-12 09:56:06.344268,completed
3682,2001,6,2026-03-18 11:24:45.590046,pending
3683,2290,10,2026-01-08 21:22:07.022223,cancelled
3684,2666,9,2026-03-01 10:24:15.032501,pending
3685,2195,5,2026-03-22 14:44:46.957246,completed
3686,4554,8,2026-03-30 19:33:55.655822,completed
3687,2423,6,2026-01-16 13:03:08.713705,completed
3688,636,10,2026-01-14 06:44:21.816752,completed
3689,476,1,2026-02-28 13:37:28.826541,completed
3690,4311,1,2026-01-27 22:22:06.359053,cancelled
3691,2263,3,2026-01-07 04:44:47.610961,pending
3692,2789,7,2026-02-21 12:40:54.008155,cancelled
3693,1521,8,2026-04-02 06:18:11.326525,cancelled
3694,3619,8,2026-02-06 06:28:07.321139,cancelled
3695,3292,5,2026-04-05 11:45:13.143405,cancelled
3696,3807,2,2026-04-03 01:30:11.582425,cancelled
3697,290,6,2026-01-30 16:43:44.434279,completed
3698,4114,1,2026-02-27 10:44:23.377024,completed
3699,930,2,2026-02-10 12:50:13.157286,cancelled
3700,3923,9,2026-01-28 01:03:39.265110,cancelled
3701,1534,4,2026-01-14 23:25:00.457582,cancelled
3702,4678,3,2026-01-10 08:06:43.059581,completed
3703,4590,6,2026-04-01 20:01:35.631743,completed
3704,3666,9,2026-01-26 14:51:19.502066,pending
3705,4904,4,2026-01-17 10:03:16.152545,cancelled
3706,4343,7,2026-03-27 01:20:08.018985,cancelled
3707,3218,6,2026-03-07 01:22:26.741295,pending
3708,2654,10,2026-02-02 15:39:31.300192,completed
3709,3890,7,2026-02-21 15:47:09.397297,completed
3710,3331,10,2026-02-14 17:12:01.811040,completed
3711,4988,5,2026-02-04 04:50:08.427670,cancelled
3712,2274,9,2026-04-04 09:24:24.335521,cancelled
3713,2931,7,2026-03-19 12:48:19.972255,cancelled
3714,1308,2,2026-03-17 14:26:23.700848,cancelled
3715,3357,8,2026-03-12 01:21:57.179981,completed
3716,2382,6,2026-01-02 19:45:31.991270,pending
3717,1624,9,2026-03-04 10:39:40.374272,cancelled
3718,2783,6,2026-01-01 13:35:38.888619,cancelled
3719,3480,2,2026-03-23 15:37:02.426959,cancelled
3720,4163,4,2026-03-22 23:52:14.008610,pending
3721,460,3,2026-01-24 11:43:00.484175,completed
3722,318,7,2026-02-01 13:58:18.840161,completed
3723,2983,3,2026-02-13 04:33:58.795494,completed
3724,594,5,2026-03-15 16:44:39.260209,pending
3725,4298,5,2026-04-01 19:15:14.993317,cancelled
3726,3945,1,2026-01-18 04:34:43.945352,pending
3727,1827,3,2026-01-12 00:23:37.311553,cancelled
3728,3951,2,2026-02-15 04:42:04.386925,pending
3729,2418,9,2026-01-17 23:52:09.749100,pending
3730,4111,1,2026-02-15 18:36:46.273100,cancelled
3731,85,6,2026-01-15 02:52:09.665323,cancelled
3732,2310,7,2026-01-26 10:00:01.820952,cancelled
3733,4317,4,2026-02-21 12:14:56.787561,cancelled
3734,1491,3,2026-01-23 10:08:19.355592,completed
3735,4898,3,2026-03-27 02:20:43.741447,cancelled
3736,2612,5,2026-01-28 22:17:17.021812,completed
3737,3312,6,2026-01-22 17:37:27.985538,cancelled
3738,571,10,2026-03-16 10:12:32.541829,cancelled
3739,1195,3,2026-01-19 13:02:23.984823,completed
3740,1394,9,2026-03-12 13:41:53.852273,pending
3741,1201,5,2026-02-28 16:46:14.433068,completed
3742,735,3,2026-01-31 20:18:27.362843,cancelled
3743,434,2,2026-02-03 19:02:05.275903,cancelled
3744,828,8,2026-03-26 04:51:08.298746,cancelled
3745,3883,7,2026-03-02 15:18:00.233863,completed
3746,533,4,2026-02-12 22:15:07.064827,cancelled
3747,2009,3,2026-03-10 07:46:58.519828,pending
3748,3304,4,2026-03-02 09:49:34.793957,pending
3749,1937,9,2026-01-15 22:39:14.104179,pending
3750,3681,8,2026-02-16 21:46:54.588191,completed
3751,2596,6,2026-01-31 10:36:29.427438,cancelled
3752,1276,9,2026-03-25 19:28:50.711847,cancelled
3753,3130,4,2026-02-20 22:27:07.054153,completed
3754,2440,8,2026-02-12 16:32:21.941609,completed
3755,668,5,2026-02-10 11:59:31.121104,completed
3756,4456,1,2026-01-02 02:37:14.541755,cancelled
3757,4380,2,2026-03-10 23:36:34.065391,pending
3758,3525,4,2026-03-27 22:11:32.197865,cancelled
3759,3632,10,2026-01-16 11:47:43.960454,completed
3760,538,1,2026-03-18 01:43:17.380038,cancelled
3761,3501,7,2026-03-17 04:48:51.613483,completed
3762,4854,6,2026-04-06 10:24:58.971880,pending
3763,1356,7,2026-04-05 00:20:57.439670,completed
3764,100,9,2026-01-31 15:32:37.988865,pending
3765,2724,4,2026-03-02 03:38:26.906606,cancelled
3766,4420,2,2026-04-06 16:11:18.796703,completed
3767,379,1,2026-04-02 13:53:35.923262,completed
3768,1913,4,2026-01-04 07:10:33.480990,completed
3769,856,1,2026-01-23 05:41:09.666223,pending
3770,3578,7,2026-02-11 06:28:14.486412,pending
3771,2276,5,2026-02-23 05:27:26.116912,cancelled
3772,369,10,2026-01-20 17:48:16.445849,completed
3773,2394,6,2026-03-19 15:02:51.704475,pending
3774,2907,4,2026-04-07 14:30:57.865733,completed
3775,833,3,2026-03-19 10:29:02.268868,completed
3776,4492,2,2026-01-28 16:35:32.701471,completed
3777,2111,10,2026-01-26 13:31:50.316695,pending
3778,167,1,2026-03-28 21:25:46.062273,cancelled
3779,2158,5,2026-03-25 09:25:11.193330,completed
3780,3622,10,2026-03-31 10:17:16.207397,completed
3781,2524,4,2026-02-13 12:35:35.760813,cancelled
3782,2578,3,2026-03-06 02:28:18.029712,cancelled
3783,2525,7,2026-02-26 13:10:07.568783,cancelled
3784,3028,5,2026-01-07 20:28:00.979458,pending
3785,1935,1,2026-02-20 12:36:54.430294,pending
3786,1041,9,2026-01-17 05:29:43.337358,cancelled
3787,4045,4,2026-01-02 01:16:11.204589,cancelled
3788,1295,9,2026-01-02 12:39:16.539071,cancelled
3789,2035,1,2026-03-29 21:50:47.720437,cancelled
3790,1364,7,2026-04-06 03:44:08.780380,cancelled
3791,1024,3,2026-01-01 14:32:29.343765,pending
3792,1423,9,2026-02-06 16:02:27.664644,pending
3793,4724,10,2026-01-25 10:24:17.644483,pending
3794,3654,7,2026-01-09 11:29:47.629842,completed
3795,444,3,2026-03-11 16:32:09.465473,completed
3796,189,7,2026-03-20 09:51:50.265537,cancelled
3797,134,9,2026-03-16 04:14:24.425242,cancelled
3798,4169,4,2026-03-22 22:31:49.216212,pending
3799,3416,8,2026-01-22 10:39:03.551289,cancelled
3800,4890,2,2026-03-08 23:28:22.516005,pending
3801,3081,6,2026-01-17 06:00:56.082186,completed
3802,4004,2,2026-03-23 07:22:14.264481,pending
3803,2218,3,2026-03-08 00:26:09.835645,cancelled
3804,297,8,2026-01-22 21:50:26.669534,cancelled
3805,308,1,2026-03-04 05:41:32.591691,cancelled
3806,1743,10,2026-03-03 09:14:38.998591,completed
3807,4062,5,2026-03-18 17:27:33.702134,cancelled
3808,393,9,2026-02-23 06:37:01.748679,pending
3809,1983,4,2026-01-13 21:21:49.101044,pending
3810,3897,7,2026-01-14 12:00:31.447875,cancelled
3811,4503,9,2026-03-07 10:27:33.130396,completed
3812,1016,3,2026-02-27 04:51:58.200853,pending
3813,4391,6,2026-03-22 23:01:59.691065,cancelled
3814,1078,4,2026-03-29 19:42:42.608902,pending
3815,1236,4,2026-03-10 03:16:08.591421,completed
3816,2498,6,2026-03-29 17:09:49.904598,cancelled
3817,2765,1,2026-03-07 12:56:07.250396,pending
3818,2289,9,2026-01-20 23:21:03.589798,completed
3819,3406,4,2026-01-13 20:06:02.755412,completed
3820,2817,3,2026-03-02 19:48:27.569731,completed
3821,3660,7,2026-03-23 00:51:12.939915,completed
3822,916,2,2026-02-15 14:45:52.037770,pending
3823,4298,2,2026-03-18 14:56:01.903679,cancelled
3824,3749,10,2026-03-29 01:07:53.992225,completed
3825,3729,8,2026-02-15 23:07:10.925359,cancelled
3826,1010,10,2026-02-08 05:48:04.789541,cancelled
3827,2064,3,2026-02-09 23:43:52.325321,cancelled
3828,3269,5,2026-02-15 20:47:55.847757,pending
3829,997,10,2026-03-23 23:47:12.413623,completed
3830,2795,5,2026-03-29 00:04:12.196366,completed
3831,2404,5,2026-03-06 17:35:08.704120,cancelled
3832,3357,2,2026-01-24 04:27:06.732080,pending
3833,666,8,2026-02-04 03:17:38.305692,completed
3834,3161,9,2026-03-28 05:04:02.991304,cancelled
3835,2536,2,2026-01-01 12:38:32.868121,pending
3836,4793,2,2026-02-14 05:33:24.345763,pending
3837,3609,9,2026-02-06 08:28:48.368793,pending
3838,1636,8,2026-03-18 17:29:00.973519,pending
3839,2784,10,2026-01-02 12:11:08.002716,pending
3840,1342,9,2026-02-15 07:28:09.266997,pending
3841,1995,8,2026-02-14 08:57:13.312933,cancelled
3842,3419,1,2026-01-06 14:29:33.251763,completed
3843,2860,2,2026-03-12 21:44:38.121912,cancelled
3844,852,9,2026-02-22 07:23:15.903588,cancelled
3845,4458,2,2026-02-03 17:19:10.464231,cancelled
3846,543,2,2026-02-24 01:31:31.653073,pending
3847,1662,7,2026-03-28 04:59:39.848450,pending
3848,257,6,2026-01-21 20:51:05.356770,completed
3849,527,5,2026-03-16 05:48:13.344718,pending
3850,2574,8,2026-01-30 20:46:49.722085,cancelled
3851,2089,8,2026-04-04 17:24:44.231031,pending
3852,3072,4,2026-02-04 20:15:14.595832,cancelled
3853,3837,3,2026-02-13 19:12:39.490747,pending
3854,325,8,2026-02-19 08:49:29.084032,pending
3855,4555,5,2026-03-03 01:52:22.870297,pending
3856,3574,4,2026-02-27 04:30:59.468086,completed
3857,956,6,2026-02-10 21:44:46.718034,cancelled
3858,2163,9,2026-01-10 23:43:57.227385,cancelled
3859,1043,9,2026-01-04 23:19:00.880549,cancelled
3860,1726,7,2026-03-10 14:12:20.389316,pending
3861,2849,1,2026-02-18 04:23:45.807753,cancelled
3862,2277,3,2026-02-10 07:25:33.296613,cancelled
3863,4042,4,2026-03-12 17:41:44.697996,completed
3864,3392,10,2026-03-14 18:17:56.899747,pending
3865,1615,7,2026-03-05 04:48:10.382705,completed
3866,3447,8,2026-03-11 06:25:48.667008,pending
3867,4323,4,2026-01-03 06:44:00.705293,cancelled
3868,2877,6,2026-04-01 09:12:32.524066,pending
3869,3336,3,2026-01-01 20:37:46.794263,pending
3870,2408,3,2026-02-22 01:58:48.221679,cancelled
3871,3294,1,2026-01-06 01:28:36.630503,cancelled
3872,886,7,2026-01-02 01:18:48.443017,pending
3873,4630,1,2026-02-10 07:56:54.420266,completed
3874,4901,2,2026-01-16 12:29:06.137146,completed
3875,450,10,2026-02-07 21:40:02.683840,completed
3876,1596,2,2026-02-25 03:24:59.516941,cancelled
3877,432,7,2026-04-04 13:41:43.698995,completed
3878,2836,1,2026-03-03 13:42:49.889632,completed
3879,2584,6,2026-02-23 20:24:46.251851,pending
3880,4741,7,2026-01-17 11:35:32.626554,pending
3881,1759,1,2026-03-11 07:37:33.537895,cancelled
3882,1142,1,2026-02-05 17:39:57.679234,pending
3883,1934,7,2026-01-02 17:03:14.070014,completed
3884,3250,3,2026-02-13 18:28:16.354875,pending
3885,3413,1,2026-03-13 17:28:23.732222,completed
3886,2244,2,2026-01-13 23:01:11.021555,cancelled
3887,4426,5,2026-01-13 06:01:45.363557,cancelled
3888,3850,10,2026-01-07 11:59:42.237457,completed
3889,771,3,2026-04-02 17:04:58.333061,cancelled
3890,1584,3,2026-03-05 13:13:31.004975,pending
3891,2434,5,2026-04-06 06:00:14.822748,completed
3892,683,8,2026-01-30 02:32:18.118092,pending
3893,531,5,2026-01-11 05:56:23.023944,completed
3894,3873,4,2026-02-28 13:32:02.077590,pending
3895,2134,8,2026-01-28 18:24:53.077933,cancelled
3896,1252,10,2026-01-28 19:30:18.356029,cancelled
3897,2501,7,2026-03-02 20:18:11.427606,cancelled
3898,3748,7,2026-03-13 20:31:27.181083,pending
3899,2360,10,2026-02-22 22:46:24.273198,completed
3900,1885,4,2026-03-12 15:58:34.882086,completed
3901,1485,1,2026-03-16 20:57:34.188048,cancelled
3902,1125,2,2026-02-07 04:28:43.751164,pending
3903,3544,1,2026-01-17 00:13:20.194331,completed
3904,1272,10,2026-02-07 15:30:44.936719,pending
3905,3441,1,2026-02-06 12:14:40.333740,cancelled
3906,2914,9,2026-03-18 13:04:28.684106,completed
3907,1744,10,2026-01-22 18:46:05.544236,cancelled
3908,3850,10,2026-01-16 11:51:34.865224,completed
3909,75,5,2026-01-08 12:56:23.884744,pending
3910,4856,6,2026-02-15 14:42:37.583282,completed
3911,4519,10,2026-01-30 17:22:58.094795,cancelled
3912,3349,10,2026-01-26 11:09:47.633578,pending
3913,549,3,2026-01-25 11:09:07.599443,completed
3914,4476,1,2026-03-26 08:49:53.051536,completed
3915,965,7,2026-02-26 18:12:47.974914,cancelled
3916,3353,6,2026-02-05 21:53:24.271925,pending
3917,4734,5,2026-03-07 13:29:18.557242,pending
3918,396,7,2026-01-14 21:49:59.836972,completed
3919,1946,3,2026-02-18 06:21:33.337285,cancelled
3920,4710,3,2026-03-08 09:36:46.297636,completed
3921,1991,8,2026-02-15 06:16:27.944618,cancelled
3922,1454,3,2026-03-28 03:51:33.266765,completed
3923,3220,3,2026-02-21 13:15:29.246360,cancelled
3924,3004,5,2026-02-28 13:50:55.249052,cancelled
3925,2440,1,2026-02-24 00:27:52.977288,completed
3926,3786,9,2026-02-18 01:41:19.664425,pending
3927,4239,7,2026-01-12 11:03:07.888600,pending
3928,102,6,2026-02-26 02:19:00.025849,pending
3929,305,8,2026-02-13 21:34:03.196259,pending
3930,3142,3,2026-02-27 20:51:24.163690,completed
3931,2405,9,2026-01-04 15:14:04.702741,completed
3932,2719,2,2026-01-31 23:52:32.449731,completed
3933,161,4,2026-01-27 17:44:18.347897,cancelled
3934,2534,2,2026-01-10 21:34:59.935001,pending
3935,4018,1,2026-02-25 11:45:54.069368,completed
3936,4588,4,2026-03-18 05:27:01.187344,completed
3937,2140,3,2026-04-05 02:21:59.444152,completed
3938,4408,6,2026-02-01 16:41:23.844804,cancelled
3939,1969,6,2026-02-22 15:21:23.221550,cancelled
3940,2134,2,2026-02-17 00:13:57.042895,cancelled
3941,4810,9,2026-04-02 08:03:30.916915,cancelled
3942,3638,5,2026-02-15 10:23:44.497118,cancelled
3943,3284,7,2026-02-04 15:07:16.630495,completed
3944,4847,7,2026-01-21 00:51:29.970046,cancelled
3945,545,5,2026-01-30 21:33:54.061581,completed
3946,4887,5,2026-01-21 11:26:28.493665,pending
3947,3266,5,2026-03-04 09:08:46.738080,completed
3948,3956,6,2026-02-04 11:29:53.856612,completed
3949,2092,10,2026-01-06 11:34:23.049701,completed
3950,3202,7,2026-03-18 07:05:23.206575,cancelled
3951,179,7,2026-01-01 12:26:14.712958,pending
3952,3312,5,2026-01-03 12:18:38.145542,completed
3953,2115,8,2026-03-25 20:57:33.321205,completed
3954,447,10,2026-02-03 13:42:14.696467,cancelled
3955,4814,10,2026-03-18 13:43:24.601312,cancelled
3956,4961,1,2026-01-19 15:51:49.913760,completed
3957,1169,10,2026-03-23 02:34:35.054253,cancelled
3958,4704,4,2026-01-16 07:32:56.547116,cancelled
3959,3863,4,2026-02-05 01:04:46.207711,pending
3960,4898,5,2026-03-10 19:10:16.942378,completed
3961,3599,5,2026-01-26 00:28:16.280783,cancelled
3962,3960,4,2026-02-02 05:50:18.642385,pending
3963,1383,7,2026-03-11 08:00:27.016612,pending
3964,3237,9,2026-01-22 20:59:52.264669,cancelled
3965,1800,8,2026-03-11 01:27:16.657943,cancelled
3966,4972,3,2026-02-24 00:34:11.715784,cancelled
3967,2788,2,2026-01-28 18:16:19.647716,cancelled
3968,1370,1,2026-03-26 19:00:04.577691,pending
3969,2077,9,2026-04-04 15:14:50.678979,completed
3970,1712,8,2026-03-05 19:34:58.899753,completed
3971,3302,4,2026-01-09 10:51:17.974251,pending
3972,3154,3,2026-03-16 08:28:16.037946,completed
3973,3368,8,2026-04-06 07:09:38.875536,cancelled
3974,2890,9,2026-03-10 09:45:26.555026,completed
3975,77,6,2026-03-25 20:05:06.641878,pending
3976,1195,6,2026-01-29 14:12:06.240415,cancelled
3977,273,9,2026-01-29 16:23:37.501753,completed
3978,3358,10,2026-02-12 05:20:26.350301,pending
3979,814,2,2026-02-13 10:13:43.870258,pending
3980,4804,1,2026-02-16 19:58:44.493625,completed
3981,4131,5,2026-01-17 21:18:37.765257,completed
3982,3349,7,2026-02-09 14:51:31.347649,completed
3983,922,3,2026-03-10 17:49:30.885809,pending
3984,29,3,2026-01-07 14:27:33.353726,cancelled
3985,131,1,2026-02-16 13:01:36.297457,pending
3986,3058,5,2026-01-13 18:05:46.858162,pending
3987,747,6,2026-01-29 09:27:14.226206,pending
3988,36,10,2026-02-27 09:14:56.111160,completed
3989,447,9,2026-02-05 03:30:34.760890,pending
3990,2713,6,2026-01-05 23:43:29.147652,pending
3991,4079,8,2026-02-13 13:03:09.601239,cancelled
3992,2230,9,2026-02-24 12:42:28.832250,cancelled
3993,4552,7,2026-02-26 21:21:04.814909,cancelled
3994,1651,10,2026-02-03 13:43:55.993662,cancelled
3995,1662,8,2026-02-16 07:29:58.480292,completed
3996,1350,3,2026-03-10 05:50:31.072400,cancelled
3997,1385,6,2026-01-22 20:47:15.332694,completed
3998,210,1,2026-03-05 06:11:30.483321,pending
3999,1721,6,2026-01-31 03:03:27.950782,completed
4000,3897,5,2026-02-12 00:11:44.002341,completed
4001,195,10,2026-01-17 12:40:20.373415,completed
4002,1049,10,2026-02-01 22:30:05.585319,completed
4003,4207,5,2026-03-24 18:18:54.754181,completed
4004,1401,8,2026-02-19 15:50:37.978378,cancelled
4005,943,5,2026-03-01 03:54:37.855604,completed
4006,3308,8,2026-02-22 21:22:43.825775,pending
4007,4711,6,2026-01-28 21:38:40.595061,pending
4008,3596,6,2026-02-27 20:42:54.190299,pending
4009,3652,5,2026-01-28 02:32:11.433242,pending
4010,3422,1,2026-02-13 23:23:21.351393,cancelled
4011,3797,3,2026-03-13 22:30:31.071075,completed
4012,994,4,2026-01-09 14:17:01.045073,completed
4013,2231,4,2026-01-01 14:04:26.943598,completed
4014,1396,2,2026-01-06 17:05:52.309875,cancelled
4015,851,2,2026-03-26 12:28:13.619192,cancelled
4016,3845,7,2026-03-22 20:25:23.262944,completed
4017,2174,7,2026-03-18 11:49:40.983630,completed
4018,1132,7,2026-01-17 05:27:03.312032,pending
4019,1272,3,2026-03-13 17:21:52.489288,completed
4020,873,10,2026-01-24 03:03:26.891189,cancelled
4021,2299,5,2026-03-18 18:48:07.132911,cancelled
4022,3935,6,2026-02-17 09:44:59.742709,completed
4023,1482,6,2026-01-15 20:18:41.257530,cancelled
4024,3091,2,2026-02-04 07:19:46.694657,cancelled
4025,4800,5,2026-03-08 05:39:09.459583,completed
4026,1026,3,2026-01-27 20:49:49.792358,completed
4027,2015,1,2026-01-20 15:25:53.824857,completed
4028,4425,8,2026-02-03 23:47:34.591093,pending
4029,4799,7,2026-02-19 21:44:59.338774,completed
4030,4823,8,2026-03-05 20:26:05.618486,pending
4031,4529,2,2026-03-31 05:05:29.786257,cancelled
4032,4223,2,2026-03-06 02:49:14.700028,pending
4033,4150,10,2026-03-31 03:31:54.720436,pending
4034,4809,2,2026-02-07 04:11:42.840526,completed
4035,2456,6,2026-01-07 04:20:35.478580,completed
4036,576,1,2026-01-13 20:12:33.570435,completed
4037,533,3,2026-01-30 13:03:04.850516,cancelled
4038,1109,2,2026-01-26 04:36:39.350803,completed
4039,979,2,2026-04-03 13:50:43.340547,pending
4040,3047,5,2026-03-02 09:01:05.021756,completed
4041,1848,6,2026-02-28 18:40:30.577709,pending
4042,3120,10,2026-02-04 06:46:16.589472,pending
4043,3898,5,2026-01-12 13:45:02.220925,pending
4044,3123,2,2026-02-25 15:02:53.607554,completed
4045,4896,7,2026-04-02 20:37:40.528520,cancelled
4046,1369,3,2026-03-21 01:51:50.494223,completed
4047,2207,4,2026-01-27 02:45:46.488467,cancelled
4048,3048,5,2026-01-08 15:55:17.515730,cancelled
4049,4836,6,2026-01-01 00:39:55.716232,pending
4050,32,8,2026-03-22 08:43:00.717194,completed
4051,3036,2,2026-04-06 07:06:38.421845,cancelled
4052,1820,10,2026-01-25 17:23:58.571205,pending
4053,501,3,2026-01-17 22:01:52.677266,pending
4054,4264,7,2026-02-24 04:52:44.419816,completed
4055,600,10,2026-02-22 16:27:33.150735,pending
4056,2887,1,2026-03-17 05:44:54.210506,cancelled
4057,4989,10,2026-03-21 10:03:33.076911,cancelled
4058,766,9,2026-01-31 18:04:35.530451,pending
4059,3049,3,2026-02-27 10:34:08.779528,pending
4060,1937,6,2026-02-04 10:08:43.083241,cancelled
4061,1692,9,2026-03-22 06:42:44.943357,cancelled
4062,4292,8,2026-03-22 23:05:06.035116,completed
4063,1328,8,2026-02-08 19:09:42.141936,pending
4064,628,2,2026-01-09 06:10:50.752108,pending
4065,2637,8,2026-02-28 06:32:41.374920,pending
4066,4224,5,2026-04-02 21:43:23.811178,completed
4067,327,7,2026-02-10 17:54:11.987017,cancelled
4068,4957,10,2026-02-25 04:21:51.709369,completed
4069,320,6,2026-02-16 12:36:14.071473,cancelled
4070,1259,2,2026-01-29 07:47:26.319616,cancelled
4071,293,3,2026-03-28 21:37:45.978064,cancelled
4072,4799,5,2026-02-22 05:24:41.328251,pending
4073,3417,1,2026-03-02 22:06:56.182313,completed
4074,2684,5,2026-03-28 07:53:17.574970,pending
4075,4652,3,2026-04-05 17:19:46.325470,completed
4076,4138,2,2026-01-21 18:12:29.674774,cancelled
4077,4139,1,2026-01-13 19:06:43.824939,cancelled
4078,484,6,2026-01-10 16:03:19.469717,completed
4079,2925,9,2026-04-06 15:02:27.678349,completed
4080,1649,5,2026-01-30 01:30:35.283165,cancelled
4081,503,5,2026-04-07 03:03:27.310390,pending
4082,3763,8,2026-01-31 20:53:11.918300,pending
4083,3612,8,2026-03-21 08:34:34.500443,completed
4084,4394,9,2026-01-12 14:30:36.366270,completed
4085,1356,5,2026-01-19 03:24:20.389218,completed
4086,3590,1,2026-01-03 13:56:28.942844,pending
4087,733,1,2026-01-26 01:01:35.637524,completed
4088,3692,5,2026-04-02 04:18:45.678652,cancelled
4089,2568,3,2026-03-13 17:14:36.868825,pending
4090,3313,6,2026-03-18 08:46:31.779451,pending
4091,4518,6,2026-01-03 05:13:12.163339,cancelled
4092,2538,8,2026-01-06 16:10:20.070043,pending
4093,3119,8,2026-01-05 08:50:16.891519,completed
4094,2139,10,2026-02-02 05:07:35.547462,pending
4095,1550,5,2026-04-02 14:43:46.059779,pending
4096,655,10,2026-04-04 12:00:39.402162,cancelled
4097,1463,2,2026-03-11 19:55:52.329599,cancelled
4098,609,3,2026-01-08 02:47:34.918005,pending
4099,3858,5,2026-02-20 07:14:20.782659,pending
4100,3487,6,2026-01-17 06:27:39.456999,cancelled
4101,3049,8,2026-03-23 07:10:38.275240,cancelled
4102,1299,9,2026-03-07 02:53:22.353066,pending
4103,4756,1,2026-02-09 09:40:29.767812,cancelled
4104,22,10,2026-02-05 03:53:20.785064,cancelled
4105,3740,5,2026-02-12 12:30:03.793293,completed
4106,1137,5,2026-03-26 23:51:04.299215,pending
4107,4929,2,2026-02-27 21:23:33.121677,completed
4108,4073,10,2026-01-26 09:41:49.732128,completed
4109,1847,10,2026-01-28 14:43:41.848733,cancelled
4110,3490,8,2026-04-02 22:13:05.792713,cancelled
4111,712,3,2026-03-27 09:51:36.476678,completed
4112,796,5,2026-01-21 14:25:53.326303,cancelled
4113,1037,7,2026-03-01 18:56:52.469578,pending
4114,812,9,2026-02-05 18:30:32.554411,pending
4115,4139,8,2026-02-05 18:38:09.740554,cancelled
4116,1863,6,2026-02-09 15:57:35.447905,pending
4117,4889,9,2026-02-19 00:57:22.644628,completed
4118,2786,8,2026-03-10 11:50:21.916568,pending
4119,1532,9,2026-02-03 19:00:22.991042,pending
4120,4134,10,2026-03-14 19:47:14.370326,cancelled
4121,2571,2,2026-03-27 14:19:01.533798,pending
4122,611,2,2026-01-15 17:56:15.349671,pending
4123,4921,10,2026-01-21 13:31:48.193021,cancelled
4124,3512,9,2026-01-10 16:59:59.327930,cancelled
4125,4931,8,2026-01-21 22:31:01.221433,cancelled
4126,3469,9,2026-01-01 13:37:43.988358,pending
4127,1199,3,2026-01-31 21:55:16.563759,cancelled
4128,4918,5,2026-01-22 13:36:30.351160,pending
4129,4534,1,2026-02-12 02:03:52.650427,completed
4130,1311,10,2026-02-23 18:00:56.870952,cancelled
4131,3369,1,2026-01-13 22:50:17.373561,pending
4132,1773,3,2026-01-07 02:33:58.520098,pending
4133,1293,3,2026-01-30 06:41:28.530596,completed
4134,3673,10,2026-03-16 03:06:53.668612,completed
4135,661,5,2026-01-04 12:06:36.250741,pending
4136,3138,5,2026-01-17 18:21:36.600890,cancelled
4137,1353,9,2026-02-17 22:55:41.169268,completed
4138,3710,7,2026-04-07 15:42:21.312857,cancelled
4139,2642,7,2026-03-05 19:37:30.169651,pending
4140,4982,9,2026-01-18 22:11:56.564023,cancelled
4141,2317,10,2026-03-26 23:23:26.758745,pending
4142,181,10,2026-02-11 05:17:24.100782,completed
4143,3548,8,2026-01-05 09:44:31.031713,pending
4144,2292,2,2026-02-17 10:39:11.330016,completed
4145,289,2,2026-04-04 21:46:00.308127,pending
4146,3250,4,2026-02-14 05:42:56.028865,pending
4147,396,5,2026-02-11 16:44:59.470671,completed
4148,2882,3,2026-01-09 17:46:36.019537,completed
4149,388,4,2026-03-28 22:34:42.597569,completed
4150,2955,7,2026-02-23 09:13:42.115080,pending
4151,1349,9,2026-03-31 10:32:49.354366,completed
4152,4995,10,2026-01-19 07:39:39.186465,pending
4153,3241,8,2026-02-11 04:51:03.710969,completed
4154,4563,6,2026-02-24 07:02:37.466971,pending
4155,1268,7,2026-01-14 08:58:22.036115,completed
4156,2874,1,2026-01-12 23:53:01.558169,cancelled
4157,3511,6,2026-03-06 19:08:02.848706,cancelled
4158,3003,5,2026-02-26 04:28:14.293424,cancelled
4159,67,5,2026-02-19 07:52:36.113820,pending
4160,2086,10,2026-02-25 07:33:38.809618,completed
4161,1135,3,2026-03-24 18:36:17.509444,completed
4162,325,7,2026-01-05 07:31:08.774293,pending
4163,4048,6,2026-03-02 05:27:30.491439,pending
4164,724,7,2026-02-06 00:43:16.193891,pending
4165,3193,6,2026-02-25 09:15:44.911234,completed
4166,2795,9,2026-02-12 23:44:18.560355,pending
4167,4637,9,2026-03-02 10:36:58.921593,pending
4168,4235,1,2026-03-02 05:00:08.591733,cancelled
4169,2657,4,2026-01-26 03:45:25.598077,pending
4170,4579,3,2026-01-26 14:02:51.801636,pending
4171,1384,8,2026-01-01 03:36:30.057919,completed
4172,3022,10,2026-03-10 22:41:26.220784,pending
4173,4086,4,2026-01-29 10:35:13.477152,cancelled
4174,3432,9,2026-03-30 12:25:36.602776,cancelled
4175,3416,6,2026-03-10 01:38:22.753656,completed
4176,261,5,2026-03-18 20:08:55.896785,pending
4177,94,9,2026-01-19 22:14:26.624791,completed
4178,1156,10,2026-02-15 14:46:55.921589,completed
4179,3277,8,2026-01-30 05:09:40.054340,completed
4180,1003,10,2026-02-02 13:43:20.545735,completed
4181,1253,8,2026-01-05 01:36:48.489885,cancelled
4182,4962,4,2026-04-05 00:56:07.166288,cancelled
4183,4608,2,2026-01-16 03:37:34.788938,cancelled
4184,2123,1,2026-03-04 17:00:34.601746,cancelled
4185,3340,4,2026-01-06 02:18:08.689240,cancelled
4186,1706,9,2026-01-17 05:58:00.037885,cancelled
4187,4604,6,2026-02-07 20:25:20.463892,pending
4188,1394,2,2026-02-19 14:49:09.600942,completed
4189,4699,5,2026-01-10 21:42:38.631288,pending
4190,4864,6,2026-03-03 05:40:48.095034,pending
4191,2517,4,2026-03-04 01:54:42.725947,cancelled
4192,3070,4,2026-03-16 11:52:21.551054,cancelled
4193,2606,8,2026-01-04 09:49:23.544485,cancelled
4194,421,3,2026-02-06 00:28:02.353285,completed
4195,1669,4,2026-02-25 21:34:57.729879,pending
4196,2726,1,2026-04-06 01:07:38.472386,cancelled
4197,1701,4,2026-02-16 10:37:11.831692,cancelled
4198,593,8,2026-01-25 13:54:46.569062,pending
4199,3849,8,2026-01-14 07:51:20.382775,cancelled
4200,3076,5,2026-01-25 23:53:42.104746,completed
4201,829,6,2026-03-03 10:36:12.346531,completed
4202,3736,8,2026-03-19 09:29:17.777136,cancelled
4203,150,1,2026-03-09 09:09:38.128919,completed
4204,2191,7,2026-01-28 22:03:32.133255,cancelled
4205,2760,9,2026-01-13 13:37:47.093124,completed
4206,4713,7,2026-02-05 19:22:39.327102,cancelled
4207,4008,9,2026-02-05 08:02:52.321594,cancelled
4208,717,6,2026-02-17 01:52:22.866034,cancelled
4209,844,1,2026-01-01 06:51:42.605441,completed
4210,3679,10,2026-03-11 00:25:52.672809,cancelled
4211,1996,2,2026-01-01 02:52:58.606362,completed
4212,3333,6,2026-01-02 05:32:03.003951,completed
4213,3843,8,2026-03-08 21:49:24.588748,cancelled
4214,3111,1,2026-01-28 01:53:34.375903,pending
4215,3734,1,2026-02-24 02:25:09.625121,pending
4216,1011,1,2026-02-15 06:15:13.211707,completed
4217,461,8,2026-03-24 05:10:06.415063,cancelled
4218,4393,8,2026-01-03 11:23:36.112505,cancelled
4219,3710,5,2026-03-17 11:13:48.387012,completed
4220,1939,7,2026-01-22 08:53:27.232014,cancelled
4221,1136,5,2026-01-26 03:11:39.232533,pending
4222,300,6,2026-02-11 03:58:15.790196,completed
4223,3102,8,2026-04-04 22:52:48.140849,cancelled
4224,955,10,2026-03-28 10:19:15.598149,completed
4225,872,8,2026-04-03 13:44:24.632964,cancelled
4226,1405,3,2026-02-13 09:34:38.484726,pending
4227,4567,1,2026-01-01 02:17:34.220347,cancelled
4228,2107,6,2026-01-23 14:55:05.838431,cancelled
4229,4892,6,2026-01-03 18:37:34.151457,completed
4230,3903,6,2026-03-28 13:27:20.750898,pending
4231,4503,5,2026-02-04 03:37:30.099791,pending
4232,3639,10,2026-01-10 16:23:29.281488,cancelled
4233,3569,7,2026-01-17 14:35:21.586843,completed
4234,751,8,2026-01-12 10:36:05.486717,cancelled
4235,1130,5,2026-03-26 01:32:13.047165,pending
4236,1175,7,2026-02-03 21:21:28.602427,completed
4237,3235,1,2026-03-29 02:44:29.695369,cancelled
4238,139,9,2026-01-23 02:15:43.746412,pending
4239,3800,4,2026-01-18 01:35:41.788831,pending
4240,4966,3,2026-01-05 07:06:51.743255,completed
4241,2473,1,2026-03-06 05:57:48.669037,cancelled
4242,1540,3,2026-03-13 08:51:54.037581,pending
4243,758,3,2026-01-30 15:44:39.460848,pending
4244,2692,5,2026-01-27 21:11:42.841865,cancelled
4245,4790,7,2026-03-28 13:46:29.932203,cancelled
4246,668,8,2026-01-27 05:01:19.972124,completed
4247,3915,8,2026-03-06 15:41:01.267931,completed
4248,3103,4,2026-02-24 11:44:05.197762,pending
4249,4413,5,2026-01-14 16:56:39.309618,pending
4250,1251,3,2026-01-27 18:35:04.034327,cancelled
4251,255,8,2026-03-17 04:39:05.941022,cancelled
4252,4682,10,2026-03-24 22:11:24.212005,pending
4253,2848,10,2026-01-22 21:05:13.628115,completed
4254,1012,3,2026-01-17 13:44:51.106273,pending
4255,630,10,2026-03-14 14:51:37.498553,cancelled
4256,4468,9,2026-03-23 21:17:45.033025,completed
4257,2749,9,2026-02-16 04:56:49.783479,cancelled
4258,235,9,2026-03-31 06:18:57.814716,completed
4259,3277,8,2026-01-29 03:12:28.222310,pending
4260,1617,1,2026-03-20 08:12:03.087134,completed
4261,1808,5,2026-02-07 23:12:33.752434,completed
4262,4668,6,2026-02-12 02:38:21.852317,cancelled
4263,4521,2,2026-01-17 03:07:11.718465,completed
4264,1096,3,2026-01-14 23:55:38.478577,pending
4265,999,2,2026-02-13 04:21:57.855054,cancelled
4266,3348,5,2026-03-16 01:26:19.081183,completed
4267,546,10,2026-01-17 02:40:32.154221,pending
4268,327,3,2026-02-27 03:25:00.676663,cancelled
4269,1407,3,2026-03-26 21:23:40.268054,completed
4270,2230,2,2026-03-23 01:45:31.300641,pending
4271,4232,2,2026-03-11 15:08:44.307797,pending
4272,4397,2,2026-03-18 23:50:04.822883,pending
4273,1843,9,2026-02-01 19:42:07.395577,cancelled
4274,3887,4,2026-02-14 03:39:46.051290,completed
4275,3670,8,2026-01-13 07:49:44.336303,completed
4276,3083,10,2026-03-07 04:23:50.338272,completed
4277,2628,9,2026-02-06 23:16:49.903091,completed
4278,2477,2,2026-01-01 06:40:27.260721,completed
4279,2739,8,2026-02-09 14:53:02.843024,cancelled
4280,2816,3,2026-03-08 19:36:55.333671,pending
4281,3484,7,2026-02-14 21:10:14.880781,cancelled
4282,2570,5,2026-03-09 10:42:50.927618,cancelled
4283,197,9,2026-01-21 17:47:02.709139,completed
4284,4679,8,2026-02-20 22:56:51.386148,cancelled
4285,1045,8,2026-02-06 07:00:36.126877,pending
4286,2524,8,2026-01-06 21:22:46.477440,cancelled
4287,2485,2,2026-01-19 16:12:42.348653,pending
4288,2791,1,2026-03-15 10:35:01.565200,completed
4289,3969,5,2026-02-17 07:54:01.108399,completed
4290,1574,6,2026-03-12 12:57:37.894106,completed
4291,3503,9,2026-03-03 17:49:01.245546,pending
4292,2985,9,2026-04-01 01:29:37.074236,completed
4293,4071,5,2026-03-17 23:25:06.013664,cancelled
4294,402,4,2026-01-04 13:55:55.885770,pending
4295,2229,8,2026-01-18 11:11:54.696879,pending
4296,2372,2,2026-03-10 03:52:12.250874,cancelled
4297,3703,7,2026-02-04 11:12:53.472564,completed
4298,3731,1,2026-03-18 00:40:54.864260,pending
4299,385,10,2026-02-19 21:12:15.253789,cancelled
4300,4115,9,2026-02-07 04:12:59.078719,pending
4301,3719,2,2026-02-03 17:44:13.936508,completed
4302,839,10,2026-01-19 20:23:05.254680,completed
4303,2423,9,2026-03-07 23:21:22.262606,completed
4304,4002,2,2026-02-18 12:57:28.901788,pending
4305,4668,2,2026-02-07 06:04:14.489136,pending
4306,4963,1,2026-03-15 10:08:07.901718,completed
4307,480,1,2026-01-29 17:32:38.722989,pending
4308,34,6,2026-02-16 11:24:16.691857,cancelled
4309,2676,9,2026-01-03 13:30:40.925917,pending
4310,2862,3,2026-03-05 14:01:05.209174,completed
4311,2850,1,2026-01-25 08:15:58.434996,completed
4312,3484,3,2026-03-05 00:35:42.257474,cancelled
4313,4408,6,2026-01-21 05:50:02.064136,cancelled
4314,4732,2,2026-04-02 11:04:46.683204,cancelled
4315,4611,9,2026-01-18 21:19:13.114505,cancelled
4316,925,8,2026-02-22 09:11:41.504409,pending
4317,135,3,2026-03-05 00:09:02.787314,pending
4318,3479,3,2026-03-28 21:02:12.581453,pending
4319,2323,5,2026-02-13 11:43:43.154224,completed
4320,1396,8,2026-01-19 02:59:25.167029,pending
4321,1717,3,2026-03-25 11:58:49.921881,cancelled
4322,382,9,2026-01-31 09:44:12.439864,completed
4323,645,10,2026-03-30 19:22:50.120806,cancelled
4324,3987,9,2026-01-28 13:20:01.444431,cancelled
4325,2568,1,2026-01-11 23:20:30.774449,completed
4326,3851,1,2026-03-06 10:31:27.608542,pending
4327,2567,10,2026-01-16 11:11:41.304023,completed
4328,1775,1,2026-02-20 19:42:36.518356,pending
4329,3192,8,2026-03-07 06:38:32.690262,pending
4330,4815,8,2026-03-19 04:46:13.845243,completed
4331,845,7,2026-04-02 06:33:54.542094,pending
4332,1945,5,2026-01-22 01:09:48.424028,pending
4333,574,4,2026-03-21 04:44:38.315550,completed
4334,2909,6,2026-04-06 04:18:20.493029,cancelled
4335,340,8,2026-02-08 04:24:42.464634,pending
4336,1139,6,2026-01-05 23:38:16.515764,cancelled
4337,2734,9,2026-03-19 22:12:51.903031,pending
4338,502,1,2026-01-18 08:17:30.882360,completed
4339,3236,4,2026-01-01 18:19:24.238162,pending
4340,4214,4,2026-01-26 20:09:24.893538,completed
4341,547,5,2026-04-03 04:59:02.507582,pending
4342,3229,2,2026-01-27 11:39:18.659941,completed
4343,3029,7,2026-01-02 12:10:22.418644,pending
4344,1886,7,2026-03-17 10:43:39.429467,cancelled
4345,219,3,2026-01-29 08:59:00.530663,pending
4346,315,7,2026-04-04 14:29:27.785987,pending
4347,1379,3,2026-01-25 18:35:18.142868,cancelled
4348,2626,10,2026-03-05 02:24:28.986253,pending
4349,4051,8,2026-03-22 16:09:33.211464,pending
4350,1521,1,2026-03-28 22:49:56.184613,completed
4351,3072,9,2026-01-24 00:07:01.115171,completed
4352,371,3,2026-04-07 09:29:02.250936,cancelled
4353,1523,6,2026-02-13 01:55:54.869067,completed
4354,4005,7,2026-01-04 03:29:02.504490,completed
4355,2825,10,2026-02-19 16:22:19.133328,pending
4356,1834,4,2026-02-16 21:24:51.683620,cancelled
4357,3774,2,2026-03-08 17:56:02.973715,pending
4358,4840,5,2026-01-21 11:19:41.385642,cancelled
4359,940,6,2026-02-23 04:34:58.006835,completed
4360,1335,5,2026-02-19 10:33:38.615282,cancelled
4361,2268,8,2026-03-17 20:28:42.650317,pending
4362,3707,2,2026-03-14 12:08:36.786827,pending
4363,2552,9,2026-03-28 09:52:14.182959,cancelled
4364,2747,10,2026-03-21 02:08:20.165973,cancelled
4365,1808,8,2026-01-05 05:14:00.634903,completed
4366,3881,1,2026-01-31 20:23:24.067594,pending
4367,4099,3,2026-03-03 13:41:06.012302,pending
4368,3378,10,2026-02-01 07:12:42.827294,cancelled
4369,3121,2,2026-01-12 01:01:26.261843,cancelled
4370,3990,1,2026-01-22 00:19:22.541731,completed
4371,1860,8,2026-01-22 22:41:26.979552,pending
4372,3717,6,2026-01-09 19:11:35.289414,completed
4373,2823,1,2026-03-28 14:40:54.262224,pending
4374,752,10,2026-03-30 21:43:54.716708,completed
4375,1604,3,2026-03-26 22:22:49.653461,cancelled
4376,1256,3,2026-01-17 00:30:15.213650,cancelled
4377,259,8,2026-03-02 00:31:54.315076,cancelled
4378,158,7,2026-01-03 10:37:52.422154,cancelled
4379,3042,7,2026-01-10 20:25:44.333730,pending
4380,3570,10,2026-03-19 05:43:22.087022,pending
4381,1431,6,2026-01-31 21:19:24.510964,cancelled
4382,420,3,2026-02-02 20:03:04.800100,cancelled
4383,3629,3,2026-01-20 20:50:58.230458,cancelled
4384,3037,3,2026-01-22 21:19:52.294105,completed
4385,755,10,2026-02-18 02:51:09.159036,pending
4386,2244,5,2026-03-25 19:50:40.761246,cancelled
4387,2892,7,2026-04-04 02:59:44.912492,completed
4388,3820,4,2026-02-15 21:27:12.534435,pending
4389,347,1,2026-01-15 05:17:16.010016,cancelled
4390,1373,9,2026-01-09 20:48:15.518711,completed
4391,3554,2,2026-02-15 19:16:12.020003,pending
4392,3292,8,2026-01-07 08:38:33.098937,completed
4393,1607,8,2026-03-24 20:19:55.388402,completed
4394,1749,10,2026-01-18 14:13:57.689600,pending
4395,3060,7,2026-01-03 07:40:27.824316,cancelled
4396,4789,2,2026-02-11 06:41:06.175037,cancelled
4397,3562,1,2026-03-21 09:53:08.279387,pending
4398,2412,7,2026-02-03 23:35:07.556175,completed
4399,3301,5,2026-01-18 22:31:37.714648,completed
4400,2981,3,2026-02-21 22:37:43.236105,pending
4401,852,1,2026-04-01 17:44:16.425834,cancelled
4402,2068,1,2026-04-05 23:00:57.529024,cancelled
4403,4103,6,2026-01-19 23:25:56.965804,cancelled
4404,267,3,2026-02-10 13:51:25.189496,completed
4405,4144,4,2026-02-26 19:31:08.402627,pending
4406,4080,9,2026-01-11 04:26:37.120495,cancelled
4407,4462,2,2026-04-04 05:40:56.489776,pending
4408,4372,10,2026-01-14 09:32:31.151483,completed
4409,1584,1,2026-03-08 15:36:25.444791,completed
4410,1185,10,2026-02-14 11:36:10.974654,completed
4411,2374,4,2026-04-06 05:12:17.963218,completed
4412,1426,7,2026-01-23 16:08:11.539588,pending
4413,3518,7,2026-02-24 00:07:31.702648,pending
4414,1682,10,2026-02-11 01:04:49.907021,cancelled
4415,2293,1,2026-01-17 10:36:26.588103,cancelled
4416,870,2,2026-03-25 04:13:09.390909,cancelled
4417,950,6,2026-02-10 17:21:16.910410,completed
4418,4736,2,2026-01-02 02:51:04.794297,completed
4419,490,4,2026-04-04 03:20:06.733491,completed
4420,3739,2,2026-01-05 03:07:48.771344,pending
4421,2345,1,2026-01-08 10:11:26.118492,cancelled
4422,2781,4,2026-02-24 21:09:35.851223,cancelled
4423,4535,5,2026-02-07 02:38:06.461073,completed
4424,1366,6,2026-01-10 23:13:38.207130,completed
4425,3877,8,2026-02-18 21:31:30.547155,completed
4426,4434,9,2026-01-30 00:52:09.579338,pending
4427,298,8,2026-01-13 14:19:44.763316,cancelled
4428,3603,5,2026-03-16 08:07:23.252619,pending
4429,1316,10,2026-02-07 03:41:51.821402,cancelled
4430,3861,10,2026-01-30 16:08:58.729952,completed
4431,2442,4,2026-02-06 03:00:24.107364,pending
4432,4566,10,2026-01-30 12:19:14.185827,pending
4433,714,6,2026-03-17 08:43:19.231953,completed
4434,4999,6,2026-03-11 04:23:56.406329,completed
4435,1873,6,2026-04-06 06:35:40.585259,cancelled
4436,2755,2,2026-01-10 20:37:44.127959,cancelled
4437,3846,10,2026-03-22 09:56:31.506880,completed
4438,3948,9,2026-01-31 01:16:34.556622,completed
4439,4909,3,2026-01-06 14:00:29.989585,cancelled
4440,4216,3,2026-03-23 13:25:05.338095,pending
4441,2119,6,2026-01-11 09:54:10.361199,completed
4442,4801,1,2026-01-05 19:50:21.430131,cancelled
4443,2499,3,2026-02-26 12:14:58.512332,completed
4444,4601,6,2026-02-05 07:06:04.083455,pending
4445,1372,1,2026-03-20 01:26:07.361108,cancelled
4446,1458,6,2026-01-15 11:42:53.641116,completed
4447,459,4,2026-01-24 17:01:53.559160,cancelled
4448,1869,1,2026-02-12 11:37:21.187602,completed
4449,86,2,2026-04-01 14:44:22.976640,cancelled
4450,2628,7,2026-02-28 19:16:37.195282,pending
4451,3765,4,2026-02-03 13:22:11.961982,pending
4452,1987,7,2026-02-23 01:59:32.253502,cancelled
4453,2864,6,2026-02-25 09:39:11.365814,completed
4454,3528,8,2026-01-02 00:44:30.627809,completed
4455,2640,2,2026-03-24 04:02:26.734468,pending
4456,658,5,2026-02-17 20:55:14.022823,completed
4457,147,6,2026-03-26 04:56:48.786949,pending
4458,2151,4,2026-02-28 20:52:01.845291,pending
4459,3834,9,2026-03-31 14:17:53.720440,pending
4460,3918,10,2026-03-14 21:19:34.121062,pending
4461,3265,9,2026-03-30 16:12:46.076467,cancelled
4462,1510,5,2026-01-27 06:06:37.784862,completed
4463,1543,6,2026-03-08 21:25:57.301668,pending
4464,4946,9,2026-03-10 16:15:02.877499,pending
4465,1611,1,2026-03-30 03:47:51.512423,pending
4466,3428,6,2026-03-06 00:33:42.272944,completed
4467,4198,5,2026-02-11 22:24:38.934966,pending
4468,538,9,2026-03-11 09:33:28.000910,pending
4469,2930,2,2026-03-26 18:58:40.563632,completed
4470,1648,9,2026-02-22 00:11:09.879643,completed
4471,2949,5,2026-01-15 18:31:18.724776,cancelled
4472,1409,6,2026-03-24 03:29:56.847694,completed
4473,1400,8,2026-01-01 12:36:37.980733,completed
4474,666,4,2026-03-13 21:55:22.811102,completed
4475,1786,4,2026-01-10 11:11:36.252686,pending
4476,126,6,2026-02-28 15:32:43.266169,pending
4477,1888,3,2026-02-18 09:37:47.825763,cancelled
4478,185,1,2026-02-10 08:38:30.233594,completed
4479,3221,10,2026-02-19 05:53:28.564020,cancelled
4480,3714,10,2026-04-06 13:10:05.941639,completed
4481,133,4,2026-01-08 01:31:42.404986,completed
4482,4821,5,2026-02-08 08:19:29.359548,pending
4483,928,9,2026-03-14 13:21:22.201223,cancelled
4484,4489,10,2026-01-18 19:15:40.903097,cancelled
4485,3494,4,2026-02-21 17:08:42.041547,cancelled
4486,1536,3,2026-03-13 13:39:29.219759,cancelled
4487,1909,7,2026-03-12 17:36:28.641580,completed
4488,3632,5,2026-02-22 08:39:09.957903,pending
4489,4203,1,2026-04-01 22:54:35.204506,pending
4490,4144,1,2026-01-18 12:04:10.787388,completed
4491,2548,3,2026-03-27 14:55:03.756641,cancelled
4492,1404,5,2026-02-19 19:05:44.959600,pending
4493,242,10,2026-01-25 16:17:27.015796,pending
4494,4085,6,2026-03-28 13:34:12.819173,pending
4495,3316,5,2026-02-05 02:55:10.070806,pending
4496,4425,7,2026-02-14 09:43:28.261034,completed
4497,2519,7,2026-01-20 03:53:57.215220,pending
4498,4270,10,2026-02-28 15:43:22.923048,pending
4499,2525,10,2026-04-01 00:36:16.352145,cancelled
4500,1823,6,2026-04-01 06:46:05.383885,completed
4501,1976,4,2026-01-05 02:49:43.208183,pending
4502,1815,10,2026-03-29 17:04:08.396872,pending
4503,2153,3,2026-03-15 01:48:34.753466,cancelled
4504,763,6,2026-02-23 07:31:10.340376,pending
4505,2554,4,2026-03-17 23:17:44.998195,pending
4506,1233,6,2026-03-25 18:27:58.060104,cancelled
4507,2805,10,2026-01-05 07:22:01.741068,cancelled
4508,4980,4,2026-02-07 18:58:08.446115,completed
4509,3730,4,2026-02-10 22:01:06.883824,cancelled
4510,3891,9,2026-01-01 06:47:29.555715,completed
4511,3344,4,2026-01-03 13:18:01.629251,pending
4512,1830,3,2026-03-30 05:12:35.181074,cancelled
4513,1754,1,2026-03-07 09:43:33.328703,cancelled
4514,1020,3,2026-03-15 03:27:50.617216,completed
4515,2496,1,2026-02-24 16:53:05.456157,cancelled
4516,4955,9,2026-03-07 06:31:47.396517,cancelled
4517,2134,2,2026-02-17 22:05:18.233673,completed
4518,4000,8,2026-03-18 22:59:14.827637,pending
4519,2076,1,2026-03-04 11:22:25.848605,completed
4520,1712,6,2026-03-12 01:16:51.095713,completed
4521,4494,2,2026-03-29 16:15:59.433438,completed
4522,4671,5,2026-01-24 14:29:13.697383,cancelled
4523,2744,6,2026-01-06 11:17:55.898632,completed
4524,2522,7,2026-02-18 01:33:07.295246,cancelled
4525,731,7,2026-03-02 00:00:04.341263,pending
4526,2423,2,2026-02-18 05:25:52.206468,pending
4527,3630,2,2026-03-29 12:02:27.798932,pending
4528,1868,1,2026-03-02 11:11:20.984908,pending
4529,4294,10,2026-02-27 10:28:25.421499,pending
4530,1076,2,2026-01-30 03:52:25.620565,cancelled
4531,4708,9,2026-01-18 09:23:37.209099,cancelled
4532,4607,10,2026-02-07 21:07:44.699984,cancelled
4533,1396,2,2026-03-25 07:46:04.758330,completed
4534,3629,7,2026-03-11 13:41:56.605006,cancelled
4535,4705,9,2026-03-07 11:42:13.681955,completed
4536,2236,9,2026-03-29 11:53:35.160307,completed
4537,3204,6,2026-02-27 00:57:35.620925,cancelled
4538,2515,3,2026-02-02 15:54:42.770772,cancelled
4539,4468,10,2026-02-06 22:34:44.546174,pending
4540,4135,10,2026-03-23 23:56:44.088053,completed
4541,3048,3,2026-01-22 06:20:12.639935,cancelled
4542,3611,5,2026-01-28 09:13:14.520112,completed
4543,4503,10,2026-03-21 09:15:19.383035,cancelled
4544,4375,3,2026-02-06 21:18:47.297732,cancelled
4545,3029,9,2026-01-06 19:23:08.537301,completed
4546,2533,8,2026-03-28 02:41:26.697783,completed
4547,4487,3,2026-03-18 13:26:48.593711,cancelled
4548,3645,5,2026-02-12 06:39:55.519673,pending
4549,1477,5,2026-04-03 08:48:54.276145,pending
4550,2357,10,2026-02-19 10:57:41.077187,cancelled
4551,4598,3,2026-01-04 03:47:03.674608,completed
4552,4162,3,2026-01-12 17:39:30.417090,pending
4553,2902,3,2026-02-09 10:48:51.097446,pending
4554,1978,1,2026-03-11 22:47:23.075950,pending
4555,645,8,2026-03-28 13:54:14.459047,completed
4556,125,6,2026-02-04 19:52:07.007473,completed
4557,2104,6,2026-01-09 17:24:33.506440,pending
4558,1379,1,2026-01-28 01:41:35.756739,pending
4559,2064,1,2026-02-11 19:05:53.939519,completed
4560,133,2,2026-02-28 03:42:59.560629,cancelled
4561,1026,7,2026-03-22 05:50:48.820893,pending
4562,4343,6,2026-01-27 12:34:20.966312,pending
4563,4164,5,2026-01-17 02:22:26.890243,pending
4564,641,9,2026-01-29 04:43:06.564502,cancelled
4565,2535,6,2026-01-16 15:43:27.058191,completed
4566,4883,6,2026-02-23 18:24:58.223976,cancelled
4567,346,1,2026-04-06 20:15:38.346818,pending
4568,4520,9,2026-01-07 16:01:16.706421,pending
4569,1886,2,2026-03-11 16:31:44.101227,completed
4570,4550,4,2026-02-07 15:31:43.773929,cancelled
4571,2547,8,2026-02-25 19:34:27.765622,pending
4572,1937,7,2026-03-29 15:01:21.344866,cancelled
4573,1482,7,2026-01-31 18:29:32.098453,pending
4574,3101,2,2026-04-01 06:27:07.345762,pending
4575,2865,4,2026-04-05 05:53:17.690057,completed
4576,3946,7,2026-01-20 18:38:16.396493,cancelled
4577,4955,3,2026-02-04 03:14:26.418344,pending
4578,4116,8,2026-03-16 17:26:33.696621,pending
4579,4529,6,2026-03-30 13:59:27.723586,completed
4580,4103,9,2026-01-13 01:08:04.161486,pending
4581,1350,10,2026-02-21 01:47:40.154727,cancelled
4582,1042,3,2026-02-01 21:08:15.923616,completed
4583,3428,6,2026-01-26 00:41:10.270361,cancelled
4584,2173,5,2026-01-27 06:31:49.814315,cancelled
4585,3614,2,2026-02-22 21:18:01.250195,completed
4586,3270,7,2026-02-06 17:10:36.092524,cancelled
4587,1870,6,2026-01-16 00:57:04.957812,completed
4588,3393,7,2026-04-04 05:31:43.191051,pending
4589,3000,4,2026-02-12 17:23:20.642405,completed
4590,1764,4,2026-01-01 02:22:14.496549,completed
4591,4205,2,2026-01-03 06:01:33.249432,pending
4592,3706,4,2026-02-18 18:31:29.192208,completed
4593,3140,5,2026-02-21 01:33:22.874997,pending
4594,2999,3,2026-02-03 12:12:04.415429,cancelled
4595,291,9,2026-02-10 15:03:36.628942,cancelled
4596,1929,4,2026-01-26 18:14:52.034791,cancelled
4597,599,3,2026-02-15 01:30:55.239754,cancelled
4598,4793,6,2026-02-01 23:35:04.292135,pending
4599,3490,9,2026-03-05 18:09:10.780922,completed
4600,3154,6,2026-03-29 01:59:25.346573,cancelled
4601,2523,5,2026-03-26 03:39:51.285676,completed
4602,1206,7,2026-02-25 19:02:59.974108,completed
4603,1813,2,2026-02-09 09:46:31.778924,cancelled
4604,262,9,2026-02-15 04:32:16.221980,cancelled
4605,1881,9,2026-03-19 04:01:58.823270,completed
4606,1419,4,2026-02-04 22:37:11.533629,cancelled
4607,3947,5,2026-02-18 11:27:28.647965,completed
4608,3718,9,2026-04-06 18:58:11.678038,cancelled
4609,695,7,2026-01-24 21:16:57.007441,cancelled
4610,2889,7,2026-02-15 15:39:52.777547,pending
4611,3542,4,2026-02-26 04:37:00.005891,completed
4612,705,5,2026-02-26 14:27:35.053395,pending
4613,74,10,2026-02-21 17:33:59.211909,pending
4614,4651,5,2026-02-17 13:52:38.806348,completed
4615,342,2,2026-01-22 09:23:31.071962,pending
4616,223,6,2026-01-17 16:59:02.784266,pending
4617,1733,8,2026-03-11 23:12:28.260857,completed
4618,3170,3,2026-04-04 23:19:10.254319,completed
4619,373,4,2026-03-10 10:13:59.240375,completed
4620,1805,2,2026-03-17 23:14:36.154619,completed
4621,2909,9,2026-03-12 20:03:54.525113,completed
4622,3872,4,2026-03-08 10:02:21.195444,cancelled
4623,3639,9,2026-02-26 05:37:47.253257,pending
4624,4005,6,2026-04-01 16:02:14.355430,pending
4625,2262,5,2026-03-03 22:36:04.700365,pending
4626,956,1,2026-02-11 03:37:58.539105,pending
4627,1360,5,2026-03-02 03:41:26.017586,completed
4628,367,6,2026-03-30 15:18:24.258784,completed
4629,3477,7,2026-01-09 07:07:17.085679,cancelled
4630,3839,9,2026-01-13 04:17:01.012392,pending
4631,1571,2,2026-03-06 01:13:20.900054,completed
4632,2013,10,2026-01-25 18:05:04.756656,cancelled
4633,4145,4,2026-02-13 23:51:42.779055,cancelled
4634,1798,5,2026-03-06 09:24:44.312277,pending
4635,2977,2,2026-02-13 02:11:29.909745,cancelled
4636,2384,4,2026-04-01 02:06:00.571418,pending
4637,137,2,2026-03-15 23:42:52.846215,completed
4638,1730,9,2026-01-23 12:20:46.675438,completed
4639,4001,4,2026-02-13 00:44:39.418306,pending
4640,2583,5,2026-02-15 13:19:20.737061,pending
4641,3699,9,2026-01-15 22:02:15.825761,cancelled
4642,1458,1,2026-01-23 17:53:36.863855,pending
4643,3242,6,2026-01-24 20:35:24.881976,completed
4644,4513,9,2026-01-22 02:45:40.943583,cancelled
4645,3921,6,2026-02-28 02:30:39.028647,completed
4646,603,10,2026-02-28 14:57:10.871631,completed
4647,2975,7,2026-01-05 08:23:35.088053,completed
4648,1855,3,2026-03-07 06:05:57.618653,cancelled
4649,1638,8,2026-01-27 09:06:58.880091,completed
4650,88,10,2026-01-10 14:14:27.098584,cancelled
4651,3093,8,2026-03-27 10:33:36.261651,cancelled
4652,3755,2,2026-02-25 21:17:59.315890,completed
4653,3262,1,2026-02-08 15:59:51.495756,pending
4654,2275,2,2026-02-19 10:33:41.642997,pending
4655,642,9,2026-03-18 07:42:33.675417,cancelled
4656,4655,2,2026-04-01 12:09:44.234313,cancelled
4657,289,2,2026-03-11 01:35:11.994149,completed
4658,2578,6,2026-02-26 00:26:52.761069,pending
4659,4554,9,2026-03-06 10:23:37.276241,completed
4660,2388,9,2026-03-21 07:40:51.796690,pending
4661,2774,7,2026-01-31 01:11:23.460013,pending
4662,2458,2,2026-01-20 08:46:41.585191,completed
4663,4708,7,2026-01-20 04:20:16.166213,cancelled
4664,977,8,2026-01-31 08:37:34.735932,completed
4665,473,6,2026-01-10 14:35:40.413074,pending
4666,1431,6,2026-02-13 17:03:43.089601,completed
4667,1974,2,2026-03-29 15:22:55.412235,completed
4668,1120,8,2026-03-09 02:49:03.710636,cancelled
4669,4024,4,2026-01-18 07:51:13.843734,cancelled
4670,2998,3,2026-02-18 23:08:47.727480,cancelled
4671,1686,10,2026-02-17 02:28:00.757932,cancelled
4672,4564,4,2026-03-15 04:52:43.706613,completed
4673,2796,5,2026-03-10 03:30:34.469046,completed
4674,3222,5,2026-03-21 06:31:24.421068,completed
4675,4826,10,2026-01-11 23:07:21.694682,completed
4676,4243,2,2026-01-01 09:21:04.237410,pending
4677,3945,10,2026-02-18 08:36:48.531443,cancelled
4678,1985,3,2026-03-12 23:48:06.509440,pending
4679,2253,1,2026-01-14 00:14:36.531831,completed
4680,504,8,2026-01-01 08:44:03.712457,cancelled
4681,2417,7,2026-02-05 23:48:16.028215,completed
4682,618,8,2026-01-06 07:32:40.707632,pending
4683,799,1,2026-01-04 21:03:30.387606,cancelled
4684,294,10,2026-03-29 23:34:51.249047,completed
4685,4992,7,2026-03-07 02:28:16.007184,cancelled
4686,2438,6,2026-04-04 22:47:02.454556,pending
4687,2880,7,2026-02-05 22:35:44.039307,completed
4688,764,1,2026-02-12 03:01:35.285195,cancelled
4689,2530,9,2026-02-14 10:44:31.224454,completed
4690,1322,9,2026-04-03 04:05:45.348891,cancelled
4691,1431,9,2026-01-18 00:23:40.097791,completed
4692,2058,5,2026-02-14 09:06:23.404293,pending
4693,2808,10,2026-03-03 00:54:41.062653,cancelled
4694,2601,3,2026-02-10 02:46:08.246392,completed
4695,1959,1,2026-02-04 17:24:52.729652,pending
4696,1205,5,2026-02-09 14:49:26.876426,completed
4697,3362,4,2026-03-20 16:30:10.860023,cancelled
4698,63,3,2026-01-13 19:07:37.066352,completed
4699,165,10,2026-01-14 00:55:08.380224,pending
4700,4764,10,2026-01-27 03:16:28.697644,completed
4701,4695,4,2026-01-15 16:56:30.648365,pending
4702,3777,9,2026-01-30 14:52:19.518745,cancelled
4703,1953,10,2026-03-30 06:46:13.946098,pending
4704,3184,3,2026-01-27 23:58:08.034739,cancelled
4705,4739,7,2026-04-05 09:48:45.462950,completed
4706,4516,3,2026-04-01 00:10:32.131043,completed
4707,444,2,2026-04-05 13:19:28.602102,pending
4708,2721,9,2026-03-17 23:38:27.759323,cancelled
4709,2627,4,2026-01-10 22:58:40.777010,cancelled
4710,1628,7,2026-04-02 13:59:40.723831,cancelled
4711,2405,4,2026-01-05 13:37:54.955086,cancelled
4712,334,9,2026-01-12 16:49:50.083997,cancelled
4713,3877,6,2026-01-09 10:38:29.208115,pending
4714,4055,1,2026-02-26 06:11:16.023418,cancelled
4715,1596,7,2026-02-18 22:53:07.219738,completed
4716,1255,4,2026-03-08 09:23:39.407375,pending
4717,788,4,2026-02-18 02:21:28.123307,completed
4718,2962,6,2026-03-18 18:02:48.664332,pending
4719,1712,5,2026-01-14 21:14:00.943221,cancelled
4720,4726,8,2026-04-02 12:59:48.053074,completed
4721,672,2,2026-02-17 04:01:38.146456,completed
4722,3859,8,2026-01-18 07:39:30.309260,pending
4723,2432,4,2026-01-22 04:10:21.837331,completed
4724,2037,10,2026-02-26 15:14:38.323800,pending
4725,568,6,2026-01-06 22:28:09.042307,completed
4726,642,1,2026-03-27 11:39:34.457648,completed
4727,3739,8,2026-02-26 03:59:55.470694,pending
4728,2505,4,2026-03-17 15:56:53.592719,pending
4729,4818,2,2026-02-12 20:38:26.773798,completed
4730,1670,3,2026-02-16 03:25:16.677380,pending
4731,1413,7,2026-03-06 15:26:13.897922,completed
4732,3128,2,2026-02-11 21:18:26.054493,completed
4733,4486,5,2026-01-01 03:33:55.797397,completed
4734,4693,6,2026-03-31 14:08:36.790248,pending
4735,1432,6,2026-02-08 04:21:09.412557,cancelled
4736,3776,3,2026-02-07 18:33:51.963159,completed
4737,3673,10,2026-01-03 14:56:47.903082,cancelled
4738,4853,10,2026-03-15 13:26:48.313411,cancelled
4739,1264,1,2026-03-07 08:28:26.642985,cancelled
4740,4597,1,2026-03-26 06:48:10.425810,completed
4741,1707,10,2026-01-09 17:21:18.401217,completed
4742,4846,8,2026-01-25 11:44:31.056382,cancelled
4743,3006,9,2026-01-19 23:42:48.765122,completed
4744,2513,9,2026-03-04 17:09:27.701154,cancelled
4745,1564,6,2026-02-12 17:45:16.004115,pending
4746,386,3,2026-03-01 09:42:21.487522,pending
4747,3788,2,2026-03-06 10:18:59.044462,pending
4748,192,3,2026-03-10 16:57:09.143905,cancelled
4749,4347,4,2026-03-09 11:36:47.495044,pending
4750,4644,3,2026-02-20 22:52:51.534871,pending
4751,594,8,2026-03-15 22:38:39.343202,cancelled
4752,866,9,2026-02-07 21:30:57.947152,pending
4753,4386,1,2026-04-04 21:27:51.286142,cancelled
4754,2250,3,2026-03-18 11:17:06.527831,completed
4755,1736,7,2026-03-09 08:14:54.101382,pending
4756,3469,9,2026-04-02 15:20:00.232428,pending
4757,1009,3,2026-04-02 23:25:42.006417,cancelled
4758,3256,4,2026-03-22 00:25:56.800968,cancelled
4759,2193,4,2026-04-04 18:26:43.892272,completed
4760,1047,4,2026-01-17 08:50:30.029236,cancelled
4761,4120,6,2026-03-21 19:35:23.689676,pending
4762,2917,3,2026-03-19 19:52:46.431719,completed
4763,607,1,2026-02-26 09:28:12.853324,completed
4764,261,4,2026-01-13 03:04:15.879280,cancelled
4765,2392,6,2026-03-10 21:25:41.900161,completed
4766,1926,6,2026-03-30 09:50:16.401665,cancelled
4767,758,8,2026-01-12 00:20:13.055485,cancelled
4768,4871,3,2026-01-03 07:53:14.857867,completed
4769,1643,9,2026-01-21 06:22:20.821726,pending
4770,2304,5,2026-03-14 06:16:41.932441,pending
4771,3176,5,2026-03-24 17:40:45.650697,pending
4772,1166,9,2026-01-24 20:05:40.009288,pending
4773,598,8,2026-02-01 12:03:22.862822,cancelled
4774,3180,6,2026-02-06 22:45:02.064256,pending
4775,2949,5,2026-01-14 08:34:41.806317,completed
4776,62,2,2026-01-03 23:24:38.439161,completed
4777,1605,7,2026-01-17 16:08:55.479998,cancelled
4778,2140,8,2026-02-25 14:25:54.304389,pending
4779,1583,7,2026-04-05 06:15:00.300887,pending
4780,764,1,2026-02-06 14:00:10.130713,completed
4781,438,5,2026-02-23 22:41:54.683494,cancelled
4782,4888,8,2026-01-12 22:55:42.870341,completed
4783,3910,1,2026-02-13 11:50:39.818408,completed
4784,39,2,2026-01-07 07:40:51.218900,cancelled
4785,2406,4,2026-01-13 21:44:47.497154,pending
4786,4090,8,2026-01-06 02:42:31.634068,pending
4787,288,10,2026-02-02 23:04:10.594379,completed
4788,4285,9,2026-01-01 07:50:09.962356,cancelled
4789,599,3,2026-01-15 13:04:05.970111,completed
4790,3235,8,2026-03-18 19:04:42.954519,pending
4791,4896,9,2026-04-04 15:39:05.924580,pending
4792,1003,6,2026-01-14 23:26:00.259513,cancelled
4793,2343,8,2026-01-04 15:56:33.880224,cancelled
4794,696,1,2026-03-10 17:16:04.054970,completed
4795,502,10,2026-02-07 01:59:54.839421,cancelled
4796,843,7,2026-03-10 18:35:24.548075,completed
4797,262,2,2026-02-25 08:32:00.412311,pending
4798,2975,8,2026-03-15 12:01:42.289804,completed
4799,4488,8,2026-02-18 07:14:04.545978,pending
4800,4323,8,2026-03-30 10:43:34.470870,pending
4801,1478,10,2026-03-24 22:32:14.220511,cancelled
4802,866,7,2026-01-21 03:28:53.762327,pending
4803,1784,10,2026-01-06 15:04:48.717369,completed
4804,4639,1,2026-03-18 03:59:38.145925,cancelled
4805,2505,3,2026-03-14 08:50:02.033336,completed
4806,4213,1,2026-04-05 16:47:09.769449,cancelled
4807,3492,10,2026-01-25 21:13:55.543995,pending
4808,4538,5,2026-03-20 02:24:00.804769,completed
4809,454,8,2026-03-16 09:29:14.404235,completed
4810,4166,7,2026-03-26 06:55:53.703094,pending
4811,619,8,2026-02-12 00:39:50.004786,completed
4812,3526,6,2026-02-12 06:24:28.906018,pending
4813,505,8,2026-02-24 23:02:34.308139,completed
4814,4463,8,2026-01-30 09:38:32.927245,pending
4815,1765,6,2026-03-09 20:45:46.948519,pending
4816,2102,4,2026-02-26 21:18:22.566363,pending
4817,2456,7,2026-01-30 08:33:08.422190,cancelled
4818,2913,3,2026-03-26 19:36:24.818036,pending
4819,3501,6,2026-01-03 11:45:17.469517,cancelled
4820,2646,1,2026-01-18 20:59:55.693960,pending
4821,519,1,2026-02-01 23:28:29.057511,pending
4822,1795,6,2026-02-08 23:42:01.203451,completed
4823,3199,4,2026-03-03 01:46:07.568364,pending
4824,1672,2,2026-02-02 14:11:58.179272,pending
4825,3546,7,2026-03-24 18:49:07.092493,pending
4826,291,1,2026-02-08 18:59:58.880957,pending
4827,3690,9,2026-01-05 05:06:10.637676,cancelled
4828,3305,10,2026-01-20 13:03:29.926091,pending
4829,2090,5,2026-03-18 22:57:52.344194,pending
4830,1891,6,2026-02-16 03:34:37.800935,pending
4831,1484,10,2026-01-22 11:52:50.994992,completed
4832,1238,5,2026-04-03 11:38:26.480120,completed
4833,1711,3,2026-02-23 22:59:02.005370,pending
4834,36,2,2026-02-27 10:03:34.859751,cancelled
4835,2969,4,2026-01-14 07:17:59.538417,pending
4836,2431,8,2026-03-15 15:16:06.738643,pending
4837,1984,4,2026-03-01 04:13:32.441333,cancelled
4838,2402,4,2026-03-22 13:05:21.030877,cancelled
4839,2640,6,2026-02-15 22:22:07.985585,cancelled
4840,4071,4,2026-02-24 19:29:27.360530,cancelled
4841,3242,8,2026-03-28 01:43:23.632885,cancelled
4842,1994,2,2026-01-27 16:46:09.294640,completed
4843,3483,3,2026-02-02 10:22:04.428540,pending
4844,2089,6,2026-02-13 09:56:36.261707,cancelled
4845,3551,7,2026-03-02 12:24:55.593574,pending
4846,1408,10,2026-02-14 10:07:05.384890,cancelled
4847,1985,3,2026-02-03 21:17:13.900447,pending
4848,2106,1,2026-03-16 12:07:12.543365,completed
4849,1073,5,2026-01-18 01:13:33.418994,pending
4850,831,9,2026-02-14 09:12:56.949091,completed
4851,2478,10,2026-03-24 04:28:11.315620,completed
4852,4616,2,2026-02-28 22:39:39.265371,completed
4853,3552,8,2026-02-17 14:30:50.881168,completed
4854,3803,2,2026-04-05 18:14:37.918297,cancelled
4855,3065,10,2026-01-09 17:52:06.761585,completed
4856,2828,8,2026-01-07 20:24:16.536017,pending
4857,3451,2,2026-01-09 16:02:19.813556,completed
4858,4674,1,2026-01-14 12:28:28.151143,pending
4859,2626,8,2026-02-16 18:42:41.756151,completed
4860,2647,4,2026-02-16 11:42:26.510102,pending
4861,83,4,2026-03-05 00:03:00.344986,completed
4862,3752,1,2026-03-06 01:25:08.751509,pending
4863,3411,1,2026-01-21 11:30:21.287633,completed
4864,2663,3,2026-02-01 19:23:00.923171,pending
4865,2914,2,2026-02-20 07:46:43.195286,cancelled
4866,4941,5,2026-01-08 05:03:33.982880,pending
4867,3662,4,2026-03-03 21:34:55.174662,pending
4868,4832,8,2026-01-31 00:51:07.119498,cancelled
4869,3663,7,2026-03-18 12:20:58.339946,cancelled
4870,1088,8,2026-01-20 17:53:57.183542,completed
4871,4819,6,2026-03-06 09:12:09.411571,pending
4872,4051,1,2026-02-14 15:17:41.818467,completed
4873,569,6,2026-01-01 15:59:40.844364,cancelled
4874,4981,8,2026-03-31 17:54:47.452381,cancelled
4875,4462,3,2026-03-23 04:35:30.564206,pending
4876,4510,6,2026-03-25 16:49:13.542837,pending
4877,4393,4,2026-03-07 23:48:15.085066,cancelled
4878,2032,2,2026-01-24 14:47:21.396639,pending
4879,981,5,2026-02-07 16:45:52.635491,completed
4880,4057,2,2026-02-14 06:28:47.638190,completed
4881,420,3,2026-02-17 01:39:36.082077,pending
4882,4962,7,2026-02-09 12:01:47.317526,cancelled
4883,698,6,2026-01-24 22:57:56.247268,completed
4884,1952,9,2026-02-23 13:24:48.234044,completed
4885,2625,5,2026-03-07 01:16:57.617895,cancelled
4886,1227,5,2026-04-05 12:18:52.678127,cancelled
4887,3688,2,2026-01-24 23:50:32.439550,pending
4888,4943,6,2026-01-13 02:55:51.557352,completed
4889,2098,5,2026-02-11 02:40:29.304564,completed
4890,811,5,2026-03-27 12:30:36.685585,pending
4891,2223,1,2026-02-03 12:04:37.855538,cancelled
4892,4831,6,2026-04-01 08:50:07.804510,cancelled
4893,4313,1,2026-01-20 07:08:54.912186,pending
4894,4570,10,2026-01-28 00:15:27.854810,completed
4895,3742,3,2026-01-23 01:39:32.139255,pending
4896,254,8,2026-03-23 05:51:37.534904,cancelled
4897,2914,5,2026-03-26 07:40:39.013677,cancelled
4898,2310,6,2026-01-14 03:54:35.933905,cancelled
4899,1860,1,2026-01-16 07:55:49.996808,completed
4900,3948,1,2026-01-26 20:55:51.484683,cancelled
4901,3678,4,2026-01-25 16:36:03.643369,cancelled
4902,4834,3,2026-02-02 23:15:58.825201,completed
4903,4069,10,2026-01-01 13:30:31.669359,pending
4904,2062,4,2026-02-06 00:53:16.762450,completed
4905,4120,2,2026-02-20 01:48:30.161744,completed
4906,4193,5,2026-04-02 07:42:44.153460,completed
4907,397,10,2026-03-09 12:01:29.728600,cancelled
4908,1866,10,2026-03-16 15:18:17.315799,cancelled
4909,3127,8,2026-01-18 20:57:49.450320,completed
4910,3201,3,2026-01-11 16:39:13.115178,cancelled
4911,2049,9,2026-03-01 10:12:32.066912,cancelled
4912,1483,5,2026-01-27 15:08:34.513995,pending
4913,3247,7,2026-01-21 04:02:44.765826,cancelled
4914,3780,9,2026-03-10 14:27:38.925652,completed
4915,4371,8,2026-02-26 05:46:10.011964,cancelled
4916,4406,10,2026-02-11 05:24:23.051603,completed
4917,1219,1,2026-01-10 10:23:04.321146,completed
4918,1056,10,2026-02-18 16:28:48.375651,completed
4919,4984,9,2026-01-23 03:31:32.009289,pending
4920,3203,2,2026-01-25 17:27:12.696339,pending
4921,1896,8,2026-03-27 13:06:53.770745,completed
4922,3107,8,2026-01-04 10:16:14.785223,completed
4923,1576,9,2026-01-31 19:55:01.478074,completed
4924,797,9,2026-01-14 09:22:43.156865,cancelled
4925,1539,3,2026-02-11 03:20:22.180645,pending
4926,4647,7,2026-03-06 19:51:15.854305,cancelled
4927,2577,7,2026-01-17 15:09:02.098693,completed
4928,1533,4,2026-03-25 07:25:08.629463,pending
4929,639,1,2026-02-17 06:22:20.134652,pending
4930,577,9,2026-02-16 07:41:52.057600,pending
4931,291,1,2026-03-31 08:36:04.521586,pending
4932,4906,8,2026-01-19 01:41:07.603441,completed
4933,998,10,2026-02-10 20:08:02.553396,cancelled
4934,4553,7,2026-01-03 13:12:20.734373,completed
4935,2738,9,2026-02-02 11:12:28.802413,completed
4936,2313,4,2026-01-18 23:54:15.620909,completed
4937,2543,2,2026-01-25 21:29:28.719751,pending
4938,626,4,2026-03-17 14:20:25.059067,pending
4939,3849,4,2026-01-27 14:26:52.181997,pending
4940,4966,7,2026-03-13 07:49:08.215618,completed
4941,1431,1,2026-02-05 19:39:06.862974,cancelled
4942,4933,2,2026-03-25 02:45:09.553757,pending
4943,3797,2,2026-01-05 07:04:39.054429,completed
4944,3607,9,2026-01-07 05:54:44.378894,completed
4945,727,8,2026-04-02 06:18:53.131765,cancelled
4946,2786,8,2026-02-24 18:06:29.250144,cancelled
4947,3339,10,2026-02-22 01:34:04.866227,completed
4948,3758,4,2026-03-29 18:16:36.579652,pending
4949,1200,10,2026-04-05 22:56:55.443115,cancelled
4950,1760,7,2026-02-28 18:46:00.313666,completed
4951,2505,2,2026-03-03 01:34:29.760355,pending
4952,4584,2,2026-03-08 19:54:32.227402,completed
4953,4698,9,2026-03-06 08:22:49.261071,cancelled
4954,167,3,2026-02-17 14:47:02.181453,completed
4955,2045,6,2026-04-05 20:24:36.460585,completed
4956,3960,9,2026-03-13 13:54:50.840177,cancelled
4957,3023,1,2026-02-09 12:03:56.038368,cancelled
4958,4984,6,2026-03-16 18:53:39.353563,completed
4959,4345,3,2026-03-08 20:13:12.574501,pending
4960,4472,6,2026-02-07 08:15:13.315801,pending
4961,1375,10,2026-03-24 01:18:45.206580,pending
4962,1247,7,2026-01-20 03:58:56.547873,pending
4963,2548,9,2026-01-27 07:33:38.702313,cancelled
4964,4903,7,2026-02-15 17:29:46.545563,pending
4965,2445,3,2026-01-15 13:20:26.391155,cancelled
4966,303,1,2026-01-18 13:48:50.158826,completed
4967,1457,10,2026-01-26 09:11:09.288504,cancelled
4968,1895,9,2026-03-31 10:15:48.627304,pending
4969,4740,6,2026-03-06 07:53:17.742261,cancelled
4970,2271,8,2026-04-06 11:37:42.129605,cancelled
4971,1599,4,2026-02-26 19:39:26.732465,completed
4972,1079,5,2026-04-03 14:21:22.260141,cancelled
4973,2542,2,2026-02-25 20:37:34.083805,pending
4974,3962,7,2026-02-24 01:49:05.461855,cancelled
4975,4057,7,2026-01-10 15:12:06.579701,completed
4976,1603,5,2026-02-01 06:48:13.774725,pending
4977,736,6,2026-01-21 14:12:08.280389,cancelled
4978,4678,10,2026-02-22 04:43:15.059458,cancelled
4979,3214,6,2026-01-05 19:14:12.590595,cancelled
4980,472,1,2026-04-05 03:21:00.173673,pending
4981,4452,1,2026-01-10 01:05:23.927157,completed
4982,2697,1,2026-02-24 00:28:41.881606,completed
4983,3819,9,2026-03-19 10:02:21.254187,completed
4984,3545,1,2026-01-04 20:33:35.544237,cancelled
4985,4291,4,2026-03-21 19:18:22.978765,pending
4986,1935,8,2026-01-26 15:30:08.154241,completed
4987,1075,4,2026-04-05 06:22:37.278854,completed
4988,4178,7,2026-03-30 02:21:15.271025,cancelled
4989,1517,6,2026-04-03 14:09:29.543818,completed
4990,1166,5,2026-03-21 16:34:49.779354,cancelled
4991,1544,9,2026-03-22 01:24:19.859780,completed
4992,4862,4,2026-02-12 08:31:17.258605,completed
4993,2709,2,2026-04-07 02:55:40.650373,cancelled
4994,1788,9,2026-01-11 14:40:32.008199,pending
4995,4995,2,2026-01-24 07:34:32.086828,completed
4996,827,8,2026-03-04 04:03:51.055315,pending
4997,2592,4,2026-01-09 00:34:28.186300,completed
4998,2202,5,2026-01-06 09:34:33.510552,cancelled
4999,2101,5,2026-01-06 05:06:22.038067,completed
5000,864,9,2026-02-24 18:22:15.459433,completed
5001,4139,6,2026-03-27 22:51:54.348262,cancelled
5002,2276,3,2026-03-17 21:16:53.425987,completed
5003,1805,6,2026-03-01 15:41:21.980416,cancelled
5004,787,7,2026-01-17 05:55:02.507447,cancelled
5005,1892,6,2026-02-10 13:47:05.890254,completed
5006,98,1,2026-03-26 17:16:14.139681,cancelled
5007,775,8,2026-03-21 09:45:22.246500,completed
5008,546,2,2026-04-02 09:20:20.766676,cancelled
5009,3676,10,2026-03-06 08:42:41.459698,cancelled
5010,40,7,2026-01-13 16:22:48.084104,cancelled
5011,1059,2,2026-03-19 19:09:00.410162,pending
5012,1581,1,2026-02-25 15:20:28.710786,completed
5013,2874,3,2026-03-15 16:08:51.054947,completed
5014,2850,9,2026-03-10 19:35:44.895316,completed
5015,437,5,2026-04-02 19:29:02.457332,cancelled
5016,1215,1,2026-01-17 23:38:50.812725,cancelled
5017,2619,4,2026-01-31 19:29:35.581342,completed
5018,3226,4,2026-03-18 05:11:43.206772,completed
5019,3511,10,2026-01-18 22:50:03.146969,completed
5020,2533,5,2026-01-09 21:26:29.572790,pending
5021,1364,6,2026-01-13 03:10:09.221946,completed
5022,1874,6,2026-02-01 06:33:08.040426,completed
5023,354,5,2026-03-09 16:40:56.578024,cancelled
5024,389,1,2026-01-07 20:21:57.880729,pending
5025,2878,8,2026-04-03 20:54:33.931596,cancelled
5026,2231,7,2026-02-14 21:39:09.614742,cancelled
5027,1453,10,2026-02-26 02:49:12.919513,cancelled
5028,1721,4,2026-03-22 17:37:41.824068,cancelled
5029,4958,10,2026-01-23 02:40:49.349576,pending
5030,4463,6,2026-01-10 12:51:30.264759,pending
5031,4714,1,2026-01-13 08:51:27.357831,cancelled
5032,232,7,2026-02-04 03:28:09.816232,completed
5033,135,8,2026-01-13 22:14:59.460137,cancelled
5034,2743,8,2026-03-01 22:10:02.087861,pending
5035,2734,2,2026-03-21 12:17:21.114853,pending
5036,2228,9,2026-01-21 18:01:15.393226,completed
5037,2579,1,2026-03-07 22:20:51.065266,cancelled
5038,2790,3,2026-02-08 09:22:39.552396,completed
5039,1255,1,2026-02-09 06:50:42.709814,pending
5040,494,4,2026-03-11 01:30:50.045226,cancelled
5041,3815,10,2026-01-17 20:14:04.321542,completed
5042,1283,5,2026-01-05 03:16:29.199296,cancelled
5043,457,7,2026-03-17 13:39:56.825011,cancelled
5044,4939,7,2026-02-01 03:59:43.857403,pending
5045,4886,6,2026-02-13 11:29:20.474879,pending
5046,2594,4,2026-02-23 19:23:20.964811,completed
5047,1636,3,2026-01-04 13:58:31.245792,completed
5048,1937,10,2026-02-21 11:38:46.235016,cancelled
5049,3838,3,2026-03-15 17:45:22.086195,completed
5050,2323,1,2026-01-03 11:28:25.670736,pending
5051,1614,3,2026-03-29 18:04:47.428896,completed
5052,3591,7,2026-04-05 00:11:28.490185,pending
5053,3614,6,2026-03-04 09:25:20.188001,pending
5054,937,8,2026-02-03 05:59:26.230186,cancelled
5055,2880,7,2026-01-08 05:19:32.336902,pending
5056,954,1,2026-02-14 19:57:10.219330,cancelled
5057,3848,3,2026-03-27 22:54:01.293036,pending
5058,1638,6,2026-01-13 03:28:41.320973,pending
5059,2720,8,2026-02-07 06:04:27.029506,completed
5060,3351,10,2026-02-16 16:06:02.694426,pending
5061,4302,3,2026-02-08 01:10:54.724726,pending
5062,1271,4,2026-03-30 21:38:22.581119,completed
5063,2779,10,2026-02-07 13:34:28.702254,cancelled
5064,1106,2,2026-01-16 18:44:33.870257,pending
5065,3437,6,2026-03-15 19:08:43.335687,completed
5066,3161,1,2026-03-23 02:56:24.726908,pending
5067,155,7,2026-02-02 23:22:35.351310,cancelled
5068,3256,4,2026-01-21 21:13:01.672048,completed
5069,4574,4,2026-01-08 15:47:15.833939,completed
5070,1143,5,2026-03-05 09:39:56.923887,cancelled
5071,3962,4,2026-03-15 15:56:56.998496,pending
5072,2143,4,2026-01-19 07:43:29.963508,pending
5073,3958,9,2026-01-31 10:44:13.093099,cancelled
5074,707,3,2026-01-21 04:11:38.409184,completed
5075,1466,3,2026-01-06 03:20:13.807660,cancelled
5076,3658,9,2026-02-16 23:37:30.946230,completed
5077,1615,3,2026-01-21 12:06:02.877061,pending
5078,3298,2,2026-02-07 05:18:35.056602,pending
5079,1812,10,2026-02-17 10:40:42.370873,pending
5080,2710,9,2026-01-01 20:58:43.818746,cancelled
5081,883,9,2026-02-05 02:10:26.281280,pending
5082,1943,6,2026-02-23 07:31:48.178063,cancelled
5083,4858,2,2026-02-20 21:53:42.399482,pending
5084,3225,5,2026-01-07 06:58:31.841243,cancelled
5085,1022,7,2026-03-11 03:05:34.325804,pending
5086,616,8,2026-02-18 13:24:40.347797,pending
5087,4295,5,2026-02-16 04:38:39.498097,pending
5088,1961,7,2026-02-19 08:01:42.002476,cancelled
5089,4183,2,2026-02-27 19:11:14.193031,cancelled
5090,1123,2,2026-01-05 01:17:09.924228,cancelled
5091,4728,7,2026-01-29 20:05:49.039879,pending
5092,3094,7,2026-01-14 08:03:38.818055,cancelled
5093,3327,3,2026-03-05 23:23:02.797615,completed
5094,2058,4,2026-01-14 07:18:52.546362,cancelled
5095,4720,3,2026-04-02 18:21:00.142535,pending
5096,2166,7,2026-03-14 21:26:09.483624,cancelled
5097,3955,10,2026-01-14 22:05:26.754874,pending
5098,3108,2,2026-01-20 02:02:22.932900,pending
5099,893,3,2026-03-10 02:40:35.756460,cancelled
5100,4656,1,2026-02-02 21:48:24.469590,cancelled
5101,3282,1,2026-01-25 01:25:18.028097,completed
5102,2466,9,2026-01-02 20:58:27.267284,completed
5103,1159,7,2026-02-11 16:36:57.482038,cancelled
5104,4926,10,2026-03-03 04:47:02.574794,completed
5105,1775,1,2026-01-12 03:17:23.073468,cancelled
5106,229,5,2026-01-01 06:14:20.844209,pending
5107,4095,1,2026-01-16 20:24:50.119788,pending
5108,630,3,2026-03-21 23:15:32.076660,completed
5109,4448,10,2026-01-16 22:01:32.098343,completed
5110,1743,8,2026-04-03 06:14:05.877083,completed
5111,2700,6,2026-02-18 10:44:20.215216,pending
5112,1023,6,2026-01-11 12:44:09.653147,cancelled
5113,816,10,2026-02-02 15:04:57.168124,cancelled
5114,147,2,2026-03-01 00:10:53.345324,cancelled
5115,2110,6,2026-02-16 11:12:21.706210,pending
5116,2063,6,2026-01-23 22:24:46.027751,cancelled
5117,1866,3,2026-02-09 05:57:04.961468,pending
5118,1467,1,2026-02-16 05:03:52.600944,completed
5119,2904,9,2026-03-18 07:53:33.189274,pending
5120,4568,8,2026-02-16 02:33:58.857928,pending
5121,4954,5,2026-03-29 19:04:46.754291,completed
5122,2046,4,2026-03-21 19:02:31.427426,completed
5123,4249,6,2026-02-07 10:50:59.116157,pending
5124,1467,2,2026-02-08 22:40:22.262336,completed
5125,1771,2,2026-01-07 05:46:58.245539,completed
5126,2496,8,2026-02-21 15:26:02.931928,cancelled
5127,2735,6,2026-02-08 12:39:53.889472,cancelled
5128,96,4,2026-01-20 08:54:48.616343,cancelled
5129,2346,9,2026-03-20 22:54:36.708978,cancelled
5130,889,1,2026-01-12 13:47:40.760916,completed
5131,3152,5,2026-01-23 09:37:10.091095,cancelled
5132,1516,7,2026-02-19 08:24:20.087477,pending
5133,4930,9,2026-04-06 02:31:37.760320,pending
5134,2480,4,2026-02-02 09:04:57.734521,pending
5135,3101,6,2026-03-18 20:35:15.620920,pending
5136,4045,2,2026-01-11 19:55:53.020141,pending
5137,1066,3,2026-03-25 11:50:01.356664,cancelled
5138,991,8,2026-02-02 10:47:06.101789,cancelled
5139,4622,4,2026-03-09 20:07:23.404478,pending
5140,3405,7,2026-01-05 06:15:21.947238,completed
5141,4973,3,2026-01-30 00:30:40.631355,completed
5142,1007,9,2026-02-10 18:10:24.397728,pending
5143,4269,9,2026-02-22 13:01:11.769462,completed
5144,2853,7,2026-04-02 14:36:59.245585,cancelled
5145,1367,4,2026-03-21 08:30:37.470259,pending
5146,2318,1,2026-02-24 14:29:33.223354,cancelled
5147,3588,9,2026-03-02 16:22:16.002511,cancelled
5148,2056,3,2026-01-23 20:17:32.666329,pending
5149,2135,4,2026-04-02 20:17:48.248050,pending
5150,2795,1,2026-03-04 00:27:06.148713,cancelled
5151,4314,2,2026-03-22 21:22:50.077017,pending
5152,2567,8,2026-03-20 16:43:11.796253,cancelled
5153,3425,8,2026-01-13 00:17:15.606630,pending
5154,2630,2,2026-02-03 07:43:10.576650,cancelled
5155,4076,9,2026-01-30 20:31:20.738288,pending
5156,4517,10,2026-02-04 11:13:44.637391,pending
5157,1231,6,2026-01-05 03:29:32.897292,pending
5158,538,6,2026-04-01 19:38:08.517234,cancelled
5159,1218,6,2026-01-09 04:54:30.652160,completed
5160,1785,3,2026-02-11 13:11:42.821740,pending
5161,4428,2,2026-01-12 00:44:29.769774,pending
5162,130,6,2026-01-30 09:44:35.546167,cancelled
5163,563,7,2026-02-28 09:52:27.439425,pending
5164,2344,10,2026-03-07 00:12:31.201397,cancelled
5165,1902,6,2026-02-07 10:26:18.435570,pending
5166,4769,7,2026-02-13 03:56:41.211499,pending
5167,1602,10,2026-03-17 16:29:50.335162,cancelled
5168,555,9,2026-02-19 19:33:17.107316,pending
5169,3513,7,2026-01-07 19:57:35.806683,completed
5170,3644,1,2026-02-03 08:33:47.007645,cancelled
5171,4786,2,2026-02-07 08:54:50.723281,completed
5172,2834,6,2026-03-24 20:47:43.097929,pending
5173,583,7,2026-03-31 10:01:57.379585,pending
5174,343,2,2026-01-13 07:43:32.445795,pending
5175,1048,10,2026-01-20 14:08:38.351007,completed
5176,1678,4,2026-02-25 05:56:39.098189,completed
5177,3470,3,2026-02-02 15:04:41.160269,pending
5178,2436,6,2026-01-16 18:25:01.783416,completed
5179,4054,6,2026-03-15 20:47:37.579865,cancelled
5180,618,7,2026-02-19 18:11:06.211918,completed
5181,183,8,2026-01-21 17:35:37.139145,completed
5182,1404,1,2026-03-15 12:10:12.199902,cancelled
5183,4424,6,2026-02-04 04:21:58.233913,pending
5184,3429,3,2026-01-29 08:24:58.939082,cancelled
5185,3882,3,2026-03-13 09:52:34.062474,pending
5186,3702,7,2026-02-24 18:18:37.486052,pending
5187,4357,10,2026-03-11 05:33:00.414914,pending
5188,3547,8,2026-01-23 03:12:48.927116,cancelled
5189,3878,8,2026-03-18 21:54:10.950464,pending
5190,1824,10,2026-01-17 07:12:20.386723,pending
5191,3786,6,2026-02-18 16:18:09.231790,pending
5192,3424,7,2026-01-09 01:20:14.077638,cancelled
5193,1877,6,2026-03-26 20:19:11.116549,pending
5194,2957,8,2026-03-16 13:00:51.139033,cancelled
5195,1404,5,2026-02-08 13:47:33.802333,cancelled
5196,2664,10,2026-02-27 11:43:53.750969,pending
5197,3131,4,2026-02-12 08:15:55.120809,pending
5198,1355,8,2026-01-17 19:13:57.134946,pending
5199,379,1,2026-02-01 20:36:02.357561,pending
5200,1922,8,2026-01-30 08:41:55.591600,completed
5201,3629,9,2026-03-05 20:58:28.816627,completed
5202,1381,2,2026-02-27 08:00:54.765051,completed
5203,4676,7,2026-03-25 08:07:55.024840,pending
5204,4516,8,2026-02-16 09:41:10.532355,pending
5205,201,5,2026-04-05 15:23:44.518081,cancelled
5206,72,9,2026-01-14 15:36:25.293633,cancelled
5207,13,5,2026-02-15 17:19:03.085256,cancelled
5208,1250,5,2026-03-27 03:55:29.820207,pending
5209,3412,8,2026-01-06 10:09:40.459916,pending
5210,681,1,2026-01-29 19:25:53.523250,cancelled
5211,1666,7,2026-01-29 04:28:04.243623,pending
5212,2275,9,2026-03-31 02:19:29.081995,completed
5213,4262,5,2026-03-18 03:15:24.628155,completed
5214,3894,6,2026-01-31 21:30:03.709689,cancelled
5215,4558,1,2026-02-16 07:39:36.747037,pending
5216,1389,4,2026-04-03 23:27:20.067401,completed
5217,4086,1,2026-03-30 17:40:31.499313,cancelled
5218,648,6,2026-03-25 04:01:06.133129,cancelled
5219,4409,9,2026-01-27 14:08:56.931478,pending
5220,365,1,2026-01-06 10:59:20.449203,pending
5221,1784,4,2026-01-17 19:17:47.345588,pending
5222,285,4,2026-01-28 17:36:25.473948,cancelled
5223,1787,2,2026-01-12 14:31:52.590957,completed
5224,4157,10,2026-02-08 14:31:24.090191,pending
5225,2015,7,2026-04-02 03:26:04.999488,cancelled
5226,3472,10,2026-03-20 04:50:36.482316,pending
5227,2044,8,2026-03-29 08:56:38.306248,completed
5228,3867,4,2026-02-14 09:58:55.984190,cancelled
5229,4902,2,2026-02-28 08:52:14.451733,pending
5230,3352,9,2026-01-25 20:13:37.720763,cancelled
5231,116,7,2026-03-08 17:12:27.792302,completed
5232,568,7,2026-02-11 20:46:39.713462,cancelled
5233,2719,6,2026-03-17 16:57:22.510406,completed
5234,101,10,2026-02-15 23:03:13.515902,cancelled
5235,466,5,2026-01-25 02:12:29.259899,completed
5236,2844,1,2026-01-26 00:04:44.709767,pending
5237,1523,1,2026-03-27 18:46:27.413660,cancelled
5238,1982,1,2026-03-13 19:32:33.829493,completed
5239,2061,10,2026-03-26 00:27:26.246557,cancelled
5240,2095,3,2026-02-07 23:17:32.856953,cancelled
5241,320,4,2026-03-18 02:22:43.932043,completed
5242,990,4,2026-02-02 03:43:01.704027,cancelled
5243,523,1,2026-02-16 23:10:25.559532,completed
5244,3461,7,2026-01-24 01:49:03.233020,pending
5245,2147,1,2026-03-27 09:40:13.988577,completed
5246,1103,4,2026-03-11 21:12:32.287700,cancelled
5247,1825,6,2026-02-06 14:02:27.486663,cancelled
5248,526,10,2026-03-17 14:40:45.697247,completed
5249,1775,8,2026-03-20 17:43:18.728840,completed
5250,3486,4,2026-02-05 14:45:01.724464,pending
5251,4158,1,2026-02-18 03:49:06.668759,cancelled
5252,2170,6,2026-03-18 18:13:46.158060,cancelled
5253,4113,10,2026-01-23 10:29:19.293713,completed
5254,2497,9,2026-02-12 14:16:52.455221,completed
5255,3006,1,2026-01-29 20:07:12.774278,pending
5256,1746,7,2026-01-14 20:03:29.161100,pending
5257,2534,1,2026-02-08 07:41:26.241458,cancelled
5258,2104,8,2026-01-27 09:03:51.453018,pending
5259,1758,5,2026-01-31 05:20:44.465529,pending
5260,4983,8,2026-01-02 19:58:22.564260,cancelled
5261,2495,10,2026-01-11 06:28:14.636930,pending
5262,3652,8,2026-01-26 04:36:21.257562,pending
5263,575,8,2026-02-08 16:14:22.207539,cancelled
5264,4549,9,2026-02-19 15:23:09.886824,cancelled
5265,3924,10,2026-02-14 13:14:52.814135,completed
5266,3090,9,2026-01-19 05:50:15.168672,pending
5267,1556,5,2026-02-17 11:23:32.587683,completed
5268,4314,10,2026-01-15 20:01:26.034819,completed
5269,4323,5,2026-03-29 20:18:01.252654,completed
5270,1245,4,2026-02-02 09:44:38.842194,completed
5271,4223,6,2026-01-04 23:10:41.473950,cancelled
5272,4341,4,2026-01-10 03:05:50.329488,cancelled
5273,2105,8,2026-03-13 04:23:36.957083,pending
5274,4181,7,2026-03-22 08:22:00.474756,cancelled
5275,843,3,2026-03-15 11:06:09.700733,completed
5276,4589,6,2026-01-21 16:28:57.879656,pending
5277,3323,10,2026-03-03 08:12:42.953647,completed
5278,3194,2,2026-01-31 20:03:05.004248,pending
5279,4973,4,2026-02-08 22:53:36.440294,cancelled
5280,1802,4,2026-03-29 19:18:01.822632,cancelled
5281,3580,5,2026-01-24 03:22:26.382626,pending
5282,331,4,2026-01-10 09:16:00.543676,pending
5283,3785,1,2026-01-25 09:36:52.447464,completed
5284,1731,10,2026-02-13 17:57:37.215145,completed
5285,1988,8,2026-02-24 08:09:02.753250,pending
5286,1293,3,2026-04-03 16:41:36.504620,pending
5287,1216,7,2026-01-14 00:43:03.648026,pending
5288,2026,10,2026-03-17 00:02:55.460125,pending
5289,579,10,2026-02-03 12:14:11.524294,cancelled
5290,369,6,2026-03-03 18:29:19.114959,pending
5291,217,8,2026-03-12 20:17:08.736523,completed
5292,4951,2,2026-03-12 03:57:24.992141,completed
5293,2982,10,2026-01-25 18:11:34.872575,cancelled
5294,3987,6,2026-03-23 21:01:10.649729,cancelled
5295,2935,1,2026-03-22 20:10:25.089950,cancelled
5296,1115,6,2026-01-20 10:41:19.915439,cancelled
5297,4605,9,2026-01-20 15:35:23.408524,cancelled
5298,4863,6,2026-03-17 16:08:44.227045,pending
5299,3931,8,2026-01-04 13:47:26.531846,pending
5300,2115,9,2026-01-21 00:14:51.865794,completed
5301,2761,2,2026-02-09 13:39:34.889983,cancelled
5302,2162,4,2026-03-24 00:19:17.299052,completed
5303,3444,2,2026-03-06 14:17:32.517815,cancelled
5304,1778,5,2026-02-09 05:34:04.298597,pending
5305,3444,1,2026-02-28 08:11:17.002408,completed
5306,2212,5,2026-02-13 04:37:04.301167,pending
5307,4237,8,2026-01-12 07:32:14.472649,pending
5308,4443,7,2026-02-12 00:08:42.261626,cancelled
5309,1298,10,2026-03-17 06:23:35.675710,pending
5310,4593,1,2026-01-28 22:11:50.372144,cancelled
5311,1376,8,2026-01-13 08:45:02.717910,completed
5312,2710,4,2026-01-30 09:06:11.196191,completed
5313,698,3,2026-03-20 03:06:17.616574,completed
5314,2270,2,2026-01-24 13:02:14.034031,completed
5315,3295,1,2026-03-18 04:49:56.969186,pending
5316,4228,6,2026-02-24 02:02:38.155480,cancelled
5317,4436,7,2026-01-22 21:54:50.575283,completed
5318,4019,5,2026-04-05 12:52:15.126140,cancelled
5319,3828,8,2026-02-23 09:40:19.368750,cancelled
5320,138,5,2026-02-28 11:48:30.354986,cancelled
5321,3756,1,2026-02-07 15:10:42.741793,pending
5322,2951,6,2026-01-12 01:58:56.485426,cancelled
5323,3140,8,2026-01-14 21:27:56.799096,pending
5324,2814,1,2026-01-17 15:26:33.450607,completed
5325,4575,7,2026-01-23 03:13:01.605956,pending
5326,110,6,2026-01-11 21:32:26.168266,cancelled
5327,330,10,2026-01-19 11:17:05.708992,pending
5328,3786,7,2026-03-17 10:24:07.723934,pending
5329,1417,4,2026-01-31 18:01:59.503241,cancelled
5330,888,1,2026-02-14 15:01:48.902353,pending
5331,3680,4,2026-02-25 16:00:56.641137,pending
5332,1760,6,2026-01-12 14:30:36.559093,pending
5333,3095,1,2026-03-19 21:05:12.807786,pending
5334,4835,3,2026-04-04 21:28:57.348045,pending
5335,110,5,2026-03-10 16:22:05.021405,completed
5336,2881,9,2026-01-05 17:22:13.133035,completed
5337,871,2,2026-01-20 10:02:05.974107,completed
5338,2547,7,2026-04-02 17:41:50.358175,completed
5339,2641,7,2026-02-17 10:23:56.277327,pending
5340,3959,5,2026-01-24 11:31:21.198942,pending
5341,3453,1,2026-03-14 20:41:20.095806,completed
5342,139,10,2026-01-28 05:14:54.964764,pending
5343,1997,9,2026-03-07 15:24:42.285679,completed
5344,4667,4,2026-03-01 12:48:13.142039,pending
5345,3487,3,2026-02-15 16:50:15.456898,completed
5346,2858,9,2026-02-15 01:40:56.336230,completed
5347,1280,7,2026-02-04 12:55:37.273535,pending
5348,2067,9,2026-03-05 07:39:15.874932,pending
5349,1398,7,2026-03-15 15:27:39.891978,cancelled
5350,4285,6,2026-02-01 18:36:03.422250,cancelled
5351,2714,4,2026-01-14 09:45:54.118502,completed
5352,4544,4,2026-02-10 22:39:42.730274,cancelled
5353,2019,5,2026-02-03 02:01:17.078771,pending
5354,3526,6,2026-01-06 12:43:49.902816,completed
5355,2050,6,2026-03-28 22:57:52.617089,pending
5356,2479,2,2026-03-19 20:06:12.766021,pending
5357,4568,3,2026-01-28 01:32:19.785000,cancelled
5358,4278,6,2026-01-10 07:12:47.831861,pending
5359,2227,6,2026-01-10 10:38:35.830644,cancelled
5360,2694,5,2026-02-25 08:05:03.173106,cancelled
5361,2713,4,2026-03-09 23:02:31.736081,completed
5362,1796,5,2026-02-12 04:30:09.216674,pending
5363,3822,9,2026-01-16 00:11:15.050879,pending
5364,4176,10,2026-03-02 01:48:30.117766,pending
5365,3710,5,2026-02-28 07:56:54.485328,cancelled
5366,3296,2,2026-02-28 23:50:41.367985,cancelled
5367,4862,10,2026-03-18 19:04:01.827471,cancelled
5368,4093,4,2026-01-14 17:37:00.240422,cancelled
5369,1030,6,2026-01-22 08:17:48.790957,pending
5370,3359,8,2026-01-17 00:18:09.621133,cancelled
5371,200,7,2026-01-27 07:35:26.328548,cancelled
5372,419,6,2026-02-08 03:58:43.137941,pending
5373,4933,8,2026-02-07 19:03:54.585267,cancelled
5374,146,8,2026-03-01 15:51:47.975134,cancelled
5375,3246,3,2026-02-25 07:37:35.377282,cancelled
5376,3430,6,2026-04-03 19:46:46.377501,completed
5377,2446,8,2026-03-10 12:41:25.577241,pending
5378,4515,10,2026-04-04 02:17:56.829774,cancelled
5379,4709,3,2026-01-20 04:00:53.675669,cancelled
5380,3132,10,2026-03-28 19:47:50.459005,cancelled
5381,945,3,2026-02-21 22:58:50.502212,completed
5382,2136,7,2026-01-07 15:51:33.506817,completed
5383,652,3,2026-02-15 11:53:30.792536,pending
5384,1440,10,2026-03-22 07:23:07.426616,pending
5385,2953,10,2026-01-02 12:12:40.045230,cancelled
5386,2684,5,2026-02-03 14:51:22.512005,cancelled
5387,1311,3,2026-02-03 22:26:48.759259,cancelled
5388,4781,9,2026-02-03 00:43:30.062682,cancelled
5389,3183,8,2026-01-10 14:14:46.838530,pending
5390,2786,9,2026-02-21 16:48:57.776700,cancelled
5391,3574,1,2026-01-30 21:30:35.738506,completed
5392,1228,10,2026-03-06 08:17:14.813440,completed
5393,2663,10,2026-03-30 16:04:35.372784,pending
5394,609,4,2026-01-20 18:22:42.269141,completed
5395,4814,8,2026-01-24 23:37:17.057553,pending
5396,2987,7,2026-01-04 11:12:12.192750,cancelled
5397,3418,2,2026-01-14 03:40:01.319656,completed
5398,4649,5,2026-04-03 23:14:06.560110,cancelled
5399,1374,9,2026-04-04 10:06:39.640083,cancelled
5400,2936,8,2026-02-14 20:54:16.864805,cancelled
5401,1847,6,2026-02-25 10:28:34.691410,completed
5402,4752,4,2026-03-09 04:42:08.219077,completed
5403,591,7,2026-03-11 13:11:53.388992,pending
5404,4754,5,2026-04-06 15:03:12.740776,completed
5405,2696,1,2026-02-07 04:14:01.373176,pending
5406,2126,3,2026-01-12 08:49:16.763512,cancelled
5407,1661,2,2026-02-04 18:12:49.018977,pending
5408,4572,3,2026-01-02 00:30:57.104583,cancelled
5409,4502,4,2026-03-14 13:48:19.643221,completed
5410,3627,3,2026-04-07 13:26:28.543627,cancelled
5411,4314,9,2026-02-17 22:37:35.834223,pending
5412,308,3,2026-03-27 22:43:31.999816,completed
5413,1270,1,2026-03-08 20:41:37.416628,completed
5414,1752,10,2026-01-30 05:24:28.805421,pending
5415,147,8,2026-01-12 19:36:39.965930,completed
5416,3836,8,2026-04-07 07:21:59.704383,cancelled
5417,4759,10,2026-03-05 13:50:13.252552,pending
5418,497,6,2026-01-27 03:13:15.039403,cancelled
5419,3729,2,2026-03-27 15:34:43.726222,pending
5420,1571,4,2026-02-13 13:50:10.929831,cancelled
5421,855,6,2026-01-09 09:36:46.143838,pending
5422,4860,4,2026-03-08 22:36:38.758849,completed
5423,953,9,2026-03-03 08:23:11.114406,pending
5424,926,8,2026-01-29 14:41:29.797580,cancelled
5425,3724,10,2026-04-03 19:26:09.373977,cancelled
5426,655,7,2026-01-09 17:13:15.846150,cancelled
5427,4768,9,2026-02-28 01:27:54.695347,cancelled
5428,1288,9,2026-02-14 09:14:09.415047,pending
5429,1636,7,2026-02-10 21:17:31.304753,cancelled
5430,747,8,2026-02-09 00:48:36.839517,pending
5431,4118,9,2026-03-14 16:09:59.366658,cancelled
5432,2501,8,2026-01-29 06:27:22.809849,cancelled
5433,2217,5,2026-02-16 01:48:01.971717,completed
5434,2204,10,2026-02-24 17:31:35.981240,completed
5435,167,4,2026-01-14 16:55:52.882794,completed
5436,3343,1,2026-02-13 01:23:31.567650,completed
5437,958,4,2026-01-14 08:15:34.112964,cancelled
5438,2351,6,2026-02-10 07:30:50.618366,cancelled
5439,1920,2,2026-01-13 08:43:03.577814,pending
5440,3882,1,2026-01-19 11:08:26.250585,pending
5441,1851,3,2026-01-09 09:35:33.258601,pending
5442,3153,1,2026-04-02 12:35:21.023364,cancelled
5443,1324,6,2026-02-17 21:25:57.510807,pending
5444,1472,9,2026-02-27 02:22:20.051147,completed
5445,4736,6,2026-01-29 07:58:10.893700,cancelled
5446,1985,10,2026-02-10 18:09:29.099153,pending
5447,1877,2,2026-03-07 03:17:02.739135,pending
5448,2193,1,2026-04-02 19:56:25.305075,completed
5449,3929,9,2026-03-31 02:39:26.478018,completed
5450,1201,2,2026-03-28 09:45:41.013966,completed
5451,2638,9,2026-01-05 20:30:05.426168,cancelled
5452,2779,2,2026-01-15 08:14:13.783370,pending
5453,2888,10,2026-02-13 08:53:01.518150,cancelled
5454,2627,8,2026-02-06 21:20:56.237924,pending
5455,2684,3,2026-01-13 19:07:20.232951,pending
5456,1910,7,2026-01-04 08:52:27.923851,pending
5457,4450,6,2026-01-22 12:21:20.567601,pending
5458,4314,5,2026-03-14 13:01:51.815666,cancelled
5459,4181,5,2026-04-03 15:04:42.814653,pending
5460,4293,1,2026-02-14 00:26:47.527472,pending
5461,3107,4,2026-01-03 04:29:59.114435,completed
5462,804,2,2026-02-16 22:09:25.053539,cancelled
5463,3451,4,2026-02-15 15:38:37.561704,cancelled
5464,13,2,2026-01-23 10:23:06.776856,pending
5465,2739,1,2026-03-24 01:40:27.521948,completed
5466,2377,6,2026-01-12 15:47:26.929018,cancelled
5467,2408,5,2026-02-26 14:22:19.676551,completed
5468,4163,7,2026-01-07 09:33:32.914348,pending
5469,12,9,2026-03-06 17:55:14.889060,cancelled
5470,3363,7,2026-01-05 04:22:03.958591,cancelled
5471,4485,2,2026-01-26 22:23:37.023972,pending
5472,2684,6,2026-02-22 11:09:06.904016,pending
5473,841,5,2026-02-23 16:13:30.493049,pending
5474,2645,9,2026-02-17 03:52:50.969878,completed
5475,854,10,2026-04-05 22:05:18.292985,cancelled
5476,4389,6,2026-02-14 22:00:40.720133,pending
5477,4816,4,2026-02-25 08:22:18.235428,completed
5478,132,10,2026-01-09 23:01:12.429642,cancelled
5479,3640,4,2026-01-10 21:51:10.589956,cancelled
5480,4453,1,2026-01-30 17:48:30.905927,cancelled
5481,1676,10,2026-04-06 03:32:46.753142,pending
5482,3106,8,2026-02-20 02:57:48.840749,pending
5483,3990,8,2026-03-25 22:39:25.118044,cancelled
5484,1260,8,2026-01-17 11:07:21.704515,cancelled
5485,1685,7,2026-02-03 10:58:36.475215,pending
5486,2098,7,2026-01-15 14:52:57.238948,pending
5487,1466,4,2026-03-12 01:28:47.503179,completed
5488,2922,1,2026-01-28 15:54:08.927818,pending
5489,3572,2,2026-02-12 08:10:03.128774,cancelled
5490,59,1,2026-01-20 23:02:30.077494,completed
5491,4924,3,2026-03-22 18:14:11.081538,pending
5492,1405,10,2026-02-28 00:33:40.519217,cancelled
5493,276,2,2026-03-13 18:31:29.278668,completed
5494,4352,6,2026-02-18 12:29:16.874278,cancelled
5495,2181,4,2026-01-11 09:33:08.137050,completed
5496,1790,5,2026-02-06 06:13:06.168599,cancelled
5497,3006,2,2026-03-11 08:15:46.295915,cancelled
5498,4259,8,2026-02-08 12:16:52.915123,cancelled
5499,1135,6,2026-01-19 12:55:01.917932,cancelled
5500,2476,6,2026-04-06 01:16:38.181579,pending
5501,4266,10,2026-01-13 07:08:58.670983,cancelled
5502,1873,2,2026-01-29 17:11:30.040344,cancelled
5503,705,7,2026-03-20 02:02:48.120714,completed
5504,2660,4,2026-02-27 08:25:31.958723,cancelled
5505,733,1,2026-02-23 08:34:50.299378,pending
5506,1779,10,2026-03-28 07:00:45.158126,completed
5507,4464,4,2026-03-26 01:29:47.764340,completed
5508,2246,1,2026-03-21 08:39:21.308863,pending
5509,2002,5,2026-03-06 09:42:22.176246,completed
5510,2931,9,2026-01-09 05:32:36.644032,completed
5511,2220,9,2026-01-31 13:12:54.176538,cancelled
5512,2551,6,2026-02-28 20:28:32.981108,pending
5513,3484,9,2026-01-24 12:13:05.732966,pending
5514,2109,10,2026-02-08 01:21:45.347480,completed
5515,3171,4,2026-03-03 05:54:33.319923,pending
5516,1197,10,2026-02-01 14:47:12.422773,cancelled
5517,898,7,2026-02-14 18:30:15.841089,cancelled
5518,1649,7,2026-03-15 16:23:55.286019,cancelled
5519,2705,3,2026-02-19 11:06:14.360999,completed
5520,3856,8,2026-03-12 12:39:12.862503,cancelled
5521,330,10,2026-01-30 17:18:47.651972,pending
5522,4673,6,2026-02-26 23:18:00.147502,cancelled
5523,4790,8,2026-02-25 18:50:16.393113,pending
5524,1516,9,2026-03-30 21:14:44.742412,cancelled
5525,3059,3,2026-01-16 23:48:15.197272,cancelled
5526,1479,9,2026-02-25 03:41:11.477236,cancelled
5527,488,5,2026-02-09 22:51:58.272839,completed
5528,2086,4,2026-03-20 18:42:41.793096,cancelled
5529,2701,3,2026-02-10 07:14:00.389017,completed
5530,789,10,2026-01-14 22:43:32.751463,cancelled
5531,469,1,2026-01-24 06:24:41.032925,cancelled
5532,3625,8,2026-01-12 19:28:40.178838,pending
5533,4917,4,2026-01-04 00:37:07.670025,completed
5534,2588,2,2026-03-17 14:52:32.898424,cancelled
5535,1231,3,2026-02-25 08:04:12.720160,completed
5536,556,6,2026-03-12 08:26:57.030329,pending
5537,2823,3,2026-04-06 04:28:10.709344,pending
5538,4860,5,2026-03-20 07:57:30.540781,completed
5539,1100,5,2026-03-02 05:25:21.695602,pending
5540,2679,3,2026-03-22 02:58:54.010723,pending
5541,3853,8,2026-01-10 08:08:58.885828,pending
5542,460,8,2026-02-10 22:57:30.030700,pending
5543,3662,10,2026-03-07 11:23:07.087565,pending
5544,1879,2,2026-03-27 21:09:53.694218,cancelled
5545,4123,3,2026-01-24 12:13:10.134034,completed
5546,625,6,2026-03-30 15:07:59.833041,cancelled
5547,2373,3,2026-02-14 05:53:20.137673,pending
5548,325,3,2026-03-19 19:16:54.800999,completed
5549,3717,4,2026-03-10 19:24:50.024463,pending
5550,1393,5,2026-02-16 19:00:29.997962,completed
5551,651,2,2026-01-22 19:01:12.226213,completed
5552,845,1,2026-03-09 18:47:19.724363,cancelled
5553,3049,5,2026-02-24 22:37:12.940721,pending
5554,276,10,2026-03-09 01:50:33.366758,cancelled
5555,101,10,2026-02-24 04:13:25.976195,pending
5556,3314,2,2026-01-14 14:06:02.812570,completed
5557,446,3,2026-02-23 07:03:43.791830,completed
5558,3549,10,2026-02-19 07:03:54.728238,completed
5559,1237,9,2026-01-28 13:54:35.898405,cancelled
5560,1838,9,2026-03-23 21:22:28.302042,cancelled
5561,413,9,2026-02-05 15:17:12.515856,cancelled
5562,394,8,2026-03-18 22:50:08.527208,completed
5563,4321,2,2026-01-18 16:26:43.447633,completed
5564,239,3,2026-03-02 07:33:09.172273,cancelled
5565,4408,4,2026-01-24 10:38:27.134049,cancelled
5566,802,5,2026-02-06 09:59:37.765373,pending
5567,344,5,2026-01-01 19:15:34.027643,completed
5568,3168,8,2026-02-09 02:59:31.103966,pending
5569,1416,5,2026-01-05 21:19:26.703001,cancelled
5570,2643,5,2026-03-26 03:17:57.350249,pending
5571,2168,3,2026-01-31 15:46:05.525543,cancelled
5572,1174,2,2026-02-25 18:27:50.186424,pending
5573,4008,5,2026-03-10 09:19:12.110281,pending
5574,1707,6,2026-01-24 10:22:30.479936,cancelled
5575,1075,1,2026-04-04 22:56:27.728867,cancelled
5576,4536,7,2026-01-03 22:27:46.980858,cancelled
5577,3311,9,2026-01-05 16:22:42.560580,completed
5578,3860,5,2026-02-24 10:27:49.343955,pending
5579,2654,7,2026-02-11 18:38:33.219980,completed
5580,1849,3,2026-04-06 07:18:03.520358,completed
5581,2255,5,2026-02-12 09:01:19.069855,completed
5582,1712,9,2026-03-17 22:41:23.173129,pending
5583,145,8,2026-03-19 07:59:39.504848,cancelled
5584,2970,2,2026-03-10 11:00:41.197506,cancelled
5585,3913,8,2026-02-06 13:10:00.328625,completed
5586,2677,6,2026-01-06 08:26:13.942549,cancelled
5587,1358,7,2026-03-24 13:44:14.546405,completed
5588,254,4,2026-02-19 10:31:37.167985,pending
5589,3395,3,2026-01-01 13:11:44.815261,completed
5590,3921,10,2026-01-08 08:36:48.560229,cancelled
5591,4338,9,2026-04-04 04:13:58.420656,pending
5592,1145,4,2026-03-24 03:43:57.041852,completed
5593,2276,6,2026-02-04 15:55:24.281904,pending
5594,2960,2,2026-01-29 08:48:15.128424,pending
5595,2952,3,2026-01-29 17:56:38.344767,cancelled
5596,1700,7,2026-01-10 07:12:44.511939,completed
5597,1504,1,2026-03-15 01:37:39.269771,cancelled
5598,1440,1,2026-01-17 05:12:03.758227,cancelled
5599,1144,10,2026-02-25 13:35:50.871621,completed
5600,90,8,2026-01-25 03:59:31.100569,pending
5601,914,10,2026-02-27 15:21:16.022890,pending
5602,2242,6,2026-01-09 10:16:11.284984,pending
5603,255,2,2026-01-29 23:44:24.971262,pending
5604,1048,2,2026-03-29 18:17:08.469790,completed
5605,1255,1,2026-04-03 12:23:53.800836,completed
5606,3635,5,2026-02-21 11:43:25.619037,completed
5607,3181,10,2026-02-09 20:07:30.429300,cancelled
5608,1630,1,2026-04-03 19:53:24.116410,pending
5609,1994,8,2026-01-26 20:02:05.047285,pending
5610,719,9,2026-02-10 13:29:48.457613,completed
5611,2528,3,2026-01-15 17:20:41.584115,cancelled
5612,3358,8,2026-02-27 09:04:19.054846,cancelled
5613,741,10,2026-02-03 22:38:24.669746,completed
5614,2270,4,2026-01-05 03:23:13.852601,cancelled
5615,1568,9,2026-03-06 08:56:20.186175,pending
5616,1592,1,2026-03-28 10:35:37.228572,completed
5617,2474,1,2026-01-27 00:06:39.633097,completed
5618,933,4,2026-02-24 14:19:03.349989,cancelled
5619,4101,8,2026-01-30 11:03:51.764983,pending
5620,715,3,2026-03-09 14:08:26.845554,pending
5621,565,8,2026-03-29 04:23:58.836360,pending
5622,3427,1,2026-03-23 23:00:29.157105,pending
5623,2537,6,2026-03-30 21:45:17.775559,pending
5624,2251,7,2026-03-22 14:04:20.507827,cancelled
5625,3747,9,2026-02-03 19:05:31.325227,completed
5626,4606,7,2026-01-16 05:21:22.811282,pending
5627,3409,7,2026-03-10 16:31:08.285430,completed
5628,388,7,2026-02-05 09:46:39.614026,completed
5629,599,3,2026-04-05 09:18:03.083709,cancelled
5630,3931,6,2026-01-28 06:57:28.840358,completed
5631,3882,5,2026-03-19 23:50:52.792341,pending
5632,1705,2,2026-01-20 07:08:59.291267,cancelled
5633,116,3,2026-01-20 20:35:45.058134,cancelled
5634,500,7,2026-01-25 09:32:01.640658,cancelled
5635,4187,5,2026-03-08 05:59:28.713171,pending
5636,1670,10,2026-01-17 09:46:19.886432,cancelled
5637,4979,6,2026-02-09 09:52:41.727376,cancelled
5638,2364,10,2026-01-02 19:01:42.894490,cancelled
5639,446,7,2026-02-10 12:06:06.470664,cancelled
5640,1053,3,2026-02-19 19:38:03.578686,cancelled
5641,1856,1,2026-03-30 05:59:02.549524,pending
5642,2331,10,2026-03-28 07:13:26.349877,pending
5643,1751,4,2026-01-23 19:21:25.655510,cancelled
5644,711,3,2026-03-23 13:37:01.816419,completed
5645,4753,9,2026-03-14 00:06:29.587134,cancelled
5646,284,2,2026-02-17 10:43:35.441269,cancelled
5647,1479,5,2026-01-29 15:28:37.161616,completed
5648,4715,7,2026-03-26 21:26:04.978934,completed
5649,634,6,2026-02-05 05:06:47.135760,cancelled
5650,2120,4,2026-01-03 00:22:30.364664,cancelled
5651,1278,8,2026-02-27 18:12:31.502012,pending
5652,543,2,2026-02-16 10:24:26.564987,cancelled
5653,2391,6,2026-04-02 12:24:53.959670,completed
5654,4560,8,2026-01-23 01:26:58.369577,pending
5655,927,8,2026-04-05 20:03:44.431181,completed
5656,3444,5,2026-03-01 15:59:42.101375,cancelled
5657,2249,8,2026-01-12 04:45:09.244102,completed
5658,3185,4,2026-01-24 01:59:48.983045,completed
5659,898,10,2026-03-12 14:06:16.465845,cancelled
5660,4097,6,2026-02-25 09:50:45.617972,pending
5661,1981,1,2026-02-05 06:35:29.053138,pending
5662,4403,8,2026-03-09 11:40:00.011748,pending
5663,2051,7,2026-03-26 18:46:45.179585,pending
5664,3465,8,2026-01-09 23:29:17.749662,pending
5665,915,6,2026-03-17 12:13:46.626242,completed
5666,3791,7,2026-01-19 01:12:24.330564,cancelled
5667,1673,7,2026-01-29 22:11:23.144073,completed
5668,2624,9,2026-01-30 19:49:42.568018,cancelled
5669,1189,2,2026-01-05 01:36:08.632707,completed
5670,1947,2,2026-03-19 03:26:46.672717,pending
5671,2027,9,2026-03-16 13:11:29.341973,pending
5672,4279,2,2026-02-07 22:53:36.596439,completed
5673,4907,8,2026-03-31 20:15:38.301363,completed
5674,1935,2,2026-01-06 04:59:20.027440,cancelled
5675,3504,5,2026-03-19 23:07:42.114571,pending
5676,3773,9,2026-02-04 20:16:50.485572,cancelled
5677,4281,5,2026-03-17 19:28:21.109908,completed
5678,1677,6,2026-02-18 08:13:23.248001,completed
5679,1713,1,2026-03-26 02:43:36.692889,completed
5680,797,9,2026-03-20 21:39:43.945928,cancelled
5681,1171,6,2026-01-07 14:09:05.783535,pending
5682,4260,10,2026-02-02 05:21:06.344471,cancelled
5683,31,9,2026-02-16 11:56:02.484756,cancelled
5684,3041,1,2026-02-24 16:47:20.393685,completed
5685,2133,8,2026-02-21 13:14:24.174459,completed
5686,121,7,2026-02-15 09:00:04.212464,pending
5687,4202,5,2026-01-18 15:55:09.240519,completed
5688,961,3,2026-02-01 13:02:44.640205,cancelled
5689,1916,5,2026-01-02 00:12:32.715205,cancelled
5690,3646,9,2026-03-08 09:32:37.686089,pending
5691,1528,6,2026-03-15 21:39:19.532940,cancelled
5692,3685,4,2026-01-08 11:57:21.365836,pending
5693,859,4,2026-03-28 02:14:55.446191,completed
5694,1653,10,2026-03-07 05:12:13.517836,pending
5695,2708,10,2026-01-26 22:13:38.309745,cancelled
5696,2433,10,2026-03-09 17:33:56.061192,pending
5697,3202,4,2026-04-05 20:30:31.167073,cancelled
5698,2041,4,2026-01-28 13:36:56.870306,cancelled
5699,873,4,2026-03-09 10:04:20.475224,cancelled
5700,112,1,2026-02-22 03:17:17.639410,completed
5701,1615,1,2026-01-28 11:11:33.793122,cancelled
5702,1823,4,2026-03-21 16:22:23.457988,cancelled
5703,3714,4,2026-04-02 19:01:16.536609,completed
5704,1798,1,2026-03-31 15:02:22.155069,pending
5705,4661,7,2026-02-05 18:09:00.795284,cancelled
5706,3891,7,2026-01-30 15:23:32.799227,cancelled
5707,1112,8,2026-03-03 06:23:26.664882,pending
5708,992,9,2026-02-20 10:33:31.078583,completed
5709,4018,10,2026-02-01 03:28:21.406506,completed
5710,101,10,2026-02-09 15:19:28.944314,cancelled
5711,1321,10,2026-03-21 08:41:32.658547,pending
5712,4125,3,2026-03-08 18:11:38.812143,completed
5713,3655,4,2026-03-06 20:03:17.886534,completed
5714,714,5,2026-01-04 10:57:14.298691,completed
5715,501,4,2026-04-02 03:45:29.687669,cancelled
5716,3760,1,2026-02-26 02:34:02.552000,cancelled
5717,4365,9,2026-03-27 15:17:06.049941,pending
5718,2369,1,2026-02-27 19:33:41.406241,pending
5719,2709,7,2026-01-28 21:54:44.133424,completed
5720,4192,8,2026-02-17 00:16:14.483332,completed
5721,509,2,2026-03-06 19:21:51.578561,completed
5722,4554,3,2026-01-31 18:44:00.933809,completed
5723,4491,8,2026-03-12 06:37:31.444259,completed
5724,3482,1,2026-01-24 15:31:22.311203,pending
5725,928,6,2026-03-13 03:34:13.937129,pending
5726,791,5,2026-02-25 11:24:10.911543,cancelled
5727,4866,1,2026-03-14 03:04:08.562135,cancelled
5728,1068,1,2026-02-24 16:16:14.048700,pending
5729,1689,6,2026-03-06 23:14:07.740100,pending
5730,1009,8,2026-02-09 17:38:27.488958,pending
5731,4052,8,2026-02-05 13:25:17.434958,cancelled
5732,2609,4,2026-01-15 13:06:42.769673,pending
5733,3158,7,2026-02-16 13:05:28.056910,pending
5734,1904,3,2026-02-01 05:07:07.564606,cancelled
5735,227,7,2026-02-10 06:20:27.365572,cancelled
5736,3863,2,2026-03-08 08:13:37.563430,cancelled
5737,4891,8,2026-01-15 09:49:50.851204,cancelled
5738,1806,6,2026-03-18 14:13:32.939667,pending
5739,3936,5,2026-03-14 14:17:09.842367,completed
5740,4772,2,2026-01-21 13:27:48.389293,pending
5741,1254,9,2026-02-01 14:37:42.364511,cancelled
5742,2262,2,2026-01-28 21:11:53.953250,completed
5743,545,10,2026-03-22 19:44:50.239941,cancelled
5744,4191,6,2026-03-12 19:51:22.319136,cancelled
5745,1000,9,2026-03-15 00:17:53.848388,cancelled
5746,2482,6,2026-01-03 07:51:59.806228,cancelled
5747,4854,2,2026-04-06 04:29:54.207009,cancelled
5748,3870,6,2026-02-11 07:04:13.111909,cancelled
5749,2763,4,2026-01-15 12:30:39.251241,pending
5750,2402,1,2026-03-10 02:56:49.748030,pending
5751,4297,6,2026-04-06 01:12:29.383029,cancelled
5752,2410,10,2026-01-22 23:26:43.530168,completed
5753,3196,1,2026-02-25 11:26:11.076693,cancelled
5754,2071,1,2026-01-10 04:44:04.757759,completed
5755,986,9,2026-03-05 19:53:09.195584,cancelled
5756,884,5,2026-01-22 18:50:02.757957,pending
5757,3456,3,2026-02-06 16:34:19.648602,pending
5758,925,10,2026-03-03 04:37:37.303982,pending
5759,2071,5,2026-01-24 11:25:37.015374,completed
5760,4370,8,2026-03-31 19:26:24.368232,pending
5761,1583,7,2026-02-06 03:34:37.294851,completed
5762,2442,3,2026-02-06 17:11:31.189448,pending
5763,1241,8,2026-01-08 16:32:17.000637,pending
5764,261,5,2026-04-04 23:49:39.077722,pending
5765,2166,6,2026-01-30 13:10:55.569992,pending
5766,4258,5,2026-01-02 14:41:49.644460,pending
5767,1224,4,2026-01-18 00:07:50.846935,pending
5768,39,5,2026-01-30 23:25:47.799028,completed
5769,563,7,2026-02-22 00:26:09.569472,cancelled
5770,923,4,2026-01-05 03:55:04.579142,pending
5771,126,6,2026-02-28 11:51:14.850766,pending
5772,709,4,2026-03-01 00:20:35.060133,pending
5773,2058,10,2026-02-23 23:53:23.992893,cancelled
5774,1465,7,2026-03-10 13:23:12.824265,completed
5775,250,6,2026-03-12 17:40:40.805174,pending
5776,1254,1,2026-02-13 17:45:40.087392,completed
5777,2325,9,2026-01-11 06:24:48.295489,pending
5778,3853,1,2026-02-26 00:15:29.641224,cancelled
5779,3737,8,2026-03-16 02:19:05.238812,cancelled
5780,4178,8,2026-03-03 14:05:14.763484,pending
5781,4991,1,2026-01-25 20:21:43.429562,completed
5782,905,2,2026-02-18 17:49:39.656183,pending
5783,3363,5,2026-01-06 07:53:41.455271,completed
5784,3493,1,2026-03-22 20:05:50.235499,pending
5785,460,6,2026-03-22 12:57:21.182409,cancelled
5786,4799,6,2026-03-04 13:04:03.128531,pending
5787,4012,5,2026-01-14 06:18:52.850727,completed
5788,3008,3,2026-02-02 13:26:59.550161,cancelled
5789,1812,1,2026-03-01 05:28:40.029817,cancelled
5790,4510,8,2026-01-03 04:38:07.669828,pending
5791,2601,6,2026-01-12 07:26:21.055581,cancelled
5792,2363,1,2026-02-14 05:56:26.418416,pending
5793,4806,6,2026-01-12 22:09:55.704477,cancelled
5794,2511,9,2026-01-02 16:05:24.028849,pending
5795,4245,5,2026-02-14 15:25:11.232701,cancelled
5796,4639,10,2026-03-12 00:32:46.368125,completed
5797,3997,10,2026-01-08 14:36:50.339112,pending
5798,3805,2,2026-04-06 04:31:43.785710,cancelled
5799,3006,5,2026-02-11 13:53:04.486456,completed
5800,118,5,2026-03-22 19:42:45.425027,pending
5801,3100,7,2026-03-10 00:40:53.459084,completed
5802,152,8,2026-03-21 15:21:56.039833,pending
5803,1321,8,2026-03-20 11:44:53.523248,cancelled
5804,1901,10,2026-03-06 02:08:30.075912,pending
5805,2080,2,2026-01-28 01:32:44.771667,cancelled
5806,906,2,2026-02-21 05:39:05.250757,cancelled
5807,3055,6,2026-01-27 22:09:26.639987,cancelled
5808,1281,5,2026-02-18 04:17:23.480503,completed
5809,1289,3,2026-03-10 08:49:34.227801,completed
5810,3043,8,2026-01-10 18:03:40.606961,pending
5811,3032,8,2026-02-24 10:08:39.024077,pending
5812,1505,4,2026-03-09 17:13:30.454691,cancelled
5813,2027,1,2026-04-06 20:56:56.713688,pending
5814,4880,5,2026-03-20 03:19:37.648063,pending
5815,3002,1,2026-01-05 16:02:44.180312,pending
5816,4245,10,2026-01-01 16:23:23.249931,completed
5817,3426,1,2026-01-13 21:58:03.647592,cancelled
5818,2747,3,2026-04-06 01:50:07.874403,cancelled
5819,4263,10,2026-02-16 05:13:11.209799,cancelled
5820,1617,4,2026-02-06 02:30:40.422760,completed
5821,3124,2,2026-01-16 18:47:27.126215,completed
5822,1068,8,2026-02-10 22:05:29.009030,cancelled
5823,399,9,2026-03-26 12:26:29.312338,cancelled
5824,4307,3,2026-03-03 19:37:00.063900,cancelled
5825,1305,7,2026-01-23 02:14:03.184784,pending
5826,1130,6,2026-01-08 10:07:02.412556,completed
5827,2112,8,2026-02-25 09:36:10.906387,pending
5828,716,3,2026-03-24 13:58:30.293847,pending
5829,4362,7,2026-04-06 13:06:52.649291,completed
5830,2961,3,2026-02-07 21:56:34.285012,completed
5831,4750,4,2026-02-09 17:29:13.223305,cancelled
5832,3189,6,2026-03-23 00:49:32.283123,cancelled
5833,2129,2,2026-02-10 11:35:38.882231,cancelled
5834,3052,3,2026-02-04 14:16:48.868707,completed
5835,57,9,2026-01-03 13:03:40.795471,cancelled
5836,4169,1,2026-03-20 19:03:38.928821,completed
5837,4292,10,2026-02-15 03:01:18.367377,pending
5838,1290,2,2026-03-12 12:14:43.161496,pending
5839,2255,3,2026-01-10 13:14:58.750673,cancelled
5840,678,2,2026-01-12 05:23:59.225583,completed
5841,2323,3,2026-04-01 12:59:53.050301,pending
5842,1156,10,2026-03-18 01:16:22.357041,completed
5843,421,1,2026-02-04 22:21:33.916666,cancelled
5844,512,6,2026-03-08 10:49:16.691101,completed
5845,141,1,2026-01-12 16:39:59.217106,pending
5846,1500,7,2026-01-16 13:16:16.847625,completed
5847,1585,2,2026-02-18 12:09:51.546649,pending
5848,191,1,2026-02-08 13:50:13.094942,cancelled
5849,3864,1,2026-02-01 02:27:04.845481,completed
5850,860,4,2026-01-26 21:10:40.903141,pending
5851,2169,6,2026-03-23 04:32:49.361021,pending
5852,549,5,2026-01-17 20:05:32.140571,cancelled
5853,291,6,2026-02-27 22:13:16.417052,pending
5854,705,5,2026-02-03 07:33:36.565092,pending
5855,2485,8,2026-01-12 12:01:57.593970,cancelled
5856,447,5,2026-02-26 08:22:19.342467,cancelled
5857,2928,5,2026-02-22 19:21:07.924326,cancelled
5858,2892,10,2026-03-16 00:56:15.265736,completed
5859,3018,7,2026-02-27 02:39:47.625165,cancelled
5860,2820,6,2026-02-05 20:57:26.391022,pending
5861,3951,5,2026-01-03 01:52:49.700013,pending
5862,1264,5,2026-03-06 23:15:29.723542,pending
5863,3207,1,2026-03-26 11:09:35.158483,cancelled
5864,4150,1,2026-03-31 10:46:49.965452,cancelled
5865,4060,7,2026-04-01 14:18:57.474780,cancelled
5866,4478,7,2026-01-27 11:22:26.829679,completed
5867,518,3,2026-02-26 10:49:41.840214,completed
5868,6,10,2026-03-22 14:26:43.853183,pending
5869,4989,1,2026-02-19 08:39:11.677679,cancelled
5870,91,4,2026-03-23 09:25:07.421701,pending
5871,4947,5,2026-02-24 20:24:51.051560,cancelled
5872,1538,8,2026-03-09 01:52:12.896582,cancelled
5873,1430,8,2026-03-27 16:10:05.884181,pending
5874,1230,3,2026-02-10 00:52:01.305521,cancelled
5875,4724,10,2026-01-02 18:07:48.861785,completed
5876,2609,3,2026-02-20 15:22:39.028993,cancelled
5877,1504,7,2026-04-01 13:53:23.985803,pending
5878,4502,8,2026-03-05 08:28:23.529826,pending
5879,89,4,2026-02-13 03:03:12.967998,completed
5880,3222,7,2026-02-19 10:25:00.109949,pending
5881,3333,2,2026-01-23 23:49:54.746311,cancelled
5882,4770,7,2026-02-01 05:28:29.536792,cancelled
5883,4890,2,2026-01-31 15:26:25.315485,pending
5884,3926,9,2026-02-28 04:17:54.960397,cancelled
5885,3068,2,2026-02-20 07:01:19.183659,completed
5886,2052,1,2026-01-23 10:08:45.677599,pending
5887,3714,2,2026-04-07 11:16:07.140861,cancelled
5888,4265,10,2026-01-02 18:27:13.776506,completed
5889,3317,10,2026-03-15 04:43:13.827272,completed
5890,1953,9,2026-01-06 21:19:14.235196,cancelled
5891,878,10,2026-01-30 14:40:25.940854,cancelled
5892,3253,8,2026-03-29 06:32:11.943318,cancelled
5893,1745,4,2026-02-16 00:48:01.609879,pending
5894,1620,3,2026-01-27 17:46:17.734779,cancelled
5895,709,8,2026-03-21 00:42:55.217957,cancelled
5896,4901,5,2026-02-18 13:11:21.002102,cancelled
5897,2308,10,2026-03-04 15:18:38.937925,completed
5898,442,7,2026-02-18 18:39:11.633933,pending
5899,1495,2,2026-01-10 08:14:15.924872,completed
5900,48,9,2026-02-13 04:47:19.474938,pending
5901,1062,10,2026-03-10 13:55:11.661067,completed
5902,967,5,2026-02-06 05:54:40.909112,pending
5903,3422,1,2026-02-11 22:58:24.392701,cancelled
5904,60,3,2026-04-04 05:36:43.787302,pending
5905,935,10,2026-03-21 22:18:23.243982,cancelled
5906,1621,5,2026-01-17 05:33:56.286170,completed
5907,2372,10,2026-03-25 11:13:51.771125,completed
5908,201,10,2026-01-31 20:42:31.754104,pending
5909,1767,6,2026-02-19 10:44:38.678115,pending
5910,2525,1,2026-03-10 20:51:48.740016,completed
5911,1717,10,2026-03-21 02:35:48.056748,completed
5912,3441,10,2026-01-13 12:45:23.891681,pending
5913,4058,4,2026-03-18 04:30:59.379756,cancelled
5914,618,7,2026-01-25 02:46:11.550187,pending
5915,4307,9,2026-02-24 01:47:52.605082,completed
5916,3653,7,2026-02-26 19:19:40.551877,completed
5917,2468,8,2026-02-28 22:15:04.082715,completed
5918,1450,1,2026-01-05 00:55:51.635823,cancelled
5919,1387,10,2026-01-27 14:20:11.169816,completed
5920,4120,6,2026-03-19 19:06:41.640135,pending
5921,3097,3,2026-03-30 19:33:56.694030,completed
5922,1744,5,2026-02-27 22:58:59.651142,completed
5923,3541,1,2026-03-28 22:06:19.421005,completed
5924,1949,6,2026-03-06 13:35:04.938075,cancelled
5925,1587,9,2026-03-19 11:00:49.003525,pending
5926,1949,4,2026-03-03 06:17:43.688601,completed
5927,1267,4,2026-02-25 08:11:14.832567,completed
5928,2099,6,2026-01-24 14:19:43.528943,cancelled
5929,377,2,2026-03-14 00:26:20.113702,pending
5930,1577,3,2026-01-03 03:28:17.722522,cancelled
5931,2767,6,2026-02-13 20:22:08.178551,pending
5932,4109,7,2026-01-27 21:19:23.296329,completed
5933,3642,7,2026-03-05 09:45:37.879174,pending
5934,1089,5,2026-01-28 03:51:51.947327,cancelled
5935,1894,4,2026-01-28 03:31:37.726571,completed
5936,321,2,2026-03-02 15:38:30.989100,completed
5937,1390,10,2026-01-23 16:04:18.528229,pending
5938,1904,6,2026-02-12 12:00:10.062464,pending
5939,3569,5,2026-01-02 13:46:45.145638,cancelled
5940,1313,9,2026-01-23 18:05:07.784279,pending
5941,4859,8,2026-03-28 05:01:55.540777,cancelled
5942,4139,6,2026-02-24 13:43:31.060202,completed
5943,4334,2,2026-03-24 07:53:08.286055,pending
5944,4691,7,2026-02-24 07:29:37.325615,cancelled
5945,1699,7,2026-03-24 13:28:14.059563,completed
5946,4653,1,2026-01-17 21:33:03.161344,pending
5947,3701,6,2026-02-14 21:01:18.595261,cancelled
5948,2345,4,2026-01-20 10:29:23.618099,pending
5949,3904,4,2026-03-12 06:41:13.246794,completed
5950,2278,4,2026-01-22 21:01:52.518362,cancelled
5951,1562,7,2026-01-20 18:56:19.352092,pending
5952,1062,9,2026-02-07 15:53:20.833137,cancelled
5953,749,8,2026-02-19 05:34:10.626775,pending
5954,2049,10,2026-01-23 23:17:09.855090,completed
5955,1185,8,2026-02-04 13:08:03.517460,completed
5956,910,7,2026-02-04 21:47:35.728024,pending
5957,2161,10,2026-03-29 15:00:01.756887,cancelled
5958,4333,3,2026-02-28 07:57:42.683980,cancelled
5959,1950,8,2026-03-31 17:43:38.367748,cancelled
5960,1921,3,2026-01-22 15:03:12.290666,completed
5961,4422,4,2026-03-29 12:29:38.690022,completed
5962,31,2,2026-02-09 18:04:31.702391,completed
5963,1952,10,2026-01-28 14:48:03.823326,completed
5964,3181,1,2026-03-16 04:00:46.979029,cancelled
5965,3014,7,2026-01-12 12:59:45.493066,completed
5966,3942,8,2026-03-16 07:38:50.901701,completed
5967,1195,3,2026-03-11 13:27:49.081084,pending
5968,2958,10,2026-01-30 20:01:37.696935,completed
5969,4544,9,2026-02-26 14:22:55.847905,cancelled
5970,2792,8,2026-02-14 22:01:13.142911,completed
5971,4873,9,2026-03-30 21:23:02.665221,cancelled
5972,1747,3,2026-02-25 13:31:22.106872,completed
5973,4548,1,2026-03-02 00:57:30.964626,pending
5974,2107,8,2026-01-16 22:36:30.218761,cancelled
5975,2113,3,2026-03-30 01:28:09.209623,pending
5976,2202,3,2026-01-01 15:18:16.091633,pending
5977,4479,9,2026-01-15 05:27:46.553676,cancelled
5978,2143,2,2026-03-31 22:19:51.145531,cancelled
5979,4493,3,2026-01-05 04:28:08.766896,completed
5980,3509,2,2026-03-18 19:16:02.092795,cancelled
5981,1848,4,2026-02-15 04:25:43.017040,cancelled
5982,820,1,2026-01-14 16:16:40.194263,completed
5983,3295,8,2026-01-11 08:38:37.231839,completed
5984,1208,5,2026-02-06 01:53:16.083372,cancelled
5985,339,9,2026-03-29 07:48:02.155784,pending
5986,2183,4,2026-03-10 22:26:59.229458,pending
5987,2771,4,2026-02-02 10:56:58.474268,completed
5988,590,8,2026-03-30 11:03:48.315556,completed
5989,4004,4,2026-03-15 18:46:56.371166,cancelled
5990,3328,10,2026-02-15 11:36:08.169742,pending
5991,1433,7,2026-01-26 12:12:15.188276,pending
5992,1230,2,2026-02-17 23:23:17.779364,completed
5993,2124,1,2026-02-17 04:20:54.002474,pending
5994,797,1,2026-03-24 09:23:00.511302,completed
5995,1633,2,2026-01-03 09:46:04.492564,cancelled
5996,2688,10,2026-02-21 08:13:27.475639,completed
5997,4724,2,2026-04-05 15:59:31.634250,pending
5998,1362,10,2026-02-15 18:12:19.331746,pending
5999,822,6,2026-02-08 06:54:20.786713,pending
6000,2323,6,2026-03-23 05:37:04.391217,cancelled
6001,448,10,2026-03-17 16:13:20.998206,cancelled
6002,1845,10,2026-03-06 11:15:18.361534,completed
6003,2142,4,2026-02-11 10:15:30.212964,completed
6004,3638,9,2026-01-16 17:51:31.204290,pending
6005,2346,7,2026-01-18 10:01:53.218868,cancelled
6006,3605,5,2026-03-29 18:57:30.717071,cancelled
6007,968,2,2026-02-27 18:06:15.738569,pending
6008,1278,6,2026-02-14 00:29:33.693887,cancelled
6009,2719,9,2026-01-04 15:03:11.034443,completed
6010,4510,2,2026-02-09 20:02:01.893437,cancelled
6011,4195,8,2026-01-23 14:13:05.438219,cancelled
6012,2078,1,2026-03-28 00:22:26.511297,cancelled
6013,713,5,2026-03-27 10:29:01.476225,pending
6014,419,6,2026-03-06 16:31:55.227302,cancelled
6015,2353,4,2026-01-23 05:05:28.790185,completed
6016,4567,5,2026-02-15 10:01:28.165213,completed
6017,2953,5,2026-03-27 01:15:09.481724,completed
6018,1505,4,2026-03-15 03:37:36.314922,completed
6019,2733,9,2026-02-08 23:16:08.594798,pending
6020,19,8,2026-02-18 03:48:26.765802,completed
6021,724,2,2026-03-09 09:54:13.239379,completed
6022,3518,5,2026-01-21 18:57:33.106397,completed
6023,4185,8,2026-02-01 18:59:43.672402,pending
6024,1517,6,2026-01-03 17:07:32.865330,pending
6025,2073,8,2026-02-25 20:34:47.471396,pending
6026,980,4,2026-04-05 19:18:18.943138,completed
6027,1977,2,2026-04-03 19:52:07.259732,cancelled
6028,4895,9,2026-03-19 14:04:05.870996,completed
6029,139,9,2026-01-20 13:41:05.346403,pending
6030,290,1,2026-03-02 13:01:18.339102,pending
6031,1359,3,2026-01-26 18:50:16.830145,cancelled
6032,3896,9,2026-04-05 10:49:13.521095,pending
6033,3831,5,2026-03-12 09:50:59.694937,cancelled
6034,30,2,2026-04-04 17:03:39.508424,completed
6035,676,1,2026-02-03 20:54:01.880810,completed
6036,2288,9,2026-03-10 07:07:45.180597,cancelled
6037,467,8,2026-01-01 19:40:33.832104,cancelled
6038,1382,6,2026-02-26 15:11:24.105875,cancelled
6039,1868,3,2026-01-01 23:28:48.011288,pending
6040,1027,3,2026-01-14 00:27:35.104552,cancelled
6041,4068,4,2026-02-10 19:23:49.845599,completed
6042,4225,4,2026-02-22 05:11:15.782722,cancelled
6043,1239,6,2026-01-21 10:32:06.296221,pending
6044,3812,2,2026-01-25 07:26:27.534219,pending
6045,760,7,2026-03-09 12:49:36.981127,pending
6046,1855,4,2026-01-31 05:23:38.360665,cancelled
6047,3724,10,2026-02-16 05:57:42.392234,cancelled
6048,454,6,2026-01-03 21:15:52.986765,cancelled
6049,3571,2,2026-03-20 12:59:54.839494,cancelled
6050,4681,9,2026-01-20 03:51:14.270564,completed
6051,615,6,2026-02-21 08:26:49.267408,cancelled
6052,1211,10,2026-03-31 09:17:17.045793,pending
6053,1632,6,2026-02-14 17:45:22.755851,completed
6054,1835,9,2026-03-17 18:57:53.861089,completed
6055,2728,3,2026-03-06 22:13:32.370137,cancelled
6056,2744,5,2026-01-22 18:43:28.525163,pending
6057,412,3,2026-02-14 17:08:24.699680,pending
6058,917,1,2026-03-05 18:47:06.607339,cancelled
6059,2491,9,2026-01-29 07:41:53.472219,pending
6060,3671,9,2026-03-20 02:18:32.313747,cancelled
6061,2096,3,2026-01-30 09:00:16.686074,pending
6062,4001,7,2026-01-18 01:40:26.367634,cancelled
6063,2571,10,2026-03-03 19:58:10.880647,completed
6064,3921,5,2026-03-28 20:21:49.048927,cancelled
6065,1661,8,2026-02-24 00:29:52.245353,pending
6066,3659,4,2026-03-28 16:22:43.745713,pending
6067,1804,10,2026-02-07 08:13:23.156377,cancelled
6068,4617,2,2026-02-16 08:34:18.639430,pending
6069,2584,10,2026-01-18 07:05:26.792273,pending
6070,4871,9,2026-03-23 05:30:12.085676,cancelled
6071,4632,4,2026-02-20 11:48:54.832203,cancelled
6072,3899,5,2026-01-31 06:07:19.141092,completed
6073,944,9,2026-01-16 15:49:30.835829,pending
6074,350,8,2026-03-13 17:59:45.539124,pending
6075,2433,9,2026-02-01 17:02:14.221911,cancelled
6076,3754,4,2026-02-28 01:22:57.159057,completed
6077,4080,1,2026-03-14 02:23:20.100578,pending
6078,4509,7,2026-03-19 08:40:00.761376,cancelled
6079,3384,6,2026-03-29 10:34:23.015824,pending
6080,462,10,2026-04-01 02:23:34.607412,cancelled
6081,2063,8,2026-03-11 03:03:10.293013,cancelled
6082,3141,4,2026-03-14 04:25:35.931237,pending
6083,9,7,2026-03-06 19:24:23.745195,cancelled
6084,3988,4,2026-04-03 01:36:26.674811,cancelled
6085,1388,10,2026-02-17 01:40:26.327783,pending
6086,958,9,2026-03-27 12:21:01.738357,pending
6087,4258,5,2026-04-06 01:09:48.042429,completed
6088,1574,4,2026-01-17 11:21:41.584671,completed
6089,1849,1,2026-02-28 02:08:41.682548,pending
6090,3377,9,2026-03-22 20:18:43.914207,pending
6091,954,6,2026-03-11 06:27:09.745220,cancelled
6092,2294,7,2026-01-13 19:35:20.838680,completed
6093,1014,3,2026-04-01 19:26:27.586442,cancelled
6094,2592,8,2026-01-21 19:06:57.496272,pending
6095,532,7,2026-01-08 09:54:46.710620,completed
6096,1806,9,2026-03-18 19:38:23.209736,completed
6097,3093,1,2026-01-27 04:22:28.860060,cancelled
6098,212,8,2026-01-06 10:54:18.519861,cancelled
6099,1444,1,2026-01-11 20:01:47.322799,completed
6100,464,5,2026-03-16 11:41:59.179539,cancelled
6101,3199,8,2026-02-15 20:33:31.445874,cancelled
6102,3803,10,2026-03-11 22:56:01.657488,pending
6103,3502,7,2026-01-24 16:11:38.097232,cancelled
6104,4600,2,2026-02-06 17:15:27.368222,completed
6105,3667,6,2026-02-28 21:59:57.053540,pending
6106,3142,9,2026-01-04 17:34:40.960907,completed
6107,2857,3,2026-01-05 19:36:10.616481,cancelled
6108,2765,4,2026-03-14 16:49:16.984161,cancelled
6109,1858,1,2026-02-09 06:12:18.511058,completed
6110,306,6,2026-04-01 03:21:49.912907,completed
6111,3902,1,2026-02-15 12:32:41.265912,cancelled
6112,1811,6,2026-02-02 05:21:47.809884,pending
6113,4571,7,2026-03-07 22:04:40.980908,cancelled
6114,2491,1,2026-03-26 20:53:35.584768,cancelled
6115,4190,2,2026-03-04 15:59:54.186127,cancelled
6116,3291,8,2026-01-12 07:13:03.635145,completed
6117,4762,10,2026-02-28 20:39:46.278401,pending
6118,2008,10,2026-02-11 09:48:42.658055,cancelled
6119,3127,6,2026-03-07 20:14:18.622995,cancelled
6120,1003,3,2026-03-11 15:01:02.841080,completed
6121,579,4,2026-03-10 03:41:47.377165,pending
6122,714,1,2026-01-09 08:28:46.660005,cancelled
6123,514,4,2026-01-26 12:24:10.130630,cancelled
6124,3652,9,2026-02-24 01:10:05.796365,cancelled
6125,3607,5,2026-01-01 01:35:28.046479,cancelled
6126,969,5,2026-04-01 06:03:51.912323,pending
6127,414,1,2026-02-18 16:20:29.539424,pending
6128,4681,2,2026-02-06 04:17:00.363773,cancelled
6129,3626,4,2026-03-28 19:11:51.415560,cancelled
6130,699,3,2026-01-15 16:43:10.429186,pending
6131,2369,8,2026-02-05 05:37:38.021294,completed
6132,282,10,2026-01-15 02:28:18.698965,cancelled
6133,2317,9,2026-02-19 00:22:24.005747,completed
6134,1380,9,2026-02-18 23:31:09.431088,pending
6135,1123,2,2026-02-09 20:28:20.113942,pending
6136,1018,9,2026-03-31 05:25:57.262753,cancelled
6137,3994,5,2026-02-27 07:46:16.023357,completed
6138,1398,1,2026-03-09 12:44:47.316864,completed
6139,2980,2,2026-02-04 13:59:56.700395,cancelled
6140,1057,5,2026-01-28 21:42:31.498764,completed
6141,152,7,2026-02-24 17:11:12.380597,pending
6142,3748,4,2026-02-08 20:16:04.859365,pending
6143,3025,5,2026-01-18 12:26:54.646827,pending
6144,791,2,2026-01-22 15:05:14.329325,completed
6145,376,7,2026-01-21 13:07:54.459185,cancelled
6146,4904,9,2026-01-20 16:46:18.194469,cancelled
6147,4858,3,2026-01-19 04:47:26.959543,cancelled
6148,2410,7,2026-04-03 18:28:11.586931,cancelled
6149,2382,8,2026-03-11 07:32:31.486660,cancelled
6150,4270,2,2026-03-02 23:34:46.961019,cancelled
6151,4637,8,2026-01-01 18:17:08.093824,cancelled
6152,1214,8,2026-01-21 03:27:20.682463,pending
6153,3870,8,2026-01-19 21:41:51.296608,completed
6154,1141,4,2026-02-24 05:57:34.453886,completed
6155,2324,4,2026-03-01 05:35:18.600904,completed
6156,765,2,2026-02-28 04:52:05.570056,cancelled
6157,2761,10,2026-02-13 20:52:31.613234,cancelled
6158,1917,3,2026-02-04 22:53:53.808900,pending
6159,4426,3,2026-03-18 09:56:20.410379,cancelled
6160,2450,3,2026-02-25 11:05:38.039582,completed
6161,3537,8,2026-01-14 16:45:13.707706,cancelled
6162,4230,2,2026-01-16 13:38:11.869797,completed
6163,316,8,2026-01-13 16:17:17.489018,pending
6164,2294,6,2026-02-28 12:13:58.495947,pending
6165,2230,8,2026-03-02 15:42:54.244028,completed
6166,1033,4,2026-01-02 06:03:06.121229,cancelled
6167,871,5,2026-01-25 05:56:15.875903,completed
6168,2534,6,2026-03-16 14:06:03.022355,cancelled
6169,2449,4,2026-02-11 00:20:04.458832,cancelled
6170,3091,8,2026-02-03 14:50:09.195288,cancelled
6171,3073,5,2026-03-10 21:51:31.243044,pending
6172,4545,8,2026-03-18 11:51:47.844428,pending
6173,4676,4,2026-03-01 23:06:32.494507,cancelled
6174,606,9,2026-01-24 01:47:47.390840,pending
6175,3043,10,2026-02-12 20:59:21.217815,completed
6176,2613,2,2026-01-03 04:40:56.947725,completed
6177,75,10,2026-03-27 06:17:13.235243,pending
6178,2192,7,2026-02-10 17:15:26.972670,cancelled
6179,4297,3,2026-02-11 06:59:28.932515,completed
6180,2661,7,2026-01-28 17:19:49.537297,completed
6181,4644,1,2026-01-19 21:16:40.043182,pending
6182,1662,8,2026-01-16 16:07:10.886172,completed
6183,4018,6,2026-01-06 01:26:58.709832,cancelled
6184,4716,1,2026-01-23 03:34:12.767410,pending
6185,2357,9,2026-03-25 08:42:45.761483,completed
6186,896,2,2026-04-06 15:30:24.563577,completed
6187,3608,1,2026-02-18 16:55:29.129981,pending
6188,1401,4,2026-04-04 04:34:35.075776,cancelled
6189,38,5,2026-03-26 20:17:21.309887,cancelled
6190,832,10,2026-01-11 16:45:43.475678,cancelled
6191,621,8,2026-01-25 14:10:42.139220,pending
6192,430,7,2026-01-27 19:05:20.642967,completed
6193,44,2,2026-02-08 09:32:24.667704,cancelled
6194,1774,1,2026-03-05 15:43:03.986342,completed
6195,3627,6,2026-02-11 16:14:29.383281,completed
6196,2678,6,2026-02-02 10:27:39.847436,pending
6197,1131,7,2026-03-12 16:10:40.576694,completed
6198,899,7,2026-01-21 07:01:10.698785,pending
6199,1024,5,2026-01-21 06:57:12.700329,cancelled
6200,708,7,2026-03-22 08:44:39.562863,pending
6201,3219,1,2026-02-08 00:27:06.848733,completed
6202,4368,1,2026-02-28 05:59:08.682903,cancelled
6203,620,6,2026-04-01 01:32:51.618051,cancelled
6204,765,4,2026-03-24 06:06:06.370996,pending
6205,3805,10,2026-01-27 06:23:14.773558,completed
6206,4729,5,2026-02-27 19:30:53.090318,completed
6207,2548,5,2026-02-05 05:31:45.435754,cancelled
6208,924,6,2026-03-17 04:29:40.323528,completed
6209,1392,2,2026-01-13 22:21:41.908535,completed
6210,1436,1,2026-01-21 20:28:20.428981,completed
6211,398,9,2026-01-01 14:35:54.071303,cancelled
6212,370,6,2026-03-21 19:41:55.744192,pending
6213,2298,1,2026-01-16 12:21:34.672444,cancelled
6214,1164,9,2026-02-12 16:40:27.821492,pending
6215,4920,4,2026-03-24 14:42:11.426719,pending
6216,326,5,2026-02-15 03:43:41.098531,pending
6217,1308,6,2026-01-03 22:51:54.028580,pending
6218,3583,7,2026-01-31 23:45:02.943539,pending
6219,3439,5,2026-02-08 01:52:24.605476,pending
6220,1962,4,2026-03-02 03:35:21.840047,pending
6221,704,9,2026-03-03 07:06:51.027403,pending
6222,4880,5,2026-03-24 07:19:58.580737,cancelled
6223,199,10,2026-02-13 16:12:56.415011,cancelled
6224,3890,8,2026-01-10 00:12:03.512272,completed
6225,2854,8,2026-02-08 09:47:11.080843,pending
6226,1526,5,2026-02-23 01:03:44.626006,cancelled
6227,3054,8,2026-04-07 00:12:32.283815,completed
6228,4543,9,2026-01-30 04:06:03.537672,completed
6229,2016,10,2026-02-13 17:12:21.671141,completed
6230,322,2,2026-01-23 22:41:03.330874,cancelled
6231,3580,8,2026-02-11 05:01:20.382305,cancelled
6232,4,9,2026-02-19 13:59:34.960865,pending
6233,3315,2,2026-01-04 21:21:16.142239,completed
6234,29,6,2026-02-20 11:27:03.561676,pending
6235,1086,5,2026-02-22 02:42:11.191455,pending
6236,3535,9,2026-03-05 07:47:45.176508,pending
6237,4313,5,2026-01-14 22:40:55.118628,cancelled
6238,2269,7,2026-03-22 18:22:09.378980,cancelled
6239,3759,7,2026-01-07 23:14:51.350679,cancelled
6240,1324,1,2026-01-29 18:30:30.481928,pending
6241,4994,8,2026-03-13 02:34:43.371149,pending
6242,2859,10,2026-01-02 13:42:15.218431,cancelled
6243,4830,4,2026-01-10 02:14:16.576915,pending
6244,3772,3,2026-02-25 08:20:53.225093,cancelled
6245,2939,10,2026-04-05 13:35:11.441673,completed
6246,3382,2,2026-02-26 11:03:17.384854,pending
6247,3355,5,2026-02-25 19:50:56.483055,cancelled
6248,4790,2,2026-04-05 13:41:01.755051,completed
6249,4737,4,2026-01-24 10:15:11.217362,cancelled
6250,3146,10,2026-03-10 01:20:16.613939,completed
6251,890,8,2026-02-11 08:12:49.223735,completed
6252,758,7,2026-02-01 19:05:51.847358,pending
6253,2333,8,2026-02-25 04:12:10.953747,completed
6254,3100,10,2026-02-06 04:57:23.717136,pending
6255,551,8,2026-02-02 16:27:32.184660,completed
6256,138,6,2026-03-17 06:11:11.824228,completed
6257,1994,1,2026-04-07 13:59:53.189017,completed
6258,678,4,2026-02-05 18:55:37.310528,cancelled
6259,2693,6,2026-03-26 07:57:23.928548,completed
6260,1347,9,2026-01-16 08:08:49.389781,cancelled
6261,1649,6,2026-02-27 07:08:51.383572,pending
6262,2045,6,2026-01-17 22:29:33.928262,completed
6263,4605,2,2026-04-01 21:46:07.454318,cancelled
6264,1956,2,2026-02-02 03:11:42.572371,pending
6265,1204,2,2026-03-29 23:54:13.159916,cancelled
6266,3964,8,2026-02-25 12:30:42.321989,pending
6267,1898,3,2026-02-13 10:11:18.063626,cancelled
6268,4755,9,2026-04-04 01:34:27.753221,cancelled
6269,2385,8,2026-02-22 12:36:26.040279,cancelled
6270,4667,4,2026-03-23 16:33:44.872317,cancelled
6271,1642,2,2026-02-24 04:30:46.626424,completed
6272,4979,8,2026-02-06 05:24:23.868836,pending
6273,4386,3,2026-03-05 21:54:32.388587,cancelled
6274,482,7,2026-03-19 20:17:40.593826,pending
6275,4422,4,2026-01-15 07:03:47.026853,cancelled
6276,3715,5,2026-01-13 23:03:42.058871,pending
6277,3527,2,2026-04-01 07:02:35.176541,pending
6278,1276,1,2026-01-25 19:21:23.708554,cancelled
6279,248,5,2026-02-14 12:02:58.337143,pending
6280,2155,4,2026-01-26 21:58:10.201564,pending
6281,851,2,2026-02-22 12:29:54.588196,pending
6282,752,3,2026-03-10 17:53:06.342157,completed
6283,1212,5,2026-03-18 21:58:14.418789,completed
6284,1071,2,2026-04-05 19:51:40.766144,cancelled
6285,2459,5,2026-01-16 00:45:52.598100,completed
6286,2585,5,2026-03-19 15:10:54.970927,pending
6287,2659,2,2026-03-26 13:20:11.762375,pending
6288,2413,6,2026-02-11 12:02:20.072656,completed
6289,2934,4,2026-03-27 19:20:07.704335,pending
6290,192,3,2026-03-11 15:29:30.582191,pending
6291,4331,7,2026-04-02 16:16:34.683122,pending
6292,2625,4,2026-03-03 07:30:12.190989,completed
6293,275,7,2026-02-02 02:59:22.114823,pending
6294,4449,4,2026-01-05 12:31:12.286404,completed
6295,1986,1,2026-03-12 11:44:01.302597,pending
6296,2521,2,2026-02-04 14:21:08.384885,completed
6297,2398,9,2026-02-15 06:30:55.664712,cancelled
6298,1925,8,2026-02-02 21:18:59.741688,pending
6299,3663,7,2026-03-20 21:14:34.201368,cancelled
6300,4177,1,2026-01-02 21:32:56.841226,completed
6301,4948,6,2026-01-02 05:38:44.918072,pending
6302,840,7,2026-01-30 15:42:00.291933,pending
6303,4075,4,2026-01-19 13:17:29.780329,completed
6304,1238,1,2026-02-12 12:26:43.772879,completed
6305,114,3,2026-04-02 23:15:21.165900,completed
6306,263,8,2026-03-15 13:06:28.530783,completed
6307,1009,1,2026-03-31 19:54:14.253004,completed
6308,123,5,2026-02-18 15:00:58.226532,completed
6309,1742,9,2026-03-18 22:39:34.468258,cancelled
6310,23,1,2026-01-02 07:43:04.031847,cancelled
6311,3577,3,2026-03-25 09:33:50.131182,cancelled
6312,346,3,2026-04-06 15:38:21.117365,cancelled
6313,2571,2,2026-03-18 12:37:53.694255,completed
6314,3775,9,2026-01-22 02:22:47.228109,pending
6315,2097,6,2026-01-12 19:52:46.875368,cancelled
6316,1776,9,2026-01-02 15:52:14.414769,completed
6317,4820,7,2026-03-05 19:36:07.413953,cancelled
6318,4264,7,2026-01-16 07:55:26.510404,completed
6319,4355,1,2026-03-16 06:07:17.489726,pending
6320,2166,9,2026-03-10 01:12:17.150378,completed
6321,3336,4,2026-01-01 05:15:14.550129,pending
6322,1612,2,2026-03-23 15:05:05.210162,completed
6323,3458,4,2026-02-23 06:08:14.014155,cancelled
6324,121,1,2026-03-05 02:31:10.045375,pending
6325,1290,4,2026-01-15 04:08:46.869946,cancelled
6326,4110,10,2026-01-10 03:11:30.440324,pending
6327,2946,8,2026-03-20 02:42:47.725138,cancelled
6328,1166,1,2026-01-22 02:12:44.135157,completed
6329,4297,4,2026-02-17 15:46:35.039335,pending
6330,1366,7,2026-01-26 02:49:59.843993,completed
6331,4961,9,2026-01-18 11:36:59.192429,completed
6332,3326,2,2026-01-21 18:10:10.395722,completed
6333,2464,2,2026-01-10 04:46:53.099518,cancelled
6334,1422,7,2026-02-15 20:22:19.347101,pending
6335,1640,1,2026-01-24 03:00:25.669009,pending
6336,194,6,2026-01-08 07:54:00.091528,completed
6337,2410,5,2026-02-10 09:07:30.913071,cancelled
6338,4327,2,2026-01-11 11:18:45.008612,cancelled
6339,4222,8,2026-01-28 19:51:55.630439,pending
6340,4019,7,2026-03-31 14:24:51.403574,cancelled
6341,3977,1,2026-02-16 10:00:13.361506,pending
6342,1396,10,2026-03-24 19:09:41.136695,completed
6343,2616,7,2026-03-14 13:40:59.205354,pending
6344,1887,5,2026-01-02 12:59:31.591164,completed
6345,2122,3,2026-01-31 17:17:58.452185,cancelled
6346,2662,4,2026-01-18 20:17:43.788940,cancelled
6347,136,4,2026-04-03 11:03:17.527583,cancelled
6348,3886,2,2026-03-27 17:57:47.145798,cancelled
6349,1210,4,2026-01-10 12:13:50.738599,completed
6350,1342,1,2026-02-06 06:10:59.276510,pending
6351,1991,4,2026-01-04 03:46:16.502475,completed
6352,428,2,2026-02-11 10:06:51.751982,completed
6353,4088,5,2026-04-02 19:25:21.082283,cancelled
6354,1736,9,2026-03-07 22:25:55.110139,pending
6355,3836,5,2026-02-08 10:26:15.919590,cancelled
6356,1813,3,2026-04-03 20:49:55.645266,completed
6357,3033,1,2026-03-29 08:26:57.504892,cancelled
6358,4461,3,2026-03-06 11:22:41.480260,pending
6359,1578,2,2026-03-26 03:59:39.764129,pending
6360,2715,7,2026-02-17 06:09:25.746500,cancelled
6361,499,5,2026-02-15 13:28:29.011668,pending
6362,3650,8,2026-02-02 23:27:22.253484,cancelled
6363,1678,10,2026-01-11 05:48:55.806957,pending
6364,1715,3,2026-02-09 13:15:35.498787,pending
6365,1599,10,2026-02-05 12:44:36.216824,pending
6366,1154,8,2026-04-06 21:51:11.959601,cancelled
6367,1157,6,2026-03-31 20:53:34.205619,pending
6368,3391,5,2026-01-07 23:49:26.478589,cancelled
6369,1572,10,2026-03-15 02:32:25.060480,cancelled
6370,3989,2,2026-02-03 17:52:41.062817,completed
6371,1273,9,2026-01-27 11:52:58.563882,pending
6372,476,10,2026-01-13 03:45:55.009959,completed
6373,2992,2,2026-03-19 04:41:28.427495,cancelled
6374,4369,10,2026-01-13 14:34:02.804649,completed
6375,4676,5,2026-01-13 15:22:38.199951,completed
6376,2646,5,2026-04-05 22:21:45.616497,cancelled
6377,2780,4,2026-01-28 16:10:16.288049,completed
6378,2628,5,2026-02-24 08:24:48.304343,cancelled
6379,2293,8,2026-01-31 16:33:58.526134,cancelled
6380,3126,5,2026-04-06 12:14:04.157061,pending
6381,1164,4,2026-03-07 07:47:18.204726,completed
6382,1923,10,2026-03-24 09:37:16.122048,pending
6383,3594,2,2026-02-11 20:17:45.712509,pending
6384,3707,8,2026-01-23 09:47:44.980065,pending
6385,801,8,2026-02-16 12:57:49.192552,cancelled
6386,4547,3,2026-03-31 18:54:10.973239,cancelled
6387,3384,1,2026-03-09 04:19:45.133530,completed
6388,2478,7,2026-02-03 16:57:41.455036,cancelled
6389,1857,4,2026-01-31 04:50:15.599935,pending
6390,2767,5,2026-02-14 18:11:58.450777,pending
6391,4195,8,2026-02-14 06:40:51.452532,cancelled
6392,2002,3,2026-03-30 22:57:40.490154,completed
6393,3267,8,2026-01-22 04:57:17.258262,cancelled
6394,3235,9,2026-03-23 11:32:24.517241,completed
6395,2805,6,2026-02-22 03:17:27.376181,pending
6396,1821,5,2026-03-15 09:59:52.805173,completed
6397,2954,9,2026-01-03 03:04:24.449694,cancelled
6398,4209,10,2026-04-01 17:03:49.990820,cancelled
6399,845,1,2026-02-28 04:38:27.425236,cancelled
6400,3906,2,2026-04-03 14:24:50.879326,completed
6401,2572,8,2026-02-26 12:42:57.280056,cancelled
6402,1235,1,2026-01-24 17:47:47.388700,pending
6403,3311,8,2026-01-03 09:22:20.026434,pending
6404,700,4,2026-03-29 10:41:50.260349,completed
6405,4294,5,2026-03-07 15:59:03.757836,completed
6406,907,8,2026-01-29 12:10:20.356385,cancelled
6407,4946,3,2026-01-23 16:07:28.034209,cancelled
6408,4243,7,2026-03-31 19:47:26.519912,completed
6409,1342,6,2026-01-29 19:13:35.594751,completed
6410,3058,1,2026-02-13 01:38:27.338454,completed
6411,4903,9,2026-02-11 05:10:12.103683,completed
6412,2953,4,2026-02-05 11:34:29.270938,completed
6413,1681,10,2026-04-02 00:24:48.562292,pending
6414,2609,5,2026-03-19 18:22:57.635329,completed
6415,606,9,2026-01-14 02:40:14.326958,pending
6416,4381,1,2026-02-25 02:45:00.359213,completed
6417,3892,2,2026-01-15 03:08:41.309468,completed
6418,5000,10,2026-03-03 22:44:18.304223,cancelled
6419,3249,8,2026-03-19 05:17:32.299219,cancelled
6420,1906,1,2026-03-09 03:16:04.018872,pending
6421,2498,8,2026-01-12 17:53:37.039914,completed
6422,3374,9,2026-03-09 00:45:24.680802,cancelled
6423,1205,4,2026-03-29 00:22:28.543729,pending
6424,306,6,2026-01-23 08:53:59.242791,completed
6425,969,4,2026-04-04 02:02:54.022846,completed
6426,4920,7,2026-03-30 10:14:26.676165,pending
6427,1274,4,2026-03-21 02:44:03.353832,pending
6428,52,8,2026-01-31 11:15:59.655845,completed
6429,4368,2,2026-02-22 11:26:48.499634,cancelled
6430,3381,7,2026-01-15 15:36:43.386124,cancelled
6431,1611,1,2026-04-02 14:06:16.266265,cancelled
6432,768,4,2026-03-14 08:59:26.144496,completed
6433,3773,7,2026-01-08 08:07:46.397860,pending
6434,4323,7,2026-01-16 18:53:40.724087,cancelled
6435,2207,7,2026-02-21 07:57:29.310889,completed
6436,4020,6,2026-02-02 21:04:43.994354,cancelled
6437,3322,5,2026-02-18 20:08:13.367936,completed
6438,1941,5,2026-03-20 10:18:26.171179,pending
6439,1661,10,2026-01-16 12:07:48.019181,pending
6440,798,7,2026-03-28 09:14:32.790524,pending
6441,2415,1,2026-01-01 23:37:35.139126,pending
6442,2229,1,2026-03-02 04:58:57.147326,pending
6443,587,3,2026-03-13 15:10:59.180412,completed
6444,4110,2,2026-02-11 07:03:27.450016,completed
6445,3495,3,2026-02-10 07:48:43.274656,pending
6446,875,5,2026-01-19 15:29:28.124593,pending
6447,1388,5,2026-04-02 01:54:54.337282,pending
6448,4409,9,2026-01-11 06:18:34.074026,pending
6449,434,1,2026-03-03 15:11:45.417379,pending
6450,448,5,2026-04-03 16:11:51.865896,completed
6451,3118,4,2026-01-11 20:50:34.174273,completed
6452,2724,6,2026-01-11 18:03:43.920870,completed
6453,2149,2,2026-02-04 17:17:37.310066,cancelled
6454,260,2,2026-01-04 12:18:11.192350,pending
6455,2219,7,2026-04-03 01:28:17.173592,completed
6456,1213,1,2026-04-07 01:42:17.951503,pending
6457,3487,2,2026-01-26 23:07:27.659189,completed
6458,3793,4,2026-04-06 04:01:55.832334,completed
6459,4937,9,2026-03-23 15:59:03.346609,cancelled
6460,180,1,2026-01-06 18:06:04.394549,pending
6461,4968,4,2026-03-19 03:39:22.606267,completed
6462,1196,2,2026-02-23 11:19:23.331538,pending
6463,765,2,2026-02-15 11:49:44.155411,completed
6464,1620,2,2026-01-23 20:35:12.411506,cancelled
6465,905,7,2026-03-12 12:07:08.886006,cancelled
6466,1819,6,2026-03-07 01:20:22.818962,pending
6467,3952,6,2026-03-31 03:02:55.747247,completed
6468,351,7,2026-01-08 10:57:39.313187,completed
6469,1801,7,2026-02-01 13:29:43.102415,cancelled
6470,1450,3,2026-01-19 11:07:12.852847,completed
6471,759,3,2026-03-22 05:51:51.764830,cancelled
6472,4870,8,2026-02-15 20:23:59.084540,completed
6473,4558,9,2026-01-27 12:11:49.490763,completed
6474,3894,4,2026-02-02 04:32:45.554877,pending
6475,3463,4,2026-01-02 18:17:12.576972,pending
6476,4584,3,2026-03-25 13:40:18.420564,completed
6477,1916,9,2026-03-18 22:01:51.574657,cancelled
6478,701,2,2026-03-20 06:21:26.410115,cancelled
6479,84,2,2026-03-11 17:42:38.501284,pending
6480,93,5,2026-01-09 04:47:15.411771,completed
6481,2600,2,2026-01-29 22:19:32.030557,pending
6482,2595,1,2026-01-01 11:38:49.332944,cancelled
6483,3949,1,2026-01-29 22:26:56.590869,completed
6484,4018,3,2026-02-15 07:00:21.710655,pending
6485,3459,5,2026-02-16 22:00:10.769935,cancelled
6486,1675,10,2026-02-08 12:31:31.583886,pending
6487,271,4,2026-01-10 19:40:51.930642,cancelled
6488,208,6,2026-03-07 23:51:52.170487,pending
6489,3368,7,2026-03-28 13:04:46.394745,cancelled
6490,2942,4,2026-03-05 00:00:38.457304,completed
6491,2142,8,2026-02-22 00:45:54.578486,completed
6492,3713,6,2026-02-16 02:43:26.951145,completed
6493,923,10,2026-03-31 18:54:20.367903,pending
6494,4266,9,2026-01-21 12:42:52.966886,completed
6495,2348,9,2026-01-08 16:28:59.184628,pending
6496,2527,2,2026-03-12 07:28:50.901970,completed
6497,2782,9,2026-01-20 11:14:23.439569,completed
6498,4415,7,2026-02-04 21:58:55.129410,cancelled
6499,4577,4,2026-03-11 05:53:37.465121,cancelled
6500,540,7,2026-03-11 02:10:30.708933,cancelled
6501,1425,4,2026-01-08 13:51:23.133697,pending
6502,2743,6,2026-02-22 20:27:18.768816,cancelled
6503,2020,1,2026-02-01 02:08:21.841321,pending
6504,2640,7,2026-02-03 04:29:11.524425,pending
6505,3432,10,2026-02-20 14:50:48.104231,completed
6506,1057,5,2026-01-08 11:50:18.988770,cancelled
6507,3779,9,2026-01-28 11:50:45.790600,pending
6508,906,5,2026-03-25 01:46:49.756766,pending
6509,3585,9,2026-03-21 18:16:58.887599,cancelled
6510,1667,7,2026-01-22 13:23:22.213173,completed
6511,2350,9,2026-03-30 23:28:25.014703,completed
6512,170,2,2026-03-07 03:32:10.665043,cancelled
6513,2337,10,2026-01-13 18:31:35.035704,pending
6514,3241,7,2026-01-18 06:02:27.742186,cancelled
6515,867,2,2026-01-23 16:26:02.536283,cancelled
6516,3775,8,2026-02-12 19:58:23.979978,pending
6517,1615,3,2026-01-28 07:08:14.008246,pending
6518,329,4,2026-01-11 12:52:45.680048,completed
6519,930,6,2026-01-31 14:06:47.960100,cancelled
6520,4100,2,2026-01-24 11:33:13.263063,pending
6521,412,4,2026-04-04 13:38:03.826376,cancelled
6522,2575,9,2026-01-16 02:15:51.919349,cancelled
6523,3421,7,2026-03-22 20:22:55.220633,cancelled
6524,3021,1,2026-03-06 12:29:45.848124,pending
6525,451,1,2026-01-26 09:04:48.336181,pending
6526,1889,1,2026-01-31 06:41:23.957288,cancelled
6527,112,10,2026-02-26 07:29:45.384418,pending
6528,490,4,2026-01-24 17:34:40.107642,completed
6529,3184,4,2026-02-19 03:33:26.940649,pending
6530,2145,4,2026-03-05 02:14:41.957814,pending
6531,4318,6,2026-04-05 07:02:06.854891,pending
6532,2327,8,2026-03-05 05:30:48.965884,cancelled
6533,2417,8,2026-02-09 16:37:37.183557,completed
6534,4388,4,2026-01-13 14:51:12.920069,completed
6535,1611,8,2026-02-22 08:42:35.032697,cancelled
6536,2483,10,2026-03-07 17:48:10.351158,cancelled
6537,4749,1,2026-03-13 01:50:17.130203,completed
6538,905,10,2026-02-09 01:00:21.855896,cancelled
6539,4105,10,2026-02-10 12:15:53.003216,pending
6540,286,8,2026-02-28 06:41:43.395961,cancelled
6541,386,5,2026-02-26 17:46:35.494817,completed
6542,3315,10,2026-01-16 20:18:22.820882,completed
6543,2339,10,2026-01-17 16:59:24.366236,cancelled
6544,2719,4,2026-03-16 10:21:38.948134,cancelled
6545,903,3,2026-01-19 02:31:40.517552,cancelled
6546,3954,5,2026-03-06 06:38:53.445619,cancelled
6547,4263,10,2026-01-19 00:13:57.765494,cancelled
6548,3823,9,2026-02-08 20:01:45.993062,pending
6549,3683,5,2026-04-02 05:09:12.664640,completed
6550,4718,1,2026-01-10 16:26:37.627411,cancelled
6551,2342,10,2026-03-17 18:20:29.031960,pending
6552,1055,9,2026-02-27 22:14:37.643880,pending
6553,2270,3,2026-03-31 08:50:08.505448,pending
6554,3350,9,2026-02-25 04:15:22.226784,pending
6555,831,6,2026-02-05 15:42:31.861172,completed
6556,958,6,2026-04-02 18:21:54.232446,pending
6557,205,9,2026-04-02 13:22:59.494103,completed
6558,2142,7,2026-03-23 03:17:26.900844,pending
6559,1918,10,2026-01-10 07:04:31.998266,pending
6560,531,1,2026-02-18 20:21:52.760000,pending
6561,2121,8,2026-01-17 02:07:26.062283,completed
6562,3770,1,2026-02-21 21:06:09.127161,completed
6563,413,9,2026-01-26 16:59:04.033832,cancelled
6564,4821,1,2026-04-02 06:29:01.684341,completed
6565,1795,10,2026-03-28 18:29:33.646559,pending
6566,4619,1,2026-02-07 12:28:22.448429,pending
6567,1534,6,2026-02-28 06:44:17.515164,completed
6568,3032,1,2026-04-01 18:37:58.888737,pending
6569,1032,2,2026-02-03 04:16:08.378375,pending
6570,3473,3,2026-02-24 12:34:43.434970,cancelled
6571,633,6,2026-01-14 00:47:08.507036,completed
6572,4762,7,2026-01-04 11:32:30.756478,pending
6573,4616,6,2026-04-05 00:42:05.628465,cancelled
6574,704,5,2026-03-21 15:27:14.638280,completed
6575,2431,10,2026-02-18 05:04:41.914259,pending
6576,3067,8,2026-04-07 12:07:08.920094,pending
6577,4678,1,2026-04-03 20:25:37.678135,cancelled
6578,3462,2,2026-02-02 03:51:57.014008,completed
6579,1132,3,2026-03-09 23:10:14.087415,completed
6580,1096,2,2026-02-14 20:28:00.537654,cancelled
6581,1122,2,2026-01-14 19:06:32.308000,completed
6582,2817,10,2026-01-30 14:25:22.916330,cancelled
6583,4708,9,2026-01-25 06:07:58.046331,cancelled
6584,3113,6,2026-01-31 18:29:35.723713,cancelled
6585,3028,1,2026-03-07 19:56:06.532124,pending
6586,532,2,2026-03-12 22:52:10.717260,completed
6587,3995,6,2026-01-29 02:34:17.215492,completed
6588,2605,6,2026-04-01 22:51:35.623588,completed
6589,3692,7,2026-03-30 21:34:56.988638,cancelled
6590,3717,5,2026-03-23 23:19:04.154183,cancelled
6591,1673,8,2026-04-01 23:37:58.716435,pending
6592,859,10,2026-02-04 16:39:07.970296,cancelled
6593,4491,5,2026-01-23 08:05:15.939127,completed
6594,3865,10,2026-03-06 08:41:05.243317,cancelled
6595,2788,10,2026-01-28 18:57:48.175209,pending
6596,3512,10,2026-02-16 19:14:44.716842,pending
6597,1548,1,2026-03-18 05:58:59.015650,completed
6598,10,10,2026-03-22 01:08:49.274588,pending
6599,4220,9,2026-01-31 13:56:30.278343,pending
6600,1975,6,2026-02-17 20:24:06.466610,cancelled
6601,3039,8,2026-02-05 01:02:33.170108,pending
6602,42,5,2026-03-23 21:03:03.891241,completed
6603,2858,1,2026-03-27 00:45:11.650896,cancelled
6604,2814,1,2026-03-25 16:43:54.962221,cancelled
6605,82,7,2026-02-19 01:25:49.937860,cancelled
6606,4492,4,2026-01-11 16:52:52.165894,completed
6607,2008,8,2026-02-20 11:47:25.661381,cancelled
6608,3122,3,2026-01-21 04:40:14.422992,cancelled
6609,4694,1,2026-01-14 15:48:39.692837,pending
6610,1449,4,2026-01-26 09:21:43.902286,pending
6611,383,3,2026-01-19 08:27:53.750548,pending
6612,1018,2,2026-04-07 03:45:56.018614,cancelled
6613,2292,3,2026-01-20 08:29:56.532468,cancelled
6614,3258,8,2026-02-06 16:42:46.984323,pending
6615,877,3,2026-02-22 02:10:33.798572,pending
6616,2597,9,2026-01-14 10:28:39.477050,completed
6617,2060,4,2026-04-01 11:25:20.038369,cancelled
6618,1502,7,2026-03-23 05:51:45.310360,cancelled
6619,3168,2,2026-02-22 02:11:05.456973,cancelled
6620,1400,3,2026-01-02 00:10:20.062610,completed
6621,2966,2,2026-01-17 20:02:18.012991,pending
6622,2320,10,2026-01-27 07:34:35.810592,cancelled
6623,949,10,2026-04-07 03:50:37.486577,cancelled
6624,3168,3,2026-02-22 13:58:24.573441,completed
6625,3357,1,2026-03-08 09:22:09.773378,cancelled
6626,2970,6,2026-01-04 18:51:51.420113,cancelled
6627,278,3,2026-01-26 06:35:45.774885,completed
6628,372,5,2026-02-12 00:32:15.695928,cancelled
6629,2414,6,2026-01-10 20:02:12.528124,cancelled
6630,563,4,2026-01-30 14:42:48.418142,cancelled
6631,2221,9,2026-03-01 02:59:10.637840,completed
6632,3284,1,2026-03-19 11:51:31.803301,completed
6633,2289,7,2026-03-29 04:33:01.122478,pending
6634,3436,9,2026-01-10 14:42:10.298945,completed
6635,2721,5,2026-03-14 07:05:16.239088,cancelled
6636,4202,3,2026-01-10 22:41:40.187258,completed
6637,1183,9,2026-04-01 09:53:03.623875,cancelled
6638,3392,6,2026-01-16 10:09:57.837623,pending
6639,3195,10,2026-03-31 16:04:17.146561,completed
6640,2636,5,2026-02-11 03:30:00.728135,pending
6641,4979,3,2026-02-27 03:37:32.047600,pending
6642,4957,1,2026-04-02 23:29:02.107316,cancelled
6643,2187,6,2026-03-21 18:21:46.347409,completed
6644,1687,5,2026-01-15 15:12:23.330211,pending
6645,2153,6,2026-03-15 16:36:05.219342,completed
6646,190,5,2026-03-29 12:00:31.444685,cancelled
6647,1414,4,2026-01-08 10:06:41.886439,pending
6648,851,10,2026-03-26 13:07:04.434237,cancelled
6649,1277,7,2026-01-01 10:21:16.085437,cancelled
6650,297,6,2026-02-13 13:34:25.227022,cancelled
6651,4905,4,2026-03-08 19:20:10.997309,completed
6652,4822,4,2026-03-14 19:17:49.794572,completed
6653,3771,2,2026-01-04 22:44:10.487804,completed
6654,3052,1,2026-01-19 02:26:45.712593,pending
6655,770,7,2026-02-05 13:19:21.989306,completed
6656,3416,8,2026-02-16 19:14:46.052527,completed
6657,4937,7,2026-01-21 19:15:09.278105,completed
6658,1762,6,2026-03-25 17:26:05.972810,pending
6659,2451,5,2026-01-03 14:34:50.484545,cancelled
6660,1470,4,2026-03-31 05:13:28.991578,pending
6661,3702,9,2026-03-03 09:33:54.655332,completed
6662,1685,2,2026-02-26 17:05:09.029186,completed
6663,878,1,2026-03-28 11:31:38.289422,pending
6664,2548,1,2026-02-14 10:29:52.632446,pending
6665,4223,5,2026-01-04 23:34:12.739742,completed
6666,3076,5,2026-03-16 02:51:58.169504,completed
6667,328,5,2026-02-18 23:50:33.338176,cancelled
6668,1536,3,2026-03-02 06:32:10.775935,completed
6669,602,5,2026-01-21 15:49:03.363081,completed
6670,3114,7,2026-01-13 10:32:40.572821,cancelled
6671,3280,7,2026-01-01 18:29:57.707566,completed
6672,3307,7,2026-03-19 01:08:44.944439,cancelled
6673,3236,6,2026-01-13 03:22:57.537003,cancelled
6674,3259,8,2026-01-28 14:21:44.828301,cancelled
6675,3268,4,2026-02-01 00:27:50.747081,cancelled
6676,1001,1,2026-01-01 18:24:28.369307,completed
6677,835,8,2026-03-24 16:47:02.063927,pending
6678,4175,10,2026-01-18 10:03:26.880956,pending
6679,261,2,2026-02-21 16:53:38.578372,pending
6680,2572,1,2026-03-24 13:27:44.685183,cancelled
6681,4754,4,2026-03-13 05:12:17.536080,cancelled
6682,46,9,2026-02-09 08:44:25.391864,cancelled
6683,4769,6,2026-02-10 02:01:14.203287,cancelled
6684,2955,10,2026-03-17 20:46:44.649865,cancelled
6685,2738,3,2026-01-27 22:42:47.345489,completed
6686,314,9,2026-04-05 03:36:49.965490,cancelled
6687,4650,9,2026-02-28 16:53:31.071439,completed
6688,3790,10,2026-01-16 04:14:15.698467,cancelled
6689,2658,8,2026-02-08 07:48:20.778668,pending
6690,4212,4,2026-01-17 21:38:42.427247,cancelled
6691,159,8,2026-04-05 12:16:09.825538,cancelled
6692,3028,9,2026-03-21 07:41:16.016553,cancelled
6693,3218,3,2026-03-02 12:30:42.202669,completed
6694,4725,1,2026-02-11 20:30:27.711288,cancelled
6695,3555,6,2026-02-20 02:01:16.955914,cancelled
6696,331,4,2026-02-01 12:13:30.730048,completed
6697,3104,1,2026-02-02 18:14:06.439274,cancelled
6698,968,4,2026-03-19 20:21:55.658240,completed
6699,4816,3,2026-01-25 07:05:08.367041,cancelled
6700,3479,10,2026-02-04 00:37:02.329929,pending
6701,2511,5,2026-01-15 15:54:40.901770,completed
6702,3154,2,2026-01-26 00:02:29.322483,completed
6703,4381,7,2026-03-08 01:43:24.859306,cancelled
6704,3340,3,2026-03-13 18:01:24.577168,completed
6705,2004,5,2026-01-29 23:03:22.891817,pending
6706,2200,3,2026-02-20 13:32:00.981287,completed
6707,1190,4,2026-03-21 06:44:31.881655,pending
6708,855,7,2026-04-06 04:37:49.889334,pending
6709,2602,2,2026-02-18 01:31:48.528753,completed
6710,2132,1,2026-02-08 15:32:42.991075,pending
6711,2363,6,2026-03-25 11:23:17.821914,pending
6712,1242,2,2026-03-28 23:32:45.643298,pending
6713,3303,3,2026-01-16 18:47:32.683454,pending
6714,992,8,2026-02-06 09:52:01.074586,pending
6715,600,9,2026-02-23 13:22:16.117502,completed
6716,3140,9,2026-01-02 09:30:45.858485,completed
6717,201,5,2026-03-13 20:15:08.855572,cancelled
6718,1398,8,2026-01-06 07:00:12.845580,completed
6719,965,5,2026-03-08 10:51:50.324941,pending
6720,3588,7,2026-02-04 05:00:45.485619,pending
6721,4034,4,2026-01-18 01:11:38.106579,completed
6722,2779,6,2026-02-16 02:09:19.883059,cancelled
6723,2540,3,2026-03-21 01:37:27.434498,cancelled
6724,3488,4,2026-01-30 01:18:11.588979,cancelled
6725,3222,9,2026-02-27 07:27:45.489616,pending
6726,397,5,2026-02-07 03:57:24.309915,pending
6727,3186,10,2026-02-13 15:17:06.372863,cancelled
6728,3316,6,2026-03-25 13:47:15.874356,pending
6729,1347,10,2026-01-18 05:29:25.632769,cancelled
6730,2909,9,2026-01-26 15:02:19.282968,pending
6731,2244,7,2026-02-14 10:02:36.792234,completed
6732,3630,6,2026-01-13 23:11:00.082914,cancelled
6733,1228,8,2026-04-03 22:01:48.317976,cancelled
6734,4516,7,2026-03-14 21:39:57.044808,completed
6735,3713,5,2026-02-26 05:33:59.497586,completed
6736,2909,8,2026-03-22 07:23:42.538599,completed
6737,2081,6,2026-01-28 04:56:21.222736,pending
6738,3776,2,2026-02-15 09:03:19.691465,completed
6739,1825,1,2026-01-18 16:39:08.559022,cancelled
6740,4122,3,2026-03-30 17:13:09.871101,completed
6741,2062,3,2026-03-13 07:44:54.818576,cancelled
6742,1752,6,2026-03-27 13:40:10.657303,completed
6743,4360,9,2026-03-28 13:30:33.568216,pending
6744,2571,3,2026-01-29 19:50:42.912851,pending
6745,693,8,2026-01-08 12:02:00.237409,cancelled
6746,3170,2,2026-03-14 04:26:45.841888,completed
6747,2057,1,2026-02-22 22:35:35.325984,pending
6748,3679,10,2026-03-04 20:16:00.376906,cancelled
6749,3174,8,2026-02-21 16:09:14.382940,cancelled
6750,3240,6,2026-03-12 04:53:07.855316,completed
6751,1240,1,2026-01-24 04:15:00.699350,completed
6752,14,8,2026-02-04 06:13:48.391340,cancelled
6753,425,4,2026-01-26 17:00:04.725595,completed
6754,2752,3,2026-02-26 13:10:10.546648,pending
6755,1655,3,2026-03-02 13:22:31.632421,pending
6756,612,3,2026-02-25 19:19:25.305871,pending
6757,1515,3,2026-01-18 05:32:04.719327,pending
6758,503,6,2026-01-10 19:23:02.506486,cancelled
6759,1583,10,2026-03-26 13:43:24.986498,cancelled
6760,3469,7,2026-02-15 04:40:56.251062,cancelled
6761,2059,1,2026-02-16 09:07:29.022897,pending
6762,4660,6,2026-02-05 02:04:52.199157,completed
6763,3358,7,2026-03-04 23:32:25.649304,cancelled
6764,3734,6,2026-01-29 18:37:13.126005,completed
6765,1215,3,2026-01-31 06:00:00.560536,completed
6766,4667,6,2026-03-01 20:27:41.888748,cancelled
6767,2086,8,2026-03-14 16:08:09.366514,completed
6768,653,2,2026-03-10 13:30:48.585037,completed
6769,4790,5,2026-03-11 19:01:38.655364,pending
6770,2561,4,2026-01-27 04:35:12.411146,completed
6771,813,3,2026-01-16 20:20:01.264036,completed
6772,4174,10,2026-03-28 18:03:43.916309,pending
6773,3396,2,2026-01-26 02:30:29.333800,completed
6774,3444,2,2026-01-13 17:31:56.684818,cancelled
6775,2819,9,2026-01-19 04:43:35.363213,pending
6776,274,7,2026-02-13 06:46:37.458664,pending
6777,1271,8,2026-01-26 19:36:58.107972,completed
6778,2032,4,2026-03-20 13:15:40.718100,pending
6779,1965,5,2026-03-20 00:08:08.123150,completed
6780,1778,7,2026-03-15 18:07:13.106435,pending
6781,2353,7,2026-03-18 13:10:21.990187,completed
6782,4468,7,2026-01-29 03:30:53.818670,completed
6783,2758,6,2026-01-08 14:20:04.170067,cancelled
6784,737,3,2026-03-14 11:23:20.409351,cancelled
6785,3018,2,2026-02-16 02:50:10.866014,pending
6786,2083,3,2026-02-27 16:34:07.955093,pending
6787,1563,1,2026-01-03 19:41:56.773938,pending
6788,466,5,2026-02-23 04:00:41.619384,pending
6789,705,1,2026-02-05 22:57:33.255997,completed
6790,2032,7,2026-02-21 23:44:35.051338,cancelled
6791,3613,4,2026-01-13 19:13:07.025002,completed
6792,3527,10,2026-03-01 16:40:09.222136,cancelled
6793,3108,7,2026-03-05 19:15:30.671052,completed
6794,429,6,2026-01-24 17:01:17.799733,completed
6795,3351,3,2026-03-07 12:45:37.410900,completed
6796,3215,7,2026-03-28 16:52:50.289936,pending
6797,2876,2,2026-02-10 23:19:43.190918,pending
6798,3652,6,2026-03-29 06:28:40.151936,cancelled
6799,1062,10,2026-02-07 19:40:15.776872,pending
6800,2486,2,2026-02-20 07:23:46.693200,pending
6801,1258,5,2026-03-21 15:11:02.749804,completed
6802,335,3,2026-02-04 05:13:58.798241,pending
6803,2426,7,2026-02-28 12:57:49.256630,pending
6804,3649,9,2026-03-12 06:43:06.179716,completed
6805,4319,9,2026-01-25 10:51:50.961277,completed
6806,1249,10,2026-02-03 20:23:56.347967,pending
6807,1906,3,2026-03-28 01:03:24.399418,pending
6808,1673,2,2026-01-26 15:27:45.690871,completed
6809,442,1,2026-01-29 05:26:19.745008,completed
6810,2946,1,2026-01-02 16:41:11.713429,pending
6811,3882,6,2026-01-24 04:57:34.575654,pending
6812,501,6,2026-01-21 20:05:34.705901,pending
6813,4847,6,2026-02-06 14:33:04.201084,cancelled
6814,3319,5,2026-03-15 17:15:15.597052,pending
6815,2595,7,2026-04-07 11:03:50.425694,completed
6816,4840,8,2026-01-21 02:02:50.241714,completed
6817,1828,10,2026-01-06 15:40:44.075559,cancelled
6818,1199,3,2026-01-15 20:50:28.443600,pending
6819,1238,2,2026-01-07 01:05:51.545314,completed
6820,20,2,2026-04-07 12:28:30.584584,cancelled
6821,1897,7,2026-02-16 16:14:36.509458,completed
6822,2324,8,2026-02-27 20:01:21.240366,completed
6823,4074,9,2026-01-03 01:36:08.969189,cancelled
6824,1606,10,2026-03-21 16:58:20.525146,pending
6825,304,7,2026-01-31 07:08:21.258801,completed
6826,1631,2,2026-02-17 10:26:47.978254,completed
6827,2578,5,2026-01-15 03:11:03.845038,completed
6828,3952,3,2026-02-09 17:22:43.505795,pending
6829,4563,8,2026-03-30 03:35:56.902657,cancelled
6830,3573,5,2026-03-19 23:16:28.047694,cancelled
6831,1696,8,2026-01-08 23:33:19.051415,pending
6832,759,4,2026-01-12 10:29:29.034187,completed
6833,633,4,2026-01-31 16:27:00.616435,cancelled
6834,3061,5,2026-02-14 15:26:24.094268,cancelled
6835,1760,5,2026-02-04 23:51:27.790571,completed
6836,4178,8,2026-01-03 22:02:36.077066,cancelled
6837,2450,4,2026-01-19 13:23:47.843362,completed
6838,2833,3,2026-02-18 23:38:38.931169,cancelled
6839,665,8,2026-02-01 17:04:00.889360,cancelled
6840,3318,2,2026-04-01 07:30:31.467501,completed
6841,399,10,2026-01-08 19:01:48.875956,pending
6842,1977,10,2026-01-25 04:15:14.844894,completed
6843,2559,3,2026-01-26 01:08:20.725944,pending
6844,697,3,2026-03-25 23:58:55.079949,cancelled
6845,4450,1,2026-02-20 00:48:19.674361,cancelled
6846,2882,3,2026-03-13 01:47:39.680846,completed
6847,42,3,2026-03-18 04:32:59.873094,completed
6848,4907,5,2026-02-22 08:43:06.333188,completed
6849,859,2,2026-01-08 08:49:28.335030,cancelled
6850,3972,1,2026-02-03 07:11:12.079892,completed
6851,341,3,2026-01-22 22:43:57.068812,completed
6852,616,10,2026-02-28 06:00:21.014103,pending
6853,1331,6,2026-01-04 20:49:11.523153,completed
6854,1572,10,2026-02-03 05:46:37.530412,completed
6855,3078,7,2026-01-19 10:44:21.532019,cancelled
6856,1669,3,2026-01-01 21:14:50.118960,cancelled
6857,3632,10,2026-03-14 08:07:26.988701,cancelled
6858,1283,8,2026-02-18 04:13:29.891139,cancelled
6859,3705,6,2026-02-13 04:21:26.395392,cancelled
6860,495,5,2026-03-21 03:10:21.871085,cancelled
6861,2333,6,2026-01-14 23:42:16.436896,cancelled
6862,3969,8,2026-01-17 08:23:16.986320,cancelled
6863,4197,2,2026-01-19 02:31:19.810205,completed
6864,188,6,2026-03-17 15:43:10.496585,pending
6865,3077,3,2026-03-18 00:55:32.686646,pending
6866,2966,1,2026-01-28 02:09:54.798058,completed
6867,3893,7,2026-02-13 09:34:57.466936,pending
6868,2090,8,2026-02-16 19:50:29.028808,pending
6869,727,8,2026-03-20 14:45:16.994477,completed
6870,501,3,2026-02-16 14:42:54.329963,cancelled
6871,1116,8,2026-02-02 18:47:12.018890,pending
6872,2378,10,2026-02-17 03:31:21.681432,completed
6873,1738,6,2026-01-19 13:12:41.682827,completed
6874,3300,2,2026-01-03 05:54:51.756295,pending
6875,1319,9,2026-03-15 03:28:39.834582,cancelled
6876,1290,5,2026-04-06 03:45:35.399853,pending
6877,1700,8,2026-01-28 04:51:11.174955,pending
6878,1813,10,2026-03-19 04:28:20.123133,pending
6879,3178,5,2026-03-01 03:31:55.386616,cancelled
6880,1248,4,2026-01-02 18:39:58.739941,cancelled
6881,1270,9,2026-02-05 12:08:08.820232,cancelled
6882,2473,8,2026-03-03 15:37:37.374150,completed
6883,3490,7,2026-04-03 19:37:57.994801,cancelled
6884,3422,10,2026-02-02 14:37:58.887061,pending
6885,3710,3,2026-03-21 09:34:54.728202,completed
6886,3447,9,2026-02-11 00:54:09.686253,pending
6887,3783,6,2026-01-09 05:35:50.992980,pending
6888,4283,1,2026-03-16 17:44:47.714241,completed
6889,3569,2,2026-02-28 00:15:22.927014,cancelled
6890,2614,1,2026-02-05 18:39:14.279517,pending
6891,165,8,2026-02-12 03:07:40.190551,completed
6892,221,2,2026-03-26 19:27:40.907558,completed
6893,1477,8,2026-02-23 20:15:29.443608,completed
6894,557,7,2026-01-25 17:32:51.840522,completed
6895,4630,5,2026-02-25 12:54:04.924132,completed
6896,3169,2,2026-02-22 03:31:46.614970,completed
6897,4271,5,2026-02-11 01:30:36.240476,cancelled
6898,485,1,2026-02-24 03:44:12.067423,cancelled
6899,4352,5,2026-01-26 03:02:24.824482,pending
6900,2622,4,2026-01-15 22:43:22.976459,cancelled
6901,226,6,2026-02-11 04:43:42.779273,completed
6902,4339,6,2026-01-22 09:29:12.012821,completed
6903,432,5,2026-03-20 13:13:03.561469,cancelled
6904,2567,10,2026-02-14 03:47:01.205588,pending
6905,2939,5,2026-03-28 18:27:56.482082,pending
6906,2072,6,2026-02-02 05:28:39.031296,cancelled
6907,82,1,2026-02-08 08:52:01.786579,cancelled
6908,4189,8,2026-03-29 13:12:26.447386,completed
6909,1267,10,2026-02-10 04:06:50.244774,completed
6910,3937,7,2026-03-08 18:42:36.484793,cancelled
6911,1532,3,2026-02-03 02:33:27.497603,cancelled
6912,2187,3,2026-03-13 02:59:08.161038,cancelled
6913,3814,8,2026-02-12 07:14:31.478714,completed
6914,1092,3,2026-03-23 08:21:34.148196,pending
6915,1270,10,2026-02-06 06:03:59.704031,completed
6916,689,10,2026-02-10 11:05:20.662525,pending
6917,3758,5,2026-02-17 10:44:14.249059,cancelled
6918,4791,9,2026-02-10 03:16:23.592657,cancelled
6919,4439,7,2026-02-05 13:09:20.079999,pending
6920,3684,1,2026-01-08 04:26:38.813367,cancelled
6921,4043,1,2026-01-11 05:28:47.848218,cancelled
6922,2595,2,2026-02-26 19:36:07.243876,completed
6923,2920,9,2026-02-09 23:31:53.651772,cancelled
6924,4903,9,2026-04-01 04:25:59.549428,cancelled
6925,4436,10,2026-04-05 03:44:17.281088,pending
6926,395,5,2026-01-06 23:33:08.587822,cancelled
6927,349,1,2026-01-06 15:58:27.337486,cancelled
6928,2838,8,2026-02-08 08:16:33.283223,cancelled
6929,1815,2,2026-03-10 18:45:29.968488,pending
6930,463,6,2026-01-14 01:27:54.504790,completed
6931,2772,1,2026-03-07 06:52:38.887584,cancelled
6932,4393,1,2026-02-03 01:52:44.101423,completed
6933,833,7,2026-01-25 05:47:31.526231,pending
6934,486,3,2026-02-07 16:15:20.084432,completed
6935,1721,1,2026-01-01 00:05:36.678509,cancelled
6936,2372,10,2026-03-29 17:36:44.125058,cancelled
6937,1244,7,2026-03-27 04:02:52.669542,pending
6938,2384,4,2026-03-08 07:10:48.837915,cancelled
6939,2311,1,2026-02-20 10:35:48.027332,cancelled
6940,4241,9,2026-01-15 08:36:58.404599,pending
6941,1071,7,2026-03-06 03:49:07.943221,completed
6942,3718,5,2026-02-17 15:44:01.443310,completed
6943,1713,6,2026-02-14 19:19:41.726675,completed
6944,1696,7,2026-01-21 12:04:19.372741,cancelled
6945,484,5,2026-03-24 21:57:39.985779,completed
6946,1822,3,2026-03-20 05:59:13.402784,pending
6947,2295,8,2026-01-08 08:16:58.097800,pending
6948,2161,10,2026-02-03 08:57:09.904729,pending
6949,4189,5,2026-02-08 06:45:37.059919,pending
6950,4374,6,2026-02-05 02:07:13.447522,completed
6951,1692,6,2026-03-30 14:37:48.185711,cancelled
6952,2853,4,2026-04-05 22:08:03.202612,pending
6953,1952,8,2026-02-23 19:27:14.223563,cancelled
6954,83,4,2026-03-19 09:11:55.218109,pending
6955,2148,9,2026-01-13 13:31:02.580793,pending
6956,4302,8,2026-04-01 23:43:53.252302,pending
6957,2251,5,2026-02-27 17:06:28.122582,cancelled
6958,4403,4,2026-01-14 07:41:13.136679,completed
6959,521,8,2026-01-26 01:23:57.483303,completed
6960,2179,3,2026-03-30 03:34:17.253438,pending
6961,501,5,2026-01-10 20:33:44.247700,completed
6962,3037,4,2026-01-08 09:15:34.541879,cancelled
6963,2749,3,2026-03-26 06:50:40.178309,pending
6964,3171,2,2026-01-25 13:36:53.859193,completed
6965,1613,5,2026-02-26 02:54:51.643655,completed
6966,2383,2,2026-01-20 23:33:43.632520,completed
6967,244,4,2026-01-22 09:35:48.380116,completed
6968,2596,8,2026-01-29 03:07:59.940719,pending
6969,631,10,2026-01-26 08:26:14.491080,completed
6970,531,8,2026-03-08 19:40:06.498055,completed
6971,3358,9,2026-01-08 09:33:51.829644,completed
6972,1980,9,2026-03-20 09:01:33.717514,cancelled
6973,4393,3,2026-03-13 15:48:23.624242,completed
6974,2119,5,2026-04-06 21:32:42.882538,cancelled
6975,1290,6,2026-02-20 06:27:14.776193,cancelled
6976,705,5,2026-02-18 21:16:34.970917,cancelled
6977,2444,4,2026-01-28 22:37:14.770267,pending
6978,4639,1,2026-04-02 12:36:05.183916,cancelled
6979,4269,5,2026-03-13 04:00:53.234279,pending
6980,3850,8,2026-02-22 11:36:48.863059,completed
6981,3677,3,2026-01-15 01:59:34.707927,pending
6982,626,6,2026-01-22 01:09:08.585912,cancelled
6983,4758,4,2026-02-11 15:32:53.981593,completed
6984,397,7,2026-03-19 11:27:21.116616,pending
6985,4751,4,2026-01-06 07:58:14.597823,completed
6986,2238,9,2026-01-25 16:19:41.118312,completed
6987,4771,10,2026-03-07 12:53:32.822136,cancelled
6988,4648,8,2026-03-13 13:49:42.061391,pending
6989,1040,6,2026-03-24 08:42:59.183123,pending
6990,3098,8,2026-03-23 16:18:27.549104,cancelled
6991,959,9,2026-01-20 22:20:06.888157,completed
6992,72,7,2026-02-19 05:24:28.570658,cancelled
6993,4698,7,2026-03-14 18:23:30.141951,pending
6994,4915,8,2026-01-09 18:00:32.907853,pending
6995,1124,3,2026-01-12 05:45:18.200056,pending
6996,1154,5,2026-01-17 17:26:15.451310,completed
6997,785,2,2026-03-13 03:02:45.001636,cancelled
6998,1426,3,2026-03-05 15:24:57.290395,pending
6999,4112,10,2026-01-02 14:55:01.824964,cancelled
7000,1822,10,2026-03-10 16:15:18.977208,cancelled
7001,1646,10,2026-02-11 15:32:00.281998,completed
7002,2023,4,2026-01-14 05:39:12.646028,completed
7003,1297,7,2026-01-19 20:18:32.203778,cancelled
7004,167,10,2026-03-22 20:55:47.065758,pending
7005,441,2,2026-03-20 14:55:37.910982,cancelled
7006,1504,10,2026-03-29 14:14:28.067005,pending
7007,2338,1,2026-03-01 11:58:13.768193,pending
7008,4426,4,2026-02-15 10:55:33.103252,completed
7009,1280,9,2026-03-02 07:51:25.820729,pending
7010,2429,9,2026-01-29 20:02:53.184524,completed
7011,885,10,2026-03-23 19:49:03.809124,pending
7012,4075,3,2026-03-12 12:10:09.396812,completed
7013,2608,7,2026-02-27 13:55:03.886856,completed
7014,4735,6,2026-04-04 12:31:37.756261,pending
7015,293,6,2026-02-09 03:45:33.638971,pending
7016,2525,5,2026-01-11 19:33:55.018127,completed
7017,4554,5,2026-02-23 08:38:25.749623,completed
7018,3503,4,2026-03-20 01:34:46.550135,completed
7019,2091,3,2026-01-21 10:12:18.466928,pending
7020,4361,6,2026-03-08 02:40:38.500651,pending
7021,431,6,2026-02-01 20:06:10.140812,completed
7022,2281,9,2026-02-07 19:27:34.504786,pending
7023,884,6,2026-01-21 00:27:37.230568,completed
7024,2557,3,2026-02-24 05:21:57.223819,pending
7025,4744,2,2026-03-05 21:32:36.476427,completed
7026,3713,6,2026-03-20 13:52:06.092425,completed
7027,2030,7,2026-01-17 12:11:45.496839,completed
7028,521,4,2026-03-29 20:14:44.767111,pending
7029,1145,7,2026-01-09 06:18:16.256537,completed
7030,1217,6,2026-04-06 21:43:51.759570,pending
7031,4365,8,2026-02-16 23:31:25.188413,cancelled
7032,4420,7,2026-01-09 13:43:57.297871,cancelled
7033,2879,4,2026-04-02 06:10:14.573168,cancelled
7034,4833,10,2026-01-25 15:30:06.305873,cancelled
7035,4505,10,2026-03-17 04:10:31.880851,cancelled
7036,4325,7,2026-03-02 22:21:48.088297,pending
7037,4684,3,2026-03-16 11:25:41.374397,completed
7038,3625,6,2026-04-01 18:33:13.109574,cancelled
7039,2569,6,2026-04-03 17:31:12.656675,cancelled
7040,3577,9,2026-01-17 04:59:16.108735,cancelled
7041,1268,5,2026-03-06 21:20:02.635964,cancelled
7042,3401,1,2026-03-23 07:00:15.388288,completed
7043,328,5,2026-03-31 01:17:14.770142,completed
7044,4427,9,2026-03-17 16:49:27.373993,pending
7045,4377,5,2026-03-01 21:40:47.434165,completed
7046,708,3,2026-03-10 19:30:06.823678,completed
7047,4336,3,2026-03-20 10:08:58.311800,cancelled
7048,3770,4,2026-01-16 12:50:57.341933,cancelled
7049,4503,10,2026-01-22 00:40:00.270192,completed
7050,2729,3,2026-02-09 00:26:19.033283,cancelled
7051,2399,3,2026-02-17 08:06:51.428357,pending
7052,2147,2,2026-02-22 14:37:20.151500,pending
7053,1495,7,2026-03-07 18:50:30.955581,cancelled
7054,3931,2,2026-01-14 13:55:18.491662,pending
7055,2606,4,2026-01-28 09:01:02.109584,completed
7056,1283,9,2026-03-16 13:49:43.546314,completed
7057,1743,5,2026-01-26 04:57:34.370089,pending
7058,3483,9,2026-03-24 00:59:08.024158,completed
7059,1589,1,2026-02-28 16:20:20.587348,pending
7060,1648,6,2026-01-24 19:26:24.510129,cancelled
7061,2575,8,2026-03-21 02:42:57.344671,pending
7062,1911,8,2026-04-03 17:42:41.854684,completed
7063,1609,4,2026-04-06 11:47:27.783316,cancelled
7064,984,1,2026-02-26 19:21:44.421103,completed
7065,4973,10,2026-01-23 10:32:29.648626,cancelled
7066,3167,5,2026-01-06 14:20:11.499468,completed
7067,697,1,2026-03-26 10:43:42.315696,cancelled
7068,324,2,2026-01-13 02:59:27.378837,completed
7069,3110,3,2026-03-09 15:16:59.781695,cancelled
7070,918,10,2026-01-11 22:22:42.192863,cancelled
7071,4427,3,2026-03-18 22:02:33.178489,pending
7072,2170,2,2026-02-13 09:23:29.388249,completed
7073,558,4,2026-02-01 14:33:14.699831,pending
7074,3597,10,2026-01-23 13:01:45.984994,pending
7075,2849,6,2026-01-05 13:58:27.433955,completed
7076,5,7,2026-01-03 01:57:30.912491,completed
7077,3664,7,2026-02-25 12:01:58.055389,completed
7078,3783,7,2026-02-22 10:03:52.034462,pending
7079,1381,9,2026-02-13 16:52:52.706014,pending
7080,3368,5,2026-02-21 03:12:59.828434,pending
7081,467,8,2026-03-26 01:46:29.602781,cancelled
7082,4725,3,2026-03-06 15:21:08.082714,pending
7083,3275,1,2026-02-12 01:38:23.418474,completed
7084,4184,7,2026-02-12 22:44:58.087824,completed
7085,59,9,2026-03-22 11:38:38.557672,pending
7086,4387,5,2026-02-25 22:48:47.936368,cancelled
7087,812,7,2026-02-23 20:01:01.337468,cancelled
7088,1755,5,2026-01-16 19:44:27.880928,completed
7089,4576,8,2026-01-12 10:09:59.856525,completed
7090,3155,4,2026-02-07 17:01:40.241554,cancelled
7091,4833,3,2026-03-29 21:06:28.144559,cancelled
7092,2350,7,2026-02-07 13:58:06.647457,cancelled
7093,4426,6,2026-03-15 23:52:21.347964,completed
7094,382,9,2026-03-17 08:25:00.649747,cancelled
7095,2399,10,2026-01-05 17:47:00.282105,cancelled
7096,485,7,2026-04-04 22:32:56.386135,completed
7097,3594,8,2026-02-11 11:09:51.150454,completed
7098,4164,2,2026-03-06 08:01:17.516720,cancelled
7099,4272,6,2026-01-22 01:21:33.559535,cancelled
7100,3677,6,2026-02-15 03:57:51.799788,completed
7101,1217,8,2026-02-12 23:55:55.756287,pending
7102,271,1,2026-03-02 18:09:52.426805,completed
7103,1437,9,2026-03-23 13:09:27.658386,completed
7104,1444,4,2026-03-10 18:20:57.997539,pending
7105,1749,6,2026-03-14 18:16:31.512345,pending
7106,4218,9,2026-01-10 10:11:43.784645,cancelled
7107,3764,7,2026-03-04 06:48:28.052807,completed
7108,4972,4,2026-02-14 02:43:48.320236,cancelled
7109,119,6,2026-02-08 22:01:19.744239,completed
7110,2770,5,2026-03-22 04:13:26.278217,pending
7111,4101,3,2026-03-19 21:16:54.556363,cancelled
7112,534,2,2026-02-27 05:21:48.552719,completed
7113,480,3,2026-01-28 21:36:02.214240,completed
7114,3631,8,2026-04-05 20:55:08.468852,completed
7115,3530,9,2026-02-16 18:12:22.380745,pending
7116,3734,5,2026-01-15 22:52:13.203282,cancelled
7117,620,10,2026-02-07 23:58:45.813842,cancelled
7118,3950,10,2026-02-17 18:36:45.148894,completed
7119,2113,6,2026-01-14 13:30:41.255984,pending
7120,3721,6,2026-02-25 04:19:10.348754,completed
7121,2447,3,2026-02-02 06:39:34.994906,completed
7122,1730,7,2026-02-02 23:46:17.815839,completed
7123,4138,7,2026-02-28 05:07:43.783751,completed
7124,1912,1,2026-02-03 18:57:25.832277,pending
7125,2450,2,2026-03-11 17:38:12.465423,pending
7126,1176,5,2026-02-02 06:19:02.451467,pending
7127,4766,6,2026-03-20 04:37:11.586669,cancelled
7128,2205,5,2026-03-27 00:38:42.765985,completed
7129,2485,9,2026-03-18 07:09:55.155068,completed
7130,2992,7,2026-01-04 15:06:29.083665,completed
7131,2314,2,2026-02-07 05:14:45.524437,completed
7132,3068,7,2026-03-03 19:43:08.237882,completed
7133,3690,9,2026-02-19 09:32:18.843325,cancelled
7134,1500,8,2026-02-08 08:06:31.859535,pending
7135,2845,10,2026-03-07 23:41:41.902854,cancelled
7136,1036,9,2026-03-07 13:52:59.362485,cancelled
7137,3054,4,2026-01-31 03:57:40.436418,pending
7138,3091,4,2026-03-21 12:51:55.763758,pending
7139,4719,6,2026-01-23 23:53:38.212049,completed
7140,2965,3,2026-02-22 09:27:25.851573,pending
7141,1140,10,2026-03-01 01:14:29.313048,pending
7142,825,10,2026-01-23 12:13:23.502194,cancelled
7143,1741,4,2026-01-28 01:28:51.406586,completed
7144,1244,4,2026-03-08 03:16:25.314290,completed
7145,715,4,2026-01-23 17:46:26.406411,completed
7146,1985,2,2026-03-16 20:00:33.951318,pending
7147,4385,4,2026-04-03 22:44:15.020692,cancelled
7148,1790,3,2026-03-14 23:40:20.816168,completed
7149,3367,1,2026-01-17 15:12:22.174618,pending
7150,446,2,2026-02-01 06:17:33.630141,pending
7151,4682,2,2026-03-27 11:03:50.524038,completed
7152,102,8,2026-01-24 01:11:28.068070,pending
7153,2161,4,2026-01-28 01:11:17.596267,cancelled
7154,458,5,2026-02-23 18:04:01.687113,completed
7155,1702,3,2026-03-26 18:50:39.599806,pending
7156,3133,2,2026-04-01 02:47:15.352698,pending
7157,270,3,2026-01-18 15:12:19.562763,completed
7158,392,1,2026-03-10 15:43:33.927227,completed
7159,4312,9,2026-02-09 12:16:11.566166,completed
7160,1498,2,2026-03-01 09:34:50.215177,cancelled
7161,4244,3,2026-03-10 07:01:17.120532,pending
7162,3950,8,2026-02-14 05:31:08.780403,completed
7163,1763,10,2026-03-30 17:17:41.274945,pending
7164,4984,1,2026-03-08 23:50:21.461945,pending
7165,4368,5,2026-03-23 01:27:00.112534,cancelled
7166,1553,1,2026-02-15 17:04:37.314334,cancelled
7167,2351,8,2026-02-20 22:58:19.723318,completed
7168,2438,8,2026-02-10 04:51:37.018003,pending
7169,2914,7,2026-01-20 02:07:14.879700,pending
7170,1942,5,2026-03-10 11:38:24.581191,cancelled
7171,4300,6,2026-02-18 17:57:25.835375,completed
7172,3091,2,2026-03-29 09:36:35.274192,completed
7173,3452,3,2026-01-12 22:08:28.210112,pending
7174,3559,9,2026-04-04 06:45:22.731722,cancelled
7175,4512,10,2026-03-19 22:26:23.732535,completed
7176,145,9,2026-02-15 12:54:50.924554,pending
7177,2600,1,2026-02-06 11:40:39.135785,cancelled
7178,1344,9,2026-02-10 20:46:12.575769,cancelled
7179,794,8,2026-02-01 07:55:42.007878,pending
7180,423,2,2026-01-24 08:05:59.478537,completed
7181,4946,4,2026-03-31 00:56:36.773253,pending
7182,454,9,2026-01-18 01:52:47.530880,pending
7183,4231,10,2026-01-10 05:47:11.832318,completed
7184,4463,2,2026-03-20 16:36:02.718388,completed
7185,482,3,2026-03-22 08:44:36.024740,cancelled
7186,2076,4,2026-01-25 13:49:21.698252,cancelled
7187,3300,3,2026-02-27 07:45:26.966236,pending
7188,400,3,2026-04-03 08:03:13.827759,cancelled
7189,968,4,2026-03-27 09:05:50.453293,completed
7190,2534,10,2026-02-09 06:14:39.361294,completed
7191,3070,6,2026-03-12 00:25:29.078348,pending
7192,2175,8,2026-01-29 20:37:13.087836,completed
7193,3389,10,2026-01-31 18:02:36.645776,completed
7194,2017,9,2026-01-18 21:11:11.481084,pending
7195,739,6,2026-03-23 10:32:39.402280,completed
7196,4923,1,2026-02-26 00:26:17.595639,cancelled
7197,1502,8,2026-03-01 16:56:10.793538,completed
7198,2790,5,2026-01-23 11:01:41.001425,cancelled
7199,483,9,2026-01-30 18:50:59.593256,pending
7200,4872,5,2026-01-16 14:01:32.005275,completed
7201,4923,4,2026-03-05 18:43:53.455328,completed
7202,4691,4,2026-04-07 16:16:03.784850,pending
7203,2106,10,2026-03-25 06:21:04.345425,cancelled
7204,986,4,2026-02-01 22:40:27.327567,pending
7205,272,7,2026-03-19 04:54:15.282014,cancelled
7206,555,1,2026-02-13 04:26:58.284599,pending
7207,4698,8,2026-04-01 23:41:06.802108,completed
7208,1644,8,2026-01-06 11:31:31.272302,pending
7209,3768,9,2026-03-13 15:43:03.188433,completed
7210,3937,6,2026-02-21 12:10:34.293768,cancelled
7211,2981,10,2026-03-21 13:08:28.911814,completed
7212,866,6,2026-04-03 08:54:09.021583,completed
7213,3976,5,2026-02-13 07:51:52.826978,cancelled
7214,1985,3,2026-01-18 04:04:34.070131,cancelled
7215,3262,7,2026-03-07 09:46:24.668006,completed
7216,4421,7,2026-02-17 23:42:21.166056,pending
7217,1186,7,2026-04-06 15:26:17.770060,cancelled
7218,2074,7,2026-03-29 02:31:13.965020,completed
7219,128,3,2026-01-08 10:08:08.770824,completed
7220,4188,1,2026-01-26 04:15:30.675982,completed
7221,405,9,2026-01-29 10:53:11.368038,completed
7222,964,3,2026-02-14 20:15:48.289143,pending
7223,4210,3,2026-01-03 14:40:58.303076,completed
7224,3291,7,2026-02-18 11:58:23.977412,completed
7225,3008,5,2026-02-21 09:14:15.160685,completed
7226,1049,5,2026-02-13 09:00:12.729609,pending
7227,2771,8,2026-02-24 23:56:13.879819,cancelled
7228,4915,5,2026-01-13 15:07:20.018422,cancelled
7229,3568,6,2026-02-19 16:14:41.260180,pending
7230,3694,6,2026-02-20 03:34:06.559767,pending
7231,3722,1,2026-01-23 16:11:38.987759,completed
7232,286,9,2026-01-14 21:52:55.228021,completed
7233,2663,8,2026-03-27 04:00:11.787551,pending
7234,361,1,2026-02-22 14:47:17.296614,pending
7235,1681,2,2026-01-20 10:40:58.526894,pending
7236,3637,4,2026-04-02 16:53:59.020832,cancelled
7237,3481,6,2026-03-06 23:26:02.848024,pending
7238,1220,7,2026-03-03 13:23:57.206269,pending
7239,863,5,2026-03-08 20:00:02.111714,completed
7240,4957,5,2026-02-13 19:14:27.146239,cancelled
7241,4017,10,2026-01-14 23:22:50.427220,pending
7242,3748,6,2026-01-12 20:04:58.993755,completed
7243,1292,3,2026-03-31 01:08:05.820154,completed
7244,3668,8,2026-01-11 12:13:02.402926,pending
7245,990,4,2026-02-24 06:42:17.903556,cancelled
7246,2912,2,2026-01-27 14:05:00.629384,completed
7247,1613,3,2026-02-23 01:30:35.030616,completed
7248,1478,10,2026-03-25 04:53:14.101972,cancelled
7249,4319,2,2026-02-03 09:33:37.882618,cancelled
7250,1850,8,2026-02-14 15:53:42.282232,completed
7251,1263,7,2026-01-13 06:13:34.770422,pending
7252,2632,1,2026-01-09 11:22:29.758519,cancelled
7253,2521,3,2026-02-19 02:37:09.056415,completed
7254,722,9,2026-04-04 23:22:58.595006,cancelled
7255,1165,6,2026-01-10 19:19:50.574565,completed
7256,3478,1,2026-01-13 23:02:36.588550,completed
7257,148,3,2026-02-13 23:04:13.412409,cancelled
7258,2714,2,2026-03-21 23:26:12.673857,pending
7259,1218,5,2026-01-09 15:16:34.001726,cancelled
7260,1830,2,2026-02-15 20:25:03.105519,completed
7261,3608,2,2026-04-05 05:51:13.263920,cancelled
7262,1968,9,2026-03-08 09:03:29.876929,cancelled
7263,2604,1,2026-03-14 04:20:13.080025,pending
7264,367,6,2026-02-20 05:04:39.629757,completed
7265,3928,5,2026-02-17 19:11:02.753051,pending
7266,2750,7,2026-02-21 08:05:13.552270,completed
7267,984,2,2026-01-27 02:40:47.981708,cancelled
7268,4168,1,2026-02-17 23:50:41.450702,cancelled
7269,2736,4,2026-03-15 20:21:03.719348,completed
7270,4205,4,2026-01-29 07:51:37.269915,completed
7271,1860,9,2026-02-03 09:58:49.178355,cancelled
7272,1213,7,2026-01-23 22:21:31.662981,completed
7273,2161,10,2026-01-25 07:55:31.765363,cancelled
7274,3883,7,2026-02-09 09:59:44.464269,pending
7275,3212,10,2026-01-19 08:13:32.319016,completed
7276,361,10,2026-01-03 04:10:01.489720,cancelled
7277,2341,8,2026-02-23 03:25:59.471378,pending
7278,3529,6,2026-02-19 19:33:34.999383,completed
7279,1419,2,2026-01-19 21:42:58.507244,cancelled
7280,4900,9,2026-02-27 06:38:51.971013,pending
7281,3027,6,2026-02-21 19:09:38.959617,pending
7282,2547,6,2026-03-11 07:33:30.864827,cancelled
7283,3586,10,2026-02-11 20:40:29.280691,pending
7284,4004,4,2026-03-28 12:04:51.795196,cancelled
7285,731,5,2026-02-23 02:25:15.618464,cancelled
7286,2853,6,2026-02-25 01:28:55.458912,pending
7287,2715,9,2026-03-29 17:45:41.572334,completed
7288,978,10,2026-01-09 22:01:57.541160,completed
7289,4184,6,2026-03-17 02:55:08.833093,pending
7290,3323,6,2026-04-05 17:36:19.832493,cancelled
7291,3011,5,2026-01-03 23:27:07.038271,completed
7292,1543,1,2026-03-05 16:16:53.833464,cancelled
7293,4680,5,2026-01-19 05:58:13.758135,completed
7294,1286,2,2026-03-06 22:52:25.453498,pending
7295,430,8,2026-02-09 23:49:33.985532,pending
7296,4656,1,2026-01-15 01:59:03.494780,cancelled
7297,4895,2,2026-03-24 22:20:37.106821,cancelled
7298,1639,8,2026-02-27 19:00:16.979477,cancelled
7299,3174,4,2026-01-08 14:53:31.222800,completed
7300,1322,9,2026-04-05 20:34:33.694357,completed
7301,1194,8,2026-03-21 06:13:27.651826,cancelled
7302,4963,10,2026-02-23 16:46:31.523692,pending
7303,4442,1,2026-02-06 11:03:47.274382,cancelled
7304,3898,7,2026-01-14 14:32:40.555499,cancelled
7305,3224,2,2026-02-06 05:58:30.209656,cancelled
7306,494,3,2026-03-13 13:30:50.923338,cancelled
7307,1273,4,2026-02-07 15:15:22.582090,pending
7308,2384,1,2026-01-02 18:13:18.756454,completed
7309,1382,8,2026-02-16 13:48:21.656291,completed
7310,3732,5,2026-01-30 03:29:35.901754,completed
7311,3899,6,2026-03-02 03:03:26.954625,completed
7312,614,5,2026-01-11 23:50:02.887777,completed
7313,2046,5,2026-01-27 00:07:07.447506,pending
7314,571,8,2026-02-02 17:29:06.097859,completed
7315,730,3,2026-04-02 22:40:01.919418,pending
7316,3688,8,2026-04-04 14:31:38.489908,completed
7317,3099,8,2026-03-21 05:18:19.433715,completed
7318,3221,8,2026-03-10 16:53:40.476365,completed
7319,3528,6,2026-01-02 05:29:09.002615,pending
7320,2666,9,2026-04-06 12:54:26.292020,pending
7321,1106,8,2026-01-20 00:37:38.007110,pending
7322,4594,7,2026-02-05 00:42:55.277623,completed
7323,4978,4,2026-03-12 22:36:58.898135,pending
7324,3262,5,2026-02-23 10:24:08.170195,completed
7325,2478,2,2026-02-11 23:00:56.049580,pending
7326,3581,5,2026-03-16 04:54:31.261329,completed
7327,2568,2,2026-03-21 21:12:56.012412,pending
7328,176,6,2026-01-02 06:18:30.826621,pending
7329,460,1,2026-02-16 13:30:18.325536,pending
7330,765,2,2026-01-23 09:39:04.977240,completed
7331,1019,7,2026-02-09 13:10:57.936926,completed
7332,2733,9,2026-01-26 05:56:49.602555,completed
7333,4344,3,2026-03-03 18:52:36.139300,cancelled
7334,80,6,2026-01-07 03:41:11.858163,completed
7335,1492,3,2026-02-21 11:14:11.229688,pending
7336,830,1,2026-01-02 10:55:25.511184,completed
7337,1219,8,2026-03-03 06:24:39.188739,completed
7338,294,3,2026-01-19 21:13:25.739572,completed
7339,4711,7,2026-04-01 17:52:07.796052,cancelled
7340,4159,7,2026-03-08 11:55:28.020488,completed
7341,809,2,2026-01-16 09:19:31.720938,completed
7342,2108,4,2026-01-09 17:57:13.890846,completed
7343,900,1,2026-01-13 22:09:03.059421,completed
7344,724,7,2026-03-30 16:30:55.607939,cancelled
7345,1045,1,2026-02-04 02:48:50.948163,completed
7346,1644,9,2026-03-07 13:42:31.643443,cancelled
7347,4002,9,2026-03-12 13:54:14.445291,pending
7348,3815,4,2026-03-07 01:29:31.584486,completed
7349,2061,3,2026-01-17 17:00:56.386414,cancelled
7350,983,4,2026-01-25 11:09:29.546118,cancelled
7351,1065,3,2026-01-20 16:48:22.670977,cancelled
7352,2950,6,2026-02-11 02:45:09.110974,completed
7353,410,10,2026-01-20 20:19:16.798141,cancelled
7354,111,8,2026-02-21 06:48:59.675264,cancelled
7355,2214,9,2026-01-25 19:52:03.923391,cancelled
7356,4323,9,2026-01-30 08:40:53.083828,pending
7357,4912,10,2026-04-07 03:36:11.477019,pending
7358,2144,3,2026-01-16 04:22:06.510935,pending
7359,381,7,2026-02-14 11:52:28.493840,cancelled
7360,3979,10,2026-02-10 13:05:20.670791,completed
7361,2554,1,2026-02-08 16:33:01.766984,cancelled
7362,3027,2,2026-03-15 11:37:36.241070,pending
7363,3711,3,2026-03-02 23:12:45.874987,cancelled
7364,2002,7,2026-03-05 01:23:27.586207,pending
7365,2373,1,2026-02-04 04:56:53.328894,completed
7366,1267,2,2026-01-09 09:01:15.052309,cancelled
7367,1414,7,2026-02-25 01:30:40.434514,cancelled
7368,698,2,2026-02-22 22:49:47.650212,cancelled
7369,3157,3,2026-03-02 21:34:04.398666,pending
7370,2479,7,2026-01-01 19:47:01.262824,pending
7371,3771,2,2026-01-30 13:18:59.568958,completed
7372,4104,5,2026-02-03 08:36:52.581011,completed
7373,817,9,2026-03-22 11:29:05.245115,cancelled
7374,2748,6,2026-03-19 02:02:16.801126,completed
7375,3518,1,2026-01-10 17:19:09.420072,pending
7376,3237,1,2026-03-01 10:54:59.313146,pending
7377,2704,5,2026-02-18 17:19:48.548761,completed
7378,1254,9,2026-01-10 13:02:08.151010,cancelled
7379,894,3,2026-02-10 22:52:19.441612,pending
7380,4662,9,2026-02-24 17:43:27.633139,cancelled
7381,3834,3,2026-01-27 11:41:15.873625,cancelled
7382,1333,1,2026-02-18 16:07:24.469425,completed
7383,2455,2,2026-03-08 22:22:02.166294,cancelled
7384,3396,3,2026-01-25 03:02:15.518731,pending
7385,442,1,2026-01-18 11:58:05.947548,pending
7386,2496,6,2026-03-26 12:35:26.308715,completed
7387,1073,2,2026-03-09 14:04:43.257889,completed
7388,2371,6,2026-02-23 23:17:21.348270,pending
7389,3829,4,2026-02-17 20:56:18.986018,cancelled
7390,812,6,2026-04-07 03:09:08.605964,pending
7391,4028,9,2026-01-18 01:11:00.051762,cancelled
7392,978,6,2026-01-24 18:17:10.611370,completed
7393,1314,4,2026-03-03 06:32:00.496466,completed
7394,3074,8,2026-01-17 01:23:06.439826,pending
7395,2768,4,2026-03-11 06:49:34.198814,pending
7396,3744,2,2026-01-01 01:22:40.856422,cancelled
7397,941,10,2026-02-24 18:26:09.296003,completed
7398,4383,3,2026-02-10 15:31:21.463117,pending
7399,3261,8,2026-01-02 07:36:48.890057,completed
7400,4694,3,2026-03-24 00:02:30.119859,completed
7401,2004,2,2026-02-07 08:08:38.654962,pending
7402,4028,5,2026-01-10 03:39:19.945542,pending
7403,244,8,2026-03-25 19:52:17.948457,pending
7404,2384,3,2026-01-28 00:43:36.018311,cancelled
7405,4659,1,2026-03-04 20:08:32.129703,cancelled
7406,625,5,2026-01-08 17:35:43.147295,completed
7407,3533,1,2026-03-29 12:46:15.741593,pending
7408,1656,4,2026-01-16 17:07:31.293910,cancelled
7409,4499,8,2026-02-10 10:28:33.585983,cancelled
7410,4119,5,2026-04-02 12:10:16.483570,pending
7411,2048,7,2026-03-20 06:51:33.437884,pending
7412,915,5,2026-01-24 19:44:24.643071,completed
7413,3800,8,2026-01-03 15:00:31.001204,pending
7414,4091,4,2026-03-22 08:59:02.084686,completed
7415,4805,8,2026-02-02 19:19:55.750819,pending
7416,2533,8,2026-01-15 07:47:33.967601,pending
7417,1556,6,2026-03-10 21:16:28.326864,cancelled
7418,4887,8,2026-04-01 02:48:33.759155,cancelled
7419,568,3,2026-01-19 12:36:38.977185,pending
7420,2766,5,2026-04-04 02:01:55.621613,completed
7421,2599,2,2026-02-05 11:11:08.101738,cancelled
7422,209,9,2026-01-17 22:46:50.506835,cancelled
7423,431,1,2026-03-15 05:56:37.082848,completed
7424,1484,9,2026-02-27 23:55:58.642778,cancelled
7425,3660,6,2026-02-03 01:21:41.621452,cancelled
7426,1020,7,2026-03-01 11:27:30.641153,cancelled
7427,317,7,2026-03-29 11:46:23.021345,completed
7428,2218,6,2026-03-07 16:14:42.463434,cancelled
7429,2648,2,2026-03-10 04:26:26.297308,completed
7430,4536,3,2026-03-21 03:35:34.747780,pending
7431,3956,1,2026-01-13 00:08:03.148219,completed
7432,4012,10,2026-01-19 11:51:29.064318,cancelled
7433,737,1,2026-01-17 07:24:43.764817,cancelled
7434,4384,3,2026-03-24 17:29:18.110248,cancelled
7435,4948,8,2026-01-14 14:49:32.359781,cancelled
7436,4040,4,2026-01-31 21:41:30.057192,pending
7437,3773,3,2026-01-25 14:01:16.452879,pending
7438,495,10,2026-01-08 21:49:00.371036,cancelled
7439,684,2,2026-03-08 21:50:39.451880,pending
7440,1765,2,2026-03-11 14:23:22.887806,cancelled
7441,4697,2,2026-01-31 19:34:12.592948,completed
7442,3127,6,2026-04-06 13:18:52.087216,cancelled
7443,4823,2,2026-01-12 21:00:26.528007,pending
7444,2150,3,2026-03-20 00:05:14.633577,pending
7445,2989,4,2026-01-26 12:17:21.715748,pending
7446,4605,9,2026-01-10 02:12:21.793607,cancelled
7447,1987,4,2026-02-12 21:17:05.483941,completed
7448,2246,7,2026-01-12 04:23:02.583662,pending
7449,2508,9,2026-03-04 03:14:00.476199,cancelled
7450,831,5,2026-03-14 10:33:58.907861,pending
7451,2046,7,2026-01-13 08:39:41.887051,pending
7452,1554,2,2026-02-10 10:36:51.669672,completed
7453,3333,9,2026-01-15 16:18:33.889606,cancelled
7454,742,7,2026-02-13 22:33:44.529131,pending
7455,4775,2,2026-03-22 03:45:54.782508,pending
7456,2487,9,2026-01-11 11:12:25.019939,pending
7457,2379,4,2026-03-01 12:55:48.854804,completed
7458,1944,1,2026-01-08 21:49:58.189943,cancelled
7459,3055,7,2026-01-11 02:32:27.663697,cancelled
7460,2331,2,2026-03-19 14:52:53.478806,pending
7461,4458,1,2026-01-20 04:33:02.385021,completed
7462,3073,7,2026-04-01 17:25:56.163677,completed
7463,2787,9,2026-03-04 01:04:23.050490,pending
7464,3481,8,2026-01-05 05:16:15.878269,cancelled
7465,2000,5,2026-01-20 01:39:35.987324,cancelled
7466,2675,1,2026-03-06 18:54:42.235258,completed
7467,29,8,2026-03-09 14:07:19.634154,cancelled
7468,3994,9,2026-01-12 00:48:20.528312,completed
7469,2447,1,2026-01-10 02:02:34.240685,completed
7470,2465,5,2026-03-06 15:20:22.789505,completed
7471,4707,6,2026-01-05 20:34:12.566739,pending
7472,323,6,2026-01-08 22:41:30.321197,cancelled
7473,2177,7,2026-01-28 09:50:11.308102,completed
7474,4022,4,2026-03-12 19:12:53.737790,completed
7475,336,8,2026-04-04 02:04:00.493118,pending
7476,2885,2,2026-03-14 15:12:29.722510,pending
7477,1440,9,2026-02-17 19:14:43.303328,pending
7478,1860,2,2026-01-24 02:40:02.664049,cancelled
7479,1875,8,2026-02-14 22:39:07.102654,completed
7480,1983,3,2026-02-06 07:12:00.275209,pending
7481,3886,10,2026-02-23 18:31:48.898281,completed
7482,2392,1,2026-03-27 19:20:11.132326,pending
7483,3876,1,2026-02-18 02:43:01.689049,pending
7484,591,1,2026-01-14 03:55:22.074143,pending
7485,3497,3,2026-04-03 01:13:47.846103,cancelled
7486,969,6,2026-01-30 10:43:48.675078,pending
7487,513,8,2026-01-24 09:18:15.093835,cancelled
7488,294,2,2026-01-20 19:33:12.477981,cancelled
7489,1356,9,2026-01-21 01:28:30.745929,cancelled
7490,3421,9,2026-01-19 15:11:04.520585,pending
7491,3330,8,2026-01-07 12:22:56.978677,completed
7492,2453,10,2026-03-24 09:58:15.975717,cancelled
7493,3579,3,2026-01-22 15:26:34.978552,completed
7494,3630,7,2026-02-18 17:37:13.885669,pending
7495,307,9,2026-01-09 20:26:55.950381,completed
7496,2488,7,2026-01-08 01:24:10.199826,pending
7497,3665,1,2026-02-10 05:43:03.382900,pending
7498,3804,6,2026-01-06 03:24:41.541725,cancelled
7499,1566,7,2026-03-05 19:03:10.024521,cancelled
7500,1306,6,2026-01-24 16:42:47.858809,pending
7501,4947,6,2026-03-28 16:20:38.043737,cancelled
7502,2950,1,2026-01-07 16:28:36.919219,pending
7503,2343,9,2026-03-26 02:52:31.818904,pending
7504,1105,4,2026-03-28 12:56:57.145651,completed
7505,3020,9,2026-01-07 05:02:20.515480,pending
7506,4388,9,2026-02-14 23:40:32.765061,pending
7507,1715,4,2026-02-20 02:28:31.091546,pending
7508,2183,10,2026-03-19 23:06:00.787970,cancelled
7509,2479,3,2026-01-10 15:15:26.060492,completed
7510,3364,10,2026-01-09 13:24:27.380623,pending
7511,4366,1,2026-02-28 18:30:02.244255,completed
7512,614,8,2026-03-13 01:51:40.075043,cancelled
7513,2755,1,2026-01-09 07:24:54.679163,completed
7514,4115,9,2026-01-28 19:40:02.551638,completed
7515,960,3,2026-02-09 04:40:17.379398,pending
7516,3178,10,2026-03-14 22:56:21.973522,cancelled
7517,3683,5,2026-01-26 06:33:43.124644,cancelled
7518,204,4,2026-01-01 22:05:22.670476,pending
7519,4487,8,2026-02-01 04:04:28.868642,cancelled
7520,1998,9,2026-01-30 18:47:44.209610,completed
7521,1085,10,2026-01-05 06:35:45.170142,completed
7522,4867,10,2026-01-29 01:21:57.262818,pending
7523,2531,8,2026-01-31 06:05:18.297665,pending
7524,516,7,2026-02-26 13:07:22.414300,cancelled
7525,2080,4,2026-01-13 19:23:35.916586,completed
7526,4970,4,2026-01-08 03:32:16.129561,pending
7527,3951,8,2026-03-19 00:51:45.209765,completed
7528,852,2,2026-01-31 14:29:35.737986,completed
7529,397,7,2026-02-14 07:22:05.054656,pending
7530,1752,3,2026-01-17 10:37:21.833684,pending
7531,1042,10,2026-02-10 22:24:32.638681,pending
7532,4378,6,2026-04-04 10:02:32.259878,pending
7533,4614,1,2026-03-24 07:17:18.601156,pending
7534,1963,9,2026-04-02 12:20:33.570888,completed
7535,1443,2,2026-01-08 21:50:33.461171,completed
7536,4908,9,2026-01-25 10:32:36.465135,cancelled
7537,4819,10,2026-01-16 14:27:00.687772,pending
7538,4358,6,2026-02-01 04:09:22.463271,completed
7539,1784,4,2026-01-25 16:06:49.939150,pending
7540,4477,9,2026-02-23 22:29:55.398288,cancelled
7541,4027,4,2026-01-01 19:07:37.960963,completed
7542,4542,2,2026-04-05 13:26:49.176475,cancelled
7543,4702,1,2026-04-06 04:15:01.139023,cancelled
7544,297,4,2026-01-11 03:18:58.147281,completed
7545,4137,2,2026-03-09 20:27:00.284745,pending
7546,2784,4,2026-02-16 01:06:25.307363,pending
7547,1174,8,2026-04-06 17:10:15.108387,completed
7548,2553,2,2026-01-30 18:21:11.205328,cancelled
7549,3881,1,2026-02-14 13:21:15.897232,completed
7550,2987,2,2026-01-29 23:35:44.905927,pending
7551,2755,5,2026-02-08 04:09:29.087504,pending
7552,151,4,2026-01-16 08:13:58.787127,cancelled
7553,4047,7,2026-01-16 14:53:20.098200,cancelled
7554,3691,7,2026-03-16 07:21:14.856726,cancelled
7555,2376,5,2026-01-30 01:17:40.315548,completed
7556,2595,7,2026-03-16 04:54:11.611502,cancelled
7557,2288,6,2026-03-12 23:28:26.532823,pending
7558,2940,3,2026-01-27 10:33:13.002160,completed
7559,2620,1,2026-02-28 09:12:02.231099,cancelled
7560,2081,7,2026-02-15 14:08:13.680958,completed
7561,2380,7,2026-02-17 05:34:42.217940,pending
7562,2430,10,2026-01-09 15:59:23.488941,pending
7563,4161,6,2026-01-15 14:16:16.629592,cancelled
7564,3904,7,2026-02-08 00:07:55.817165,pending
7565,3151,7,2026-02-06 00:32:55.314155,completed
7566,2994,2,2026-01-02 14:20:11.489301,cancelled
7567,4543,8,2026-03-22 11:03:19.487336,completed
7568,384,9,2026-02-01 20:04:47.707921,completed
7569,1532,4,2026-03-07 19:23:10.403187,cancelled
7570,341,7,2026-04-06 14:40:57.837723,cancelled
7571,3631,4,2026-02-19 14:12:00.743477,completed
7572,4466,3,2026-02-09 06:48:47.052876,pending
7573,4785,6,2026-01-31 21:21:56.528069,pending
7574,4940,6,2026-02-15 11:45:31.857918,completed
7575,4426,10,2026-03-08 23:06:43.720308,cancelled
7576,3677,3,2026-01-10 05:48:47.930012,pending
7577,3638,3,2026-04-07 12:38:37.269569,completed
7578,1680,4,2026-01-15 03:54:05.292992,cancelled
7579,1245,9,2026-03-21 13:42:19.093260,pending
7580,4869,4,2026-03-03 21:53:33.143144,pending
7581,3792,1,2026-03-30 04:48:25.846546,pending
7582,3109,1,2026-02-11 14:41:29.350524,completed
7583,4068,4,2026-03-25 23:53:52.725935,pending
7584,185,5,2026-03-14 08:41:48.211950,pending
7585,4103,1,2026-03-04 12:25:47.925860,completed
7586,4076,7,2026-01-10 16:42:56.034689,completed
7587,3323,2,2026-02-09 14:23:20.180842,pending
7588,595,4,2026-02-09 00:52:39.597083,pending
7589,720,3,2026-04-06 20:57:58.788493,cancelled
7590,2206,8,2026-03-27 22:43:20.593607,pending
7591,2251,3,2026-01-13 04:59:15.938827,completed
7592,1885,10,2026-03-17 15:53:21.706675,pending
7593,2311,8,2026-03-16 20:51:32.768814,cancelled
7594,4554,10,2026-01-11 03:09:08.461652,completed
7595,4896,8,2026-02-28 00:10:03.645422,cancelled
7596,2363,5,2026-02-22 02:21:49.232897,cancelled
7597,1808,2,2026-02-13 20:13:06.789288,cancelled
7598,2925,1,2026-01-02 03:55:57.742836,completed
7599,2598,5,2026-01-31 18:52:50.953072,cancelled
7600,2847,8,2026-02-06 11:28:00.350831,completed
7601,3590,5,2026-01-13 16:37:18.505512,cancelled
7602,3834,3,2026-03-05 23:18:05.355551,completed
7603,4531,7,2026-01-10 11:05:59.066823,completed
7604,3979,8,2026-02-18 06:09:13.897341,cancelled
7605,2287,1,2026-03-20 00:19:46.930606,pending
7606,4920,8,2026-02-06 06:30:24.783126,completed
7607,380,1,2026-02-08 00:07:11.400635,pending
7608,626,1,2026-04-04 11:27:50.941047,cancelled
7609,3411,9,2026-01-13 16:22:03.269190,cancelled
7610,98,1,2026-03-09 22:43:55.025276,cancelled
7611,4467,9,2026-01-27 06:31:04.930600,cancelled
7612,760,3,2026-03-15 03:21:26.649292,cancelled
7613,4858,3,2026-02-11 02:08:55.094522,completed
7614,231,9,2026-03-12 15:57:29.110249,completed
7615,2133,6,2026-03-09 09:46:56.212118,pending
7616,4634,9,2026-02-07 07:57:43.659587,cancelled
7617,1197,7,2026-03-14 20:07:54.272432,cancelled
7618,1310,8,2026-03-21 00:24:44.125431,pending
7619,4765,5,2026-03-05 07:40:48.779142,cancelled
7620,1405,3,2026-02-24 09:16:27.648817,pending
7621,321,6,2026-01-01 12:45:34.591438,cancelled
7622,3803,1,2026-03-20 18:44:16.836649,completed
7623,1295,9,2026-02-08 14:27:55.839702,pending
7624,561,2,2026-01-30 01:58:12.038043,completed
7625,1062,2,2026-04-01 19:21:55.681010,cancelled
7626,2806,2,2026-03-27 11:58:02.381477,completed
7627,3214,5,2026-02-26 21:23:40.226322,completed
7628,3380,1,2026-03-19 06:45:15.812418,completed
7629,859,4,2026-03-19 22:43:00.903865,cancelled
7630,1340,1,2026-01-16 00:23:02.366683,cancelled
7631,1395,2,2026-02-13 05:50:41.528463,pending
7632,2392,8,2026-01-12 08:48:11.831111,cancelled
7633,1564,4,2026-01-01 13:25:07.542305,completed
7634,770,2,2026-04-02 04:15:56.317736,cancelled
7635,1289,2,2026-03-10 09:10:58.326039,cancelled
7636,3537,6,2026-02-02 20:58:39.494525,completed
7637,1437,4,2026-02-27 22:29:40.955008,pending
7638,1269,6,2026-03-26 19:26:58.278093,cancelled
7639,514,7,2026-04-05 21:17:11.922076,completed
7640,1301,3,2026-01-15 07:04:10.838092,pending
7641,4664,9,2026-02-17 09:32:57.124023,completed
7642,3813,2,2026-02-06 23:33:27.327813,pending
7643,1694,8,2026-01-21 22:44:32.997349,cancelled
7644,72,7,2026-04-04 18:04:28.855550,completed
7645,2085,10,2026-04-05 05:57:03.471650,cancelled
7646,3030,2,2026-03-31 21:21:51.063402,completed
7647,4289,5,2026-03-01 21:49:48.726262,cancelled
7648,4373,1,2026-03-04 13:46:44.039547,completed
7649,1194,1,2026-01-26 12:48:47.472353,completed
7650,3289,2,2026-03-28 20:54:40.497844,completed
7651,398,8,2026-01-13 15:28:18.437599,pending
7652,1500,7,2026-04-03 04:00:29.874280,cancelled
7653,224,3,2026-01-31 02:00:16.023466,cancelled
7654,1619,1,2026-02-27 11:23:50.902032,cancelled
7655,1518,10,2026-04-06 11:18:12.947258,cancelled
7656,3896,4,2026-03-04 08:31:36.482146,completed
7657,1465,5,2026-01-10 22:03:04.181066,pending
7658,4144,2,2026-01-23 03:44:04.045728,pending
7659,3512,1,2026-03-18 11:19:24.232061,completed
7660,91,10,2026-03-26 05:51:11.052371,pending
7661,2181,9,2026-01-15 18:55:59.330531,cancelled
7662,5000,3,2026-01-13 07:09:58.111876,pending
7663,1084,7,2026-03-10 03:15:42.212557,cancelled
7664,2363,6,2026-01-24 01:51:53.342484,pending
7665,4578,3,2026-03-21 22:53:52.906868,completed
7666,1781,10,2026-03-25 15:56:49.408591,completed
7667,4557,4,2026-01-27 06:39:45.556581,cancelled
7668,3155,4,2026-02-27 02:32:02.141190,cancelled
7669,830,2,2026-02-20 03:30:19.237440,pending
7670,2813,5,2026-04-05 13:06:10.132321,pending
7671,3137,4,2026-01-24 23:08:44.979217,completed
7672,1939,7,2026-01-11 21:44:44.022254,cancelled
7673,3516,9,2026-03-27 09:09:50.942482,pending
7674,2821,3,2026-02-23 16:22:57.207055,cancelled
7675,2864,2,2026-01-07 21:51:10.191531,cancelled
7676,3102,7,2026-01-03 12:58:50.797951,cancelled
7677,4004,8,2026-03-20 03:05:02.789528,cancelled
7678,1713,9,2026-02-18 03:51:15.655620,completed
7679,3018,8,2026-03-25 12:55:13.627638,pending
7680,4829,2,2026-01-18 12:43:30.295671,pending
7681,2682,3,2026-01-12 12:31:18.462995,pending
7682,1157,6,2026-01-20 18:15:25.411651,pending
7683,1914,5,2026-02-18 00:43:54.947482,cancelled
7684,921,10,2026-02-15 10:23:33.691623,cancelled
7685,2568,4,2026-03-18 15:57:56.975919,cancelled
7686,1871,3,2026-02-09 15:17:16.790110,completed
7687,226,3,2026-01-03 18:27:18.310337,cancelled
7688,4017,3,2026-03-20 05:25:43.353731,cancelled
7689,2405,2,2026-02-05 20:16:27.747383,pending
7690,596,8,2026-03-20 01:51:11.393473,pending
7691,1038,8,2026-01-11 05:23:45.252809,pending
7692,3432,9,2026-04-04 20:15:38.643739,completed
7693,287,3,2026-01-11 17:28:28.664261,cancelled
7694,4953,8,2026-04-06 21:41:49.698997,cancelled
7695,4751,1,2026-02-19 13:12:43.520542,completed
7696,3266,10,2026-01-21 00:08:21.728694,cancelled
7697,4761,4,2026-01-04 18:19:24.987960,completed
7698,3458,5,2026-02-24 22:56:45.708613,completed
7699,3757,1,2026-03-29 17:00:27.137775,completed
7700,2691,2,2026-03-07 12:10:38.093349,pending
7701,3764,7,2026-01-25 09:54:29.216472,completed
7702,2975,6,2026-02-28 12:47:47.226110,completed
7703,4914,4,2026-03-21 03:48:27.843883,pending
7704,4951,4,2026-01-04 05:41:10.958169,completed
7705,369,10,2026-03-17 02:17:25.420367,pending
7706,4506,3,2026-04-05 01:00:06.134761,cancelled
7707,4419,5,2026-01-23 17:53:44.418275,cancelled
7708,3483,5,2026-01-02 15:37:47.264206,cancelled
7709,2397,3,2026-01-29 18:05:48.289014,cancelled
7710,2546,3,2026-03-22 21:25:33.823487,pending
7711,2779,4,2026-01-16 06:55:37.099756,completed
7712,2902,9,2026-01-01 20:10:35.830511,pending
7713,1663,10,2026-02-08 03:18:00.770581,cancelled
7714,1456,1,2026-02-18 14:12:51.722568,completed
7715,1029,3,2026-01-21 11:00:51.438863,completed
7716,4511,9,2026-02-01 02:22:10.316914,completed
7717,4713,7,2026-01-11 00:40:10.045074,cancelled
7718,2810,4,2026-03-15 20:08:18.461066,cancelled
7719,3116,9,2026-02-15 10:08:36.040224,pending
7720,1494,9,2026-03-12 23:36:09.029956,pending
7721,1155,2,2026-01-11 08:32:13.071932,pending
7722,3309,6,2026-03-27 12:07:25.429236,completed
7723,477,9,2026-02-17 09:26:54.838974,cancelled
7724,1776,8,2026-01-23 07:20:54.814196,cancelled
7725,4585,9,2026-01-11 07:09:02.683488,pending
7726,1086,4,2026-02-08 01:03:11.457121,pending
7727,913,1,2026-01-16 23:14:43.456800,cancelled
7728,2336,4,2026-01-29 19:42:48.137127,completed
7729,3413,7,2026-03-04 05:16:50.245901,pending
7730,4322,3,2026-03-30 18:18:25.898258,completed
7731,1434,8,2026-03-29 19:26:01.743460,completed
7732,4189,8,2026-03-29 10:27:45.846913,cancelled
7733,1637,8,2026-02-20 06:23:00.289839,cancelled
7734,2962,1,2026-03-05 18:31:40.874390,pending
7735,3178,1,2026-01-02 08:20:36.987441,pending
7736,4756,4,2026-04-04 03:16:17.224897,pending
7737,4281,1,2026-04-03 16:45:51.601845,pending
7738,2048,5,2026-02-05 16:40:17.847796,pending
7739,1341,5,2026-01-23 20:32:11.619007,cancelled
7740,4792,4,2026-01-18 05:46:13.989692,pending
7741,1238,1,2026-02-01 07:13:08.662082,cancelled
7742,3153,1,2026-03-22 12:34:44.829696,pending
7743,4228,1,2026-01-03 13:30:04.032674,pending
7744,4592,2,2026-03-27 09:02:09.683339,pending
7745,2246,6,2026-03-16 23:34:49.963812,completed
7746,14,7,2026-01-23 05:33:23.907952,completed
7747,1916,10,2026-02-18 08:11:41.669378,cancelled
7748,2211,6,2026-01-04 07:41:56.015392,completed
7749,3537,9,2026-01-18 20:24:56.505631,completed
7750,3031,5,2026-02-05 21:13:25.974257,completed
7751,3063,9,2026-01-16 20:23:57.824125,completed
7752,3236,2,2026-03-23 23:34:39.994854,cancelled
7753,1043,5,2026-01-27 13:04:58.042716,cancelled
7754,1732,9,2026-01-05 01:35:54.705606,cancelled
7755,3424,10,2026-03-16 08:17:44.279063,completed
7756,245,6,2026-03-23 21:49:27.615935,completed
7757,1940,3,2026-04-03 17:16:39.996449,pending
7758,3068,8,2026-02-01 22:02:35.866987,cancelled
7759,1147,7,2026-03-14 01:59:51.450684,completed
7760,647,7,2026-01-06 17:35:31.119345,completed
7761,2149,2,2026-02-13 01:47:37.307962,completed
7762,3144,7,2026-03-23 12:54:48.737242,cancelled
7763,1849,6,2026-01-27 05:28:15.891606,pending
7764,3985,8,2026-01-09 21:56:40.816903,cancelled
7765,3810,3,2026-03-11 17:38:26.400236,cancelled
7766,2466,3,2026-03-04 10:42:49.766918,pending
7767,4820,1,2026-02-22 17:48:23.229795,cancelled
7768,2579,3,2026-02-01 18:41:01.079514,cancelled
7769,2310,1,2026-03-14 10:12:48.333715,pending
7770,4885,4,2026-04-07 16:09:46.679831,pending
7771,423,2,2026-02-17 17:19:09.705579,cancelled
7772,2030,8,2026-03-15 22:16:00.766182,pending
7773,455,7,2026-03-29 02:17:46.950995,cancelled
7774,4209,7,2026-02-02 08:07:50.886594,completed
7775,1462,6,2026-01-29 07:48:06.824224,cancelled
7776,737,6,2026-02-04 04:43:33.905320,cancelled
7777,1999,4,2026-02-22 01:30:28.778070,pending
7778,1327,6,2026-04-03 01:32:37.656974,cancelled
7779,678,3,2026-01-28 20:26:32.046657,completed
7780,219,3,2026-02-16 04:10:50.768254,pending
7781,2110,2,2026-02-18 01:22:04.747706,completed
7782,2566,2,2026-03-17 14:36:01.022013,cancelled
7783,3276,10,2026-03-20 17:48:48.987128,completed
7784,1170,6,2026-01-31 06:33:14.082464,pending
7785,592,1,2026-02-22 04:30:27.393246,completed
7786,2844,8,2026-01-03 17:17:44.707813,pending
7787,4368,10,2026-03-24 03:32:18.727858,cancelled
7788,4866,8,2026-02-08 15:34:27.614230,completed
7789,3952,3,2026-02-18 23:11:47.447690,completed
7790,2601,2,2026-01-19 22:45:37.303172,completed
7791,1437,5,2026-01-18 07:09:24.363489,pending
7792,1598,8,2026-01-26 14:15:53.176850,cancelled
7793,2829,3,2026-02-05 23:17:43.784050,completed
7794,3533,1,2026-03-03 21:31:52.905036,cancelled
7795,1774,10,2026-01-04 14:36:45.024895,completed
7796,2971,4,2026-01-16 19:02:46.212373,completed
7797,4423,9,2026-02-08 09:39:36.746727,completed
7798,4339,4,2026-02-04 21:14:47.573506,cancelled
7799,1563,6,2026-02-02 02:42:24.051091,cancelled
7800,1298,8,2026-02-04 23:52:30.228244,cancelled
7801,2986,7,2026-03-25 22:41:20.234939,completed
7802,4892,1,2026-03-04 03:11:44.259589,completed
7803,1632,7,2026-03-06 16:24:52.967141,cancelled
7804,1142,7,2026-03-25 20:15:12.881720,cancelled
7805,2782,3,2026-02-28 20:27:35.014584,cancelled
7806,623,7,2026-04-02 06:46:15.783812,pending
7807,858,6,2026-01-02 11:10:21.887673,cancelled
7808,4425,7,2026-02-15 08:12:42.779046,completed
7809,2205,5,2026-02-10 14:40:44.865222,pending
7810,199,9,2026-01-16 10:49:54.024994,pending
7811,4252,9,2026-02-07 04:31:59.802997,cancelled
7812,2117,1,2026-02-23 08:48:05.800870,pending
7813,1802,3,2026-01-24 11:57:50.676200,pending
7814,4735,10,2026-03-19 05:56:43.196450,completed
7815,355,4,2026-01-27 02:16:42.821730,completed
7816,122,4,2026-02-02 06:19:17.681593,pending
7817,3963,9,2026-02-03 19:48:15.160639,cancelled
7818,1568,9,2026-03-03 00:56:47.767565,pending
7819,26,5,2026-02-18 04:31:22.909341,cancelled
7820,1648,4,2026-02-08 08:37:48.131750,pending
7821,543,5,2026-02-04 22:46:31.906001,cancelled
7822,7,8,2026-01-11 08:51:10.908119,cancelled
7823,1852,1,2026-04-03 17:01:57.091892,completed
7824,3793,6,2026-02-09 14:34:00.509022,cancelled
7825,4947,1,2026-02-12 16:30:56.822260,completed
7826,2904,3,2026-03-19 05:19:11.720748,cancelled
7827,4587,4,2026-03-24 18:25:53.649976,completed
7828,677,3,2026-03-29 06:51:24.235201,completed
7829,1104,8,2026-01-07 14:47:15.065871,pending
7830,303,5,2026-02-13 10:31:59.828597,completed
7831,3862,2,2026-01-11 17:28:53.549908,completed
7832,4250,2,2026-02-02 04:38:33.619807,cancelled
7833,2868,3,2026-03-18 07:39:13.884163,completed
7834,4718,5,2026-04-07 10:34:18.670189,completed
7835,568,8,2026-01-04 17:43:50.048977,completed
7836,1111,4,2026-02-09 23:14:49.367533,completed
7837,1491,1,2026-03-24 14:06:58.434389,pending
7838,3542,10,2026-03-11 13:14:38.379984,completed
7839,740,6,2026-01-02 20:02:21.673359,pending
7840,3897,3,2026-02-28 21:45:08.363642,completed
7841,342,5,2026-03-19 02:25:00.831656,completed
7842,3983,7,2026-03-22 08:02:31.398089,pending
7843,596,9,2026-02-27 23:41:07.231524,completed
7844,4578,10,2026-01-29 16:08:18.833073,pending
7845,2840,5,2026-01-03 20:19:42.191005,pending
7846,2663,1,2026-02-23 20:13:11.677313,completed
7847,4779,1,2026-04-06 14:02:29.908791,completed
7848,468,4,2026-01-30 09:40:36.627654,pending
7849,2780,8,2026-03-27 12:02:32.250579,completed
7850,4551,3,2026-03-02 09:09:05.044837,pending
7851,630,7,2026-03-05 11:34:40.953447,completed
7852,719,9,2026-01-17 08:27:39.918060,pending
7853,3804,10,2026-03-14 06:24:38.508797,completed
7854,4485,1,2026-02-23 18:37:09.982743,completed
7855,3046,1,2026-03-29 08:26:44.536143,completed
7856,2558,2,2026-03-19 21:07:45.393064,pending
7857,2006,9,2026-01-06 00:51:27.746026,cancelled
7858,1127,9,2026-02-13 08:45:47.366704,completed
7859,3566,5,2026-02-03 02:06:18.079900,pending
7860,457,9,2026-03-19 21:26:52.680869,cancelled
7861,4737,2,2026-03-14 21:07:49.997511,completed
7862,4132,7,2026-02-17 12:33:52.636772,cancelled
7863,2135,1,2026-01-22 03:02:57.810948,cancelled
7864,3711,2,2026-03-13 12:08:50.264743,cancelled
7865,2873,2,2026-02-06 13:18:08.565729,cancelled
7866,769,1,2026-03-31 01:07:53.419771,completed
7867,1604,4,2026-02-16 03:26:18.770525,pending
7868,3419,4,2026-02-12 06:04:31.139258,cancelled
7869,1953,8,2026-02-04 07:31:49.475193,completed
7870,389,6,2026-01-24 20:18:58.413620,completed
7871,1640,6,2026-03-18 20:01:43.904995,pending
7872,3111,7,2026-03-07 00:09:31.482660,completed
7873,696,4,2026-03-19 18:45:25.747465,cancelled
7874,3900,2,2026-03-10 15:25:30.840204,cancelled
7875,2185,9,2026-03-17 22:46:14.961620,pending
7876,849,6,2026-01-07 19:47:11.889810,pending
7877,3757,5,2026-02-08 03:00:34.624249,pending
7878,2568,1,2026-03-18 17:09:47.309390,pending
7879,372,6,2026-03-27 19:44:49.470912,pending
7880,4579,10,2026-03-31 14:08:51.485275,cancelled
7881,2422,5,2026-01-27 11:04:17.347931,pending
7882,1488,8,2026-04-03 21:21:24.929268,completed
7883,1347,1,2026-01-17 11:17:05.289982,completed
7884,4680,6,2026-02-06 21:16:34.681709,pending
7885,552,8,2026-02-02 04:59:43.328493,cancelled
7886,3533,1,2026-01-22 08:33:26.172529,completed
7887,3649,6,2026-01-05 10:59:44.303194,cancelled
7888,2749,8,2026-02-04 22:46:14.255414,cancelled
7889,2739,9,2026-01-01 08:56:08.950834,pending
7890,2884,8,2026-02-26 17:17:57.593214,cancelled
7891,1451,2,2026-02-10 03:29:22.665586,completed
7892,2657,3,2026-01-27 17:56:12.922949,pending
7893,1507,3,2026-03-24 14:53:21.603317,cancelled
7894,3567,2,2026-01-04 20:55:30.291564,cancelled
7895,2412,2,2026-01-24 06:04:01.394714,pending
7896,597,8,2026-03-27 08:34:30.147435,cancelled
7897,1201,1,2026-02-14 15:47:49.469871,cancelled
7898,1800,1,2026-01-08 01:38:35.232980,completed
7899,4993,9,2026-03-17 12:40:25.341064,completed
7900,375,3,2026-02-24 22:24:53.793153,cancelled
7901,2605,1,2026-02-03 11:31:36.406213,completed
7902,1850,3,2026-03-20 19:47:06.586666,cancelled
7903,4755,3,2026-01-01 14:21:17.515191,cancelled
7904,2252,9,2026-02-16 01:34:57.171237,pending
7905,405,2,2026-01-07 01:19:22.871541,pending
7906,2284,1,2026-02-06 18:33:07.861803,completed
7907,4112,8,2026-01-28 02:42:41.435795,completed
7908,3073,1,2026-02-11 14:35:28.393699,completed
7909,673,7,2026-03-17 11:32:00.906378,cancelled
7910,127,1,2026-03-19 06:19:53.008045,pending
7911,897,3,2026-02-14 13:21:32.449311,completed
7912,3094,8,2026-02-07 17:20:28.524141,completed
7913,914,6,2026-03-28 09:19:18.103209,cancelled
7914,4895,9,2026-03-26 04:38:01.924444,cancelled
7915,3673,3,2026-03-22 02:03:48.387784,cancelled
7916,668,3,2026-01-27 17:30:35.258437,cancelled
7917,770,5,2026-03-03 12:03:51.853955,pending
7918,848,1,2026-03-20 08:56:01.146313,pending
7919,2846,10,2026-02-12 12:46:30.004193,pending
7920,883,10,2026-01-01 03:19:47.156014,cancelled
7921,4197,2,2026-01-09 05:44:17.280219,pending
7922,3457,4,2026-03-15 23:14:43.736558,pending
7923,1845,6,2026-01-25 08:38:34.753629,completed
7924,76,4,2026-03-09 02:28:11.850791,pending
7925,1542,10,2026-03-13 01:55:03.721341,pending
7926,3058,6,2026-01-13 00:57:58.697228,pending
7927,3085,9,2026-02-06 17:03:30.233227,pending
7928,3215,10,2026-04-01 19:08:05.944171,completed
7929,2950,3,2026-01-30 07:46:30.955446,pending
7930,641,8,2026-02-19 14:59:19.339099,cancelled
7931,1089,5,2026-03-23 02:46:01.812977,pending
7932,3903,4,2026-01-25 13:29:49.631915,cancelled
7933,1743,1,2026-03-15 02:56:30.183683,cancelled
7934,1076,1,2026-03-05 23:51:54.504854,cancelled
7935,1429,3,2026-01-26 01:04:16.280399,cancelled
7936,3583,10,2026-02-26 08:26:04.815260,cancelled
7937,3546,9,2026-02-08 09:56:19.613071,completed
7938,1968,9,2026-01-04 15:47:30.906240,cancelled
7939,1303,5,2026-02-06 01:35:10.239810,pending
7940,1694,7,2026-03-27 01:25:19.977886,completed
7941,3404,7,2026-01-16 02:59:55.903361,completed
7942,979,4,2026-04-03 17:18:01.234319,completed
7943,4707,2,2026-01-12 16:39:30.741584,pending
7944,1022,7,2026-01-29 15:20:17.664685,completed
7945,205,8,2026-02-16 21:38:54.832313,cancelled
7946,3151,5,2026-03-18 18:05:58.397859,completed
7947,1001,1,2026-02-21 16:28:30.160324,pending
7948,225,2,2026-02-14 17:30:09.019966,completed
7949,1367,7,2026-02-19 17:04:51.014971,pending
7950,4424,4,2026-02-21 12:00:32.890292,pending
7951,4226,3,2026-02-20 10:35:11.506561,pending
7952,3703,7,2026-01-03 11:23:50.853395,pending
7953,3407,8,2026-01-20 07:32:33.355412,completed
7954,195,1,2026-02-03 00:20:00.587293,completed
7955,3044,5,2026-02-15 21:17:03.299604,pending
7956,724,5,2026-01-21 14:16:07.708518,completed
7957,2114,10,2026-03-17 12:32:29.989483,pending
7958,2751,10,2026-02-12 21:40:13.204268,completed
7959,3476,4,2026-03-13 00:46:14.123580,completed
7960,3320,5,2026-04-01 18:00:39.657547,completed
7961,1203,10,2026-03-23 05:36:27.540969,completed
7962,1368,7,2026-03-14 00:39:33.568491,completed
7963,4298,10,2026-01-01 12:45:58.288820,cancelled
7964,1998,5,2026-02-21 06:44:49.739367,completed
7965,1865,1,2026-03-17 19:49:44.989261,cancelled
7966,1608,9,2026-02-19 03:56:03.975063,pending
7967,1206,4,2026-02-21 03:05:29.258215,pending
7968,3328,3,2026-03-17 19:04:43.280901,cancelled
7969,4374,3,2026-01-29 14:15:23.487996,completed
7970,2746,9,2026-03-25 22:29:54.822776,pending
7971,1323,7,2026-02-21 05:09:30.803782,completed
7972,3167,3,2026-03-30 21:56:27.469404,cancelled
7973,4589,8,2026-01-15 00:56:14.704994,pending
7974,1723,6,2026-01-05 00:29:11.995390,pending
7975,4157,1,2026-01-05 16:10:01.574058,completed
7976,1140,4,2026-01-15 06:36:36.783082,pending
7977,3374,5,2026-03-27 21:36:45.548861,cancelled
7978,3404,9,2026-02-28 04:59:43.177703,cancelled
7979,363,8,2026-03-18 20:13:36.919141,completed
7980,1638,8,2026-02-28 23:08:17.385227,cancelled
7981,1994,8,2026-02-01 22:11:12.509469,cancelled
7982,4722,4,2026-03-13 18:47:43.879473,pending
7983,350,7,2026-03-10 21:27:17.087692,pending
7984,2698,9,2026-01-01 02:04:54.834694,pending
7985,3306,6,2026-03-27 11:04:17.420923,cancelled
7986,174,2,2026-01-06 07:10:28.951966,completed
7987,3486,2,2026-02-24 20:54:44.999011,cancelled
7988,2683,4,2026-01-05 21:30:05.793750,completed
7989,1224,2,2026-02-03 00:27:22.761835,completed
7990,1583,10,2026-01-21 04:36:29.654801,completed
7991,1101,6,2026-02-06 05:01:58.291704,cancelled
7992,3344,3,2026-03-24 05:22:11.974339,pending
7993,888,2,2026-03-24 19:31:58.626749,completed
7994,1961,9,2026-02-11 07:32:33.787630,pending
7995,1904,10,2026-02-11 00:07:21.831391,cancelled
7996,3882,2,2026-02-26 22:14:46.003218,cancelled
7997,928,7,2026-03-21 13:21:20.881757,cancelled
7998,3793,7,2026-02-27 07:44:07.069088,pending
7999,3804,3,2026-02-13 20:33:24.963338,pending
8000,4964,8,2026-01-11 23:01:15.222069,cancelled
8001,1305,7,2026-02-25 02:28:17.236804,completed
8002,1913,4,2026-03-13 17:20:47.486770,pending
8003,228,7,2026-03-01 22:57:07.639601,pending
8004,2187,6,2026-01-11 11:06:41.329090,completed
8005,3451,3,2026-01-19 07:49:30.636098,cancelled
8006,1870,5,2026-03-15 19:41:03.395336,cancelled
8007,4802,3,2026-02-11 02:30:34.174904,cancelled
8008,3702,9,2026-03-11 13:13:23.625166,cancelled
8009,4148,9,2026-02-11 15:03:28.361776,pending
8010,1239,10,2026-02-18 08:39:43.710846,pending
8011,1482,4,2026-04-03 19:39:26.568766,pending
8012,1324,4,2026-01-28 15:24:07.548506,completed
8013,4045,1,2026-01-10 19:34:43.459341,pending
8014,2008,5,2026-04-01 01:31:47.794498,completed
8015,1718,10,2026-01-14 21:08:24.723892,cancelled
8016,4181,2,2026-03-23 20:51:24.842656,cancelled
8017,1308,1,2026-02-01 22:30:12.749243,completed
8018,1485,5,2026-02-06 13:20:41.966753,cancelled
8019,1412,10,2026-01-10 18:16:03.187630,pending
8020,2286,5,2026-01-31 06:43:21.322253,completed
8021,2869,5,2026-01-06 21:42:24.759650,pending
8022,1553,1,2026-04-01 05:44:00.136146,completed
8023,2456,7,2026-03-29 09:30:30.372501,cancelled
8024,3375,3,2026-02-11 14:42:06.706413,cancelled
8025,3537,6,2026-03-18 00:59:05.147992,cancelled
8026,2418,10,2026-01-14 05:19:12.399464,pending
8027,1746,4,2026-02-17 00:47:06.780801,pending
8028,3945,9,2026-01-11 20:13:13.152173,cancelled
8029,2420,1,2026-02-19 07:09:51.405032,completed
8030,2232,5,2026-03-26 02:47:11.290372,cancelled
8031,2959,10,2026-01-25 18:51:04.529528,pending
8032,147,8,2026-03-14 07:51:59.026688,pending
8033,1650,10,2026-03-02 06:24:02.338320,pending
8034,2341,3,2026-01-30 08:33:48.999664,cancelled
8035,3304,1,2026-03-25 05:27:44.936939,completed
8036,993,10,2026-01-14 08:26:03.179940,cancelled
8037,1146,8,2026-03-27 15:12:51.705841,cancelled
8038,4100,7,2026-01-29 12:51:06.307236,cancelled
8039,305,3,2026-03-31 06:12:10.464796,cancelled
8040,68,10,2026-01-15 02:12:22.202972,pending
8041,4255,3,2026-01-10 23:52:18.159714,completed
8042,849,1,2026-02-19 23:55:56.923903,pending
8043,1065,6,2026-03-30 12:36:52.404881,cancelled
8044,2037,6,2026-01-12 22:26:04.051602,completed
8045,4660,9,2026-03-11 05:17:31.011132,pending
8046,1634,5,2026-03-07 19:19:34.221592,pending
8047,3428,3,2026-01-19 07:29:48.582785,pending
8048,78,1,2026-03-17 07:52:40.299008,pending
8049,775,3,2026-04-01 04:55:23.991464,cancelled
8050,1090,6,2026-03-22 04:14:37.892723,completed
8051,2131,6,2026-02-01 18:18:02.019892,completed
8052,1480,1,2026-01-17 17:07:41.786587,pending
8053,929,6,2026-02-24 10:33:13.454395,completed
8054,2447,6,2026-01-28 18:31:08.213929,completed
8055,2620,6,2026-02-02 01:42:50.946002,pending
8056,4582,1,2026-03-09 17:45:48.672581,completed
8057,2718,7,2026-02-25 10:18:24.810054,pending
8058,1683,5,2026-01-21 00:25:25.595046,completed
8059,1309,9,2026-01-05 15:21:19.482305,cancelled
8060,1104,5,2026-03-05 23:00:34.871774,completed
8061,475,2,2026-03-02 08:41:08.754704,pending
8062,4266,9,2026-02-27 03:22:40.394609,cancelled
8063,3902,2,2026-02-24 07:30:07.761388,completed
8064,964,1,2026-01-25 11:46:02.051934,cancelled
8065,799,1,2026-03-26 13:48:42.009615,cancelled
8066,164,2,2026-02-08 01:07:33.808884,cancelled
8067,3924,2,2026-03-20 19:29:00.174736,completed
8068,3389,5,2026-01-24 20:43:49.279589,cancelled
8069,4124,5,2026-03-01 07:33:49.244731,completed
8070,2805,8,2026-04-03 14:59:26.094223,pending
8071,1924,5,2026-04-06 10:05:57.986242,cancelled
8072,2227,2,2026-03-19 16:09:56.875849,cancelled
8073,333,9,2026-01-14 17:12:07.925883,pending
8074,3534,1,2026-02-12 12:24:16.651533,completed
8075,2406,10,2026-01-01 10:58:32.853733,cancelled
8076,1064,6,2026-01-11 18:29:53.053994,completed
8077,3360,10,2026-01-14 14:40:40.159636,completed
8078,96,3,2026-01-13 19:23:26.672771,completed
8079,3754,5,2026-01-02 16:15:40.298543,completed
8080,418,9,2026-01-16 22:42:00.922216,cancelled
8081,2542,5,2026-02-18 12:34:02.830840,pending
8082,1679,2,2026-02-08 20:39:45.086059,completed
8083,4158,2,2026-03-29 00:39:54.326586,cancelled
8084,1887,7,2026-03-18 15:02:53.264747,completed
8085,792,4,2026-01-15 15:31:27.928773,pending
8086,3910,7,2026-01-25 08:42:08.155810,completed
8087,62,1,2026-01-09 19:53:35.179401,completed
8088,1869,1,2026-02-05 11:50:45.660525,cancelled
8089,1591,4,2026-01-26 07:52:31.419130,cancelled
8090,313,6,2026-03-19 16:54:52.688479,pending
8091,2263,4,2026-02-01 20:02:49.431921,cancelled
8092,899,6,2026-03-27 06:15:23.266721,pending
8093,4924,3,2026-01-31 05:04:56.569391,cancelled
8094,3728,1,2026-03-13 04:54:38.086647,completed
8095,3679,10,2026-01-08 12:43:44.145054,pending
8096,1255,5,2026-02-27 01:09:38.843725,completed
8097,3025,10,2026-01-14 00:04:33.085930,completed
8098,2606,1,2026-01-10 22:23:15.197920,completed
8099,2806,5,2026-03-09 17:41:01.485933,cancelled
8100,4378,8,2026-02-13 03:12:02.228405,completed
8101,3860,5,2026-03-05 14:18:43.093967,completed
8102,1532,7,2026-04-05 08:03:27.158655,pending
8103,3765,4,2026-02-07 12:02:02.583208,cancelled
8104,1800,1,2026-03-20 22:00:55.415324,pending
8105,234,5,2026-02-28 10:09:59.134888,pending
8106,2280,9,2026-04-06 11:43:53.035029,pending
8107,4132,8,2026-01-01 03:22:01.846342,completed
8108,2495,8,2026-01-02 04:25:45.290972,completed
8109,1741,3,2026-01-21 23:55:32.750412,cancelled
8110,2435,5,2026-02-04 16:56:16.058253,pending
8111,3820,7,2026-03-28 10:14:05.754006,pending
8112,3658,1,2026-02-04 23:55:26.024216,pending
8113,158,7,2026-03-09 13:46:00.591501,cancelled
8114,4593,9,2026-01-21 02:05:49.737885,completed
8115,734,10,2026-03-07 18:17:21.352619,completed
8116,3728,10,2026-04-05 15:18:26.722642,completed
8117,1087,10,2026-03-06 20:25:14.690892,cancelled
8118,2258,7,2026-03-15 05:03:00.530533,pending
8119,4695,1,2026-01-06 21:38:00.247293,cancelled
8120,2852,6,2026-01-17 06:47:27.633118,completed
8121,2264,3,2026-01-07 21:05:18.769149,cancelled
8122,161,3,2026-03-21 18:14:54.213139,completed
8123,4333,3,2026-01-06 23:02:57.412610,cancelled
8124,2964,7,2026-02-15 10:41:19.975497,pending
8125,2564,4,2026-02-17 11:53:07.487160,pending
8126,2216,6,2026-01-08 10:40:09.196767,completed
8127,1475,10,2026-02-08 17:31:15.748539,pending
8128,96,2,2026-03-16 05:47:53.639196,pending
8129,4778,4,2026-02-25 02:27:37.242286,pending
8130,4105,2,2026-02-22 14:34:24.919103,cancelled
8131,346,4,2026-03-29 20:11:19.180125,completed
8132,4647,4,2026-03-28 11:05:47.997411,completed
8133,3158,3,2026-01-04 00:06:36.365861,completed
8134,4820,2,2026-02-13 01:50:45.236222,pending
8135,2265,9,2026-03-12 14:32:00.421550,completed
8136,109,4,2026-03-21 22:54:39.836746,pending
8137,1991,5,2026-03-01 05:52:55.580667,pending
8138,4674,1,2026-03-13 15:21:16.061300,completed
8139,4327,2,2026-03-06 15:45:14.708339,pending
8140,1813,7,2026-03-12 01:51:26.475678,pending
8141,1781,7,2026-01-05 09:33:58.730629,completed
8142,3823,2,2026-01-30 18:47:21.121022,completed
8143,1025,4,2026-02-22 03:31:04.194166,cancelled
8144,1903,10,2026-02-19 18:56:25.996858,completed
8145,3663,6,2026-02-14 10:58:37.413058,completed
8146,1008,4,2026-03-27 04:41:44.011830,completed
8147,2432,10,2026-01-28 09:25:44.490327,pending
8148,498,10,2026-02-18 20:42:52.384503,cancelled
8149,4788,3,2026-03-23 07:38:23.662315,completed
8150,562,7,2026-01-16 17:01:45.626260,cancelled
8151,3111,4,2026-03-26 01:29:24.785150,cancelled
8152,2884,4,2026-02-24 17:01:29.768553,cancelled
8153,1513,6,2026-04-05 22:13:13.851833,completed
8154,2505,7,2026-01-19 09:02:33.012481,pending
8155,3753,10,2026-03-26 01:05:52.958524,pending
8156,926,6,2026-01-27 20:17:49.433581,cancelled
8157,3348,3,2026-03-10 20:42:49.965491,completed
8158,3046,1,2026-01-20 10:56:53.246047,pending
8159,3006,1,2026-01-31 08:39:00.258829,cancelled
8160,4627,3,2026-02-19 14:48:40.643869,cancelled
8161,3623,7,2026-03-24 17:55:13.337113,cancelled
8162,2283,7,2026-02-08 08:35:21.660048,pending
8163,42,2,2026-02-09 02:06:22.858371,cancelled
8164,555,9,2026-02-04 00:02:47.109540,completed
8165,807,3,2026-04-04 09:17:11.224050,pending
8166,1546,6,2026-01-05 03:03:30.613387,pending
8167,1776,10,2026-04-06 04:35:07.354300,completed
8168,4375,3,2026-03-11 14:48:55.108931,pending
8169,2469,5,2026-01-15 21:37:35.993594,completed
8170,219,2,2026-01-28 08:31:12.798985,completed
8171,439,8,2026-03-19 09:36:29.225491,cancelled
8172,1222,1,2026-01-09 01:29:26.888170,pending
8173,1697,6,2026-03-24 11:09:45.311857,completed
8174,4055,1,2026-01-17 17:33:10.806135,completed
8175,4184,10,2026-03-23 20:02:19.826745,pending
8176,1433,3,2026-02-14 16:42:46.418956,pending
8177,4550,3,2026-03-04 02:12:12.537439,completed
8178,1204,5,2026-03-07 07:43:08.664806,cancelled
8179,692,8,2026-01-20 18:06:34.756335,completed
8180,1555,4,2026-03-04 02:53:53.686834,completed
8181,693,7,2026-03-04 11:18:50.587690,cancelled
8182,1656,7,2026-03-27 11:55:32.634946,completed
8183,4527,9,2026-01-20 08:18:25.084605,completed
8184,317,6,2026-01-24 00:45:50.495798,pending
8185,3041,3,2026-03-30 11:44:51.513851,cancelled
8186,3741,7,2026-01-25 19:28:11.685928,pending
8187,3924,2,2026-03-31 02:20:23.214565,pending
8188,353,9,2026-03-09 13:19:51.699291,completed
8189,4648,10,2026-03-03 01:24:51.523137,cancelled
8190,4427,7,2026-04-06 15:02:48.667119,pending
8191,3039,7,2026-03-12 20:13:16.716715,cancelled
8192,3726,7,2026-02-09 08:32:48.662585,completed
8193,3473,6,2026-03-28 07:48:26.243644,cancelled
8194,4630,3,2026-01-01 17:06:26.227847,cancelled
8195,2287,7,2026-04-07 04:02:40.538145,cancelled
8196,2019,6,2026-01-12 13:04:36.746274,pending
8197,836,1,2026-03-31 18:49:02.921046,pending
8198,4972,10,2026-02-04 15:28:53.827304,completed
8199,913,9,2026-02-07 07:55:17.968046,completed
8200,678,10,2026-03-07 08:20:10.795514,cancelled
8201,3723,1,2026-01-05 21:48:12.106247,pending
8202,4002,7,2026-01-22 12:33:16.464809,completed
8203,2445,1,2026-03-07 20:34:05.992574,cancelled
8204,2584,7,2026-03-26 07:25:16.513241,cancelled
8205,1911,2,2026-01-08 05:13:23.697141,pending
8206,3534,5,2026-03-14 11:10:15.502899,completed
8207,3630,7,2026-01-17 22:24:28.347631,cancelled
8208,4356,7,2026-01-30 08:01:57.571573,cancelled
8209,2389,2,2026-02-06 02:27:01.112681,completed
8210,3770,5,2026-02-11 04:02:08.135435,cancelled
8211,4384,9,2026-04-04 22:08:44.506724,completed
8212,4667,1,2026-03-20 04:37:49.091490,completed
8213,2680,10,2026-02-20 20:29:59.771487,pending
8214,3377,4,2026-02-12 10:22:45.459674,completed
8215,563,9,2026-03-26 07:26:24.797320,completed
8216,2325,4,2026-03-04 18:17:43.160031,cancelled
8217,512,2,2026-02-25 14:16:56.588748,cancelled
8218,2593,5,2026-03-08 07:11:20.352447,pending
8219,1137,7,2026-03-19 16:37:05.393002,pending
8220,3097,2,2026-02-04 06:08:39.061615,pending
8221,1117,3,2026-03-15 08:10:29.499964,cancelled
8222,3218,6,2026-01-30 00:24:23.032509,cancelled
8223,863,8,2026-01-10 23:00:31.898264,cancelled
8224,489,2,2026-01-03 19:37:36.393201,completed
8225,1766,2,2026-02-18 06:03:20.029264,pending
8226,3992,6,2026-01-17 02:43:08.304786,completed
8227,4102,6,2026-01-11 03:12:02.129597,completed
8228,2352,10,2026-02-20 22:59:34.140157,cancelled
8229,213,10,2026-01-31 03:42:49.916704,cancelled
8230,3600,7,2026-02-18 13:08:40.258283,cancelled
8231,1274,3,2026-03-11 23:28:34.195982,pending
8232,3459,7,2026-01-16 23:02:27.668808,completed
8233,3662,10,2026-01-23 19:55:35.532344,pending
8234,176,7,2026-04-07 01:13:24.104346,pending
8235,3441,10,2026-01-04 14:40:27.915421,pending
8236,4158,6,2026-01-05 16:31:44.446187,completed
8237,1062,3,2026-01-19 01:03:34.317141,completed
8238,446,10,2026-01-04 12:11:03.328712,pending
8239,3120,4,2026-03-28 13:54:57.590693,pending
8240,4638,9,2026-03-07 20:20:10.180209,pending
8241,4865,4,2026-01-20 20:19:30.052604,pending
8242,2782,1,2026-02-02 07:45:17.079574,completed
8243,3150,2,2026-03-30 21:56:27.851320,cancelled
8244,1684,10,2026-02-16 16:53:53.560349,pending
8245,3113,6,2026-03-27 17:36:55.341560,cancelled
8246,1502,3,2026-01-07 11:56:43.919657,cancelled
8247,526,5,2026-03-26 15:47:03.418522,pending
8248,383,7,2026-01-26 17:43:02.373509,cancelled
8249,3296,10,2026-01-10 03:35:46.295794,cancelled
8250,3741,4,2026-02-25 00:30:41.907306,completed
8251,1599,1,2026-03-01 19:53:56.122708,completed
8252,3606,7,2026-03-26 01:21:54.607735,cancelled
8253,3875,6,2026-01-12 01:32:48.908350,pending
8254,2613,3,2026-02-21 09:22:43.174928,pending
8255,2017,1,2026-02-16 18:47:31.065559,completed
8256,3513,4,2026-01-04 16:18:03.778308,cancelled
8257,2454,2,2026-02-11 03:18:39.815333,cancelled
8258,3975,2,2026-02-25 11:10:48.418254,pending
8259,3210,3,2026-03-12 23:07:29.068780,pending
8260,3766,8,2026-01-19 11:30:34.530429,completed
8261,2206,10,2026-01-22 21:01:47.783413,cancelled
8262,392,7,2026-03-10 03:37:03.378010,completed
8263,4189,5,2026-03-22 04:23:06.184535,completed
8264,4709,6,2026-02-03 17:49:37.943804,cancelled
8265,678,3,2026-01-03 14:45:04.240107,pending
8266,1794,1,2026-01-23 16:20:45.038039,cancelled
8267,1395,10,2026-03-10 16:55:33.774536,pending
8268,1217,3,2026-04-04 02:11:05.905559,completed
8269,3133,3,2026-01-03 08:27:39.321704,cancelled
8270,1152,1,2026-03-20 21:03:38.822086,completed
8271,1909,8,2026-03-09 07:23:58.642766,cancelled
8272,694,6,2026-02-02 06:17:35.487972,pending
8273,1330,3,2026-01-07 00:01:26.225004,pending
8274,1778,4,2026-03-04 19:15:58.587864,completed
8275,2446,1,2026-02-17 01:13:25.157160,completed
8276,3119,6,2026-01-18 21:09:18.535821,cancelled
8277,3906,7,2026-03-28 12:49:45.983367,pending
8278,2546,1,2026-01-07 23:00:48.924079,completed
8279,1297,1,2026-04-04 20:19:43.368464,cancelled
8280,3752,7,2026-03-18 16:54:49.174674,cancelled
8281,2704,5,2026-01-12 17:51:18.770995,cancelled
8282,293,4,2026-03-09 10:14:12.778954,completed
8283,1454,9,2026-02-17 23:37:01.453061,cancelled
8284,4620,9,2026-02-18 01:43:17.623620,cancelled
8285,4742,1,2026-02-06 13:53:37.650592,pending
8286,4465,9,2026-01-17 20:26:08.473515,completed
8287,3827,1,2026-02-20 03:58:10.361886,pending
8288,917,9,2026-01-09 00:00:08.089303,cancelled
8289,3891,6,2026-03-28 05:20:21.724928,pending
8290,1460,5,2026-01-28 17:29:36.221284,cancelled
8291,3367,4,2026-03-23 16:13:48.068458,completed
8292,2448,2,2026-03-14 18:14:36.137986,pending
8293,3295,10,2026-04-04 05:00:51.791549,pending
8294,801,2,2026-01-19 00:03:07.403090,pending
8295,15,6,2026-02-21 22:34:59.264959,cancelled
8296,3106,1,2026-03-15 03:31:53.164085,completed
8297,1484,10,2026-01-18 14:25:04.263813,pending
8298,1573,3,2026-01-17 17:12:11.874572,completed
8299,1677,3,2026-03-01 06:22:07.702410,pending
8300,1576,3,2026-02-12 12:23:17.309369,completed
8301,1313,9,2026-04-05 17:33:53.919093,pending
8302,4196,9,2026-02-09 02:06:07.166862,cancelled
8303,1109,10,2026-03-22 12:08:56.029444,pending
8304,1630,10,2026-01-31 05:32:41.091208,completed
8305,238,7,2026-01-05 20:50:32.504178,completed
8306,1101,5,2026-03-20 19:24:49.725350,cancelled
8307,3799,2,2026-03-29 19:38:39.706912,cancelled
8308,842,2,2026-03-10 01:47:15.762624,cancelled
8309,2651,6,2026-03-03 03:12:46.927102,pending
8310,2428,2,2026-03-20 13:44:41.330345,cancelled
8311,2141,6,2026-01-01 14:17:27.508272,cancelled
8312,3005,9,2026-03-27 02:01:26.677646,pending
8313,3887,9,2026-03-11 12:36:18.521610,cancelled
8314,452,3,2026-01-17 06:33:31.883409,completed
8315,3009,6,2026-02-04 20:24:33.226465,pending
8316,1134,6,2026-04-06 00:57:55.815468,cancelled
8317,4013,6,2026-03-15 21:05:31.718044,completed
8318,2791,6,2026-01-27 18:58:24.820978,completed
8319,4575,4,2026-01-18 07:01:39.652355,pending
8320,1773,5,2026-01-14 10:05:29.849890,completed
8321,3163,9,2026-04-07 11:07:01.486302,cancelled
8322,2677,6,2026-02-15 21:14:32.062794,completed
8323,878,3,2026-02-22 13:30:52.916201,pending
8324,1146,5,2026-02-15 04:23:09.024322,cancelled
8325,60,8,2026-03-19 13:45:28.208171,completed
8326,2567,4,2026-01-01 06:35:06.689464,cancelled
8327,2266,4,2026-02-11 16:45:19.976790,completed
8328,2692,3,2026-01-17 18:41:59.037185,pending
8329,1788,9,2026-03-16 20:18:05.940742,completed
8330,783,9,2026-03-16 20:45:31.427237,cancelled
8331,3004,2,2026-03-17 01:18:02.272341,pending
8332,2084,4,2026-04-01 22:36:45.783426,pending
8333,3028,4,2026-03-21 12:03:15.974502,cancelled
8334,4411,7,2026-01-13 11:35:38.507443,cancelled
8335,22,6,2026-01-18 21:22:06.141543,cancelled
8336,4790,2,2026-03-17 18:13:56.519683,completed
8337,3330,4,2026-01-19 02:08:55.384456,cancelled
8338,3102,8,2026-02-25 13:40:25.496503,cancelled
8339,4934,4,2026-01-28 00:58:18.353716,pending
8340,387,7,2026-03-26 21:12:11.182380,completed
8341,4504,10,2026-01-08 23:25:48.123807,pending
8342,2471,5,2026-03-03 12:31:53.878433,cancelled
8343,3638,4,2026-02-20 22:10:24.334048,pending
8344,4358,7,2026-01-05 09:16:10.212321,cancelled
8345,4648,4,2026-02-01 01:50:53.858069,completed
8346,3125,1,2026-03-23 15:36:57.962476,completed
8347,324,8,2026-02-22 02:58:50.658882,completed
8348,3604,9,2026-01-05 03:59:15.430795,cancelled
8349,2736,3,2026-01-11 21:31:10.112258,pending
8350,4930,4,2026-03-22 12:18:11.616556,completed
8351,1982,3,2026-01-31 16:41:33.287632,pending
8352,1722,3,2026-03-13 05:24:49.374827,cancelled
8353,1213,5,2026-03-24 00:50:43.847492,cancelled
8354,4129,10,2026-01-14 17:29:51.808542,pending
8355,1143,8,2026-01-13 00:27:35.837067,cancelled
8356,4636,7,2026-01-06 06:27:58.393918,cancelled
8357,1967,3,2026-02-13 02:51:35.573427,pending
8358,655,5,2026-03-27 22:28:11.806462,pending
8359,28,8,2026-03-19 15:00:45.222440,pending
8360,4403,2,2026-01-15 11:15:14.458200,completed
8361,2065,1,2026-01-15 17:59:42.191525,completed
8362,4556,5,2026-01-23 01:31:28.357900,completed
8363,900,6,2026-03-10 09:03:02.267289,pending
8364,2496,2,2026-01-03 09:00:39.677275,completed
8365,1820,2,2026-02-16 02:52:04.680801,cancelled
8366,202,2,2026-03-31 19:53:34.521597,cancelled
8367,1444,10,2026-02-13 02:44:45.695473,cancelled
8368,3664,6,2026-03-02 18:55:14.885383,cancelled
8369,1057,6,2026-03-11 00:19:18.671972,completed
8370,340,1,2026-02-01 01:23:49.161442,cancelled
8371,3268,2,2026-02-26 06:14:48.384818,cancelled
8372,2000,3,2026-03-20 12:53:47.620074,completed
8373,1893,3,2026-02-27 22:19:21.976019,cancelled
8374,4279,9,2026-01-28 23:38:57.034704,completed
8375,3300,2,2026-01-20 13:08:51.382835,pending
8376,4382,1,2026-02-12 12:22:03.007638,cancelled
8377,550,10,2026-03-12 21:44:01.054386,pending
8378,4733,4,2026-01-28 12:20:17.555493,completed
8379,1539,7,2026-01-08 08:24:20.439575,completed
8380,1405,4,2026-03-23 11:24:24.633664,completed
8381,4707,1,2026-01-03 20:09:00.014714,pending
8382,3821,9,2026-01-29 16:26:49.219548,pending
8383,1401,7,2026-01-28 14:58:21.224236,cancelled
8384,240,2,2026-01-16 12:12:23.454911,cancelled
8385,2131,6,2026-02-08 18:35:06.471123,pending
8386,2628,4,2026-01-09 08:39:13.923148,pending
8387,4355,7,2026-02-25 22:39:28.102510,pending
8388,4689,6,2026-02-15 14:57:32.542818,cancelled
8389,4171,7,2026-02-13 12:44:45.157223,completed
8390,651,5,2026-02-16 16:57:33.605226,pending
8391,4675,5,2026-03-11 09:14:23.465633,pending
8392,1982,3,2026-03-03 17:46:20.553348,cancelled
8393,3527,10,2026-02-02 07:11:55.232043,pending
8394,3190,3,2026-02-21 12:05:57.856753,pending
8395,373,7,2026-01-17 03:21:52.592892,pending
8396,3742,8,2026-02-12 06:47:43.196344,pending
8397,4986,3,2026-03-03 21:19:20.681784,cancelled
8398,757,7,2026-03-08 13:47:17.361212,completed
8399,1465,4,2026-03-23 04:21:08.940296,completed
8400,2702,10,2026-01-11 14:55:30.951844,cancelled
8401,4110,7,2026-03-23 02:35:36.771526,pending
8402,2894,7,2026-02-21 09:56:07.305838,cancelled
8403,2511,8,2026-02-27 18:29:16.304012,pending
8404,3961,9,2026-01-07 08:44:15.544013,pending
8405,948,10,2026-03-24 13:18:51.184988,cancelled
8406,1413,10,2026-01-03 13:24:25.436306,completed
8407,2179,2,2026-01-02 18:59:04.164520,pending
8408,3340,2,2026-01-24 17:25:51.509504,cancelled
8409,1925,6,2026-01-31 07:28:57.865863,pending
8410,2111,6,2026-01-13 10:51:52.930655,cancelled
8411,1268,3,2026-03-13 08:03:24.016481,completed
8412,695,4,2026-03-17 18:59:14.753442,completed
8413,2573,8,2026-03-17 11:01:23.465737,completed
8414,411,10,2026-03-23 18:01:32.173554,cancelled
8415,828,10,2026-01-06 18:24:46.077485,completed
8416,1464,9,2026-01-19 03:36:00.872854,completed
8417,624,1,2026-02-05 22:46:22.203909,cancelled
8418,2196,1,2026-01-12 01:52:04.803679,pending
8419,1047,10,2026-03-10 02:44:04.098044,completed
8420,2016,7,2026-03-28 01:31:10.721488,completed
8421,2385,3,2026-01-18 13:26:17.837156,cancelled
8422,365,3,2026-02-16 14:33:56.821826,cancelled
8423,1679,5,2026-03-10 21:34:56.132962,completed
8424,1214,8,2026-02-13 01:35:33.334561,pending
8425,4412,4,2026-01-30 02:07:30.845849,completed
8426,4405,2,2026-01-19 08:00:59.522236,completed
8427,1725,7,2026-02-20 18:54:35.647018,completed
8428,4765,4,2026-01-10 09:10:47.754018,completed
8429,4312,5,2026-01-24 12:45:46.431478,completed
8430,3113,6,2026-02-14 14:10:28.043242,pending
8431,1907,4,2026-02-05 16:49:58.762243,completed
8432,2872,7,2026-02-08 00:29:48.833931,pending
8433,1010,4,2026-02-05 08:37:57.748870,pending
8434,73,10,2026-02-15 23:51:59.516527,cancelled
8435,3031,1,2026-02-11 14:18:54.668568,completed
8436,906,10,2026-03-15 19:37:58.545078,completed
8437,3937,1,2026-02-22 02:04:59.480643,cancelled
8438,4423,8,2026-02-06 21:09:44.227771,cancelled
8439,4284,9,2026-03-10 23:55:22.744400,pending
8440,3148,8,2026-03-11 07:42:01.123623,pending
8441,2456,4,2026-03-04 13:33:27.667171,completed
8442,2594,8,2026-01-04 18:59:48.092017,completed
8443,1748,1,2026-01-11 03:45:17.394755,completed
8444,261,8,2026-01-20 04:44:28.519558,completed
8445,4588,8,2026-02-14 10:04:11.909363,pending
8446,1879,7,2026-04-02 19:17:31.924868,pending
8447,3981,2,2026-03-12 16:27:06.458887,completed
8448,4235,9,2026-01-07 00:45:23.655568,cancelled
8449,2066,7,2026-03-09 10:11:03.117150,completed
8450,4848,6,2026-01-31 09:58:59.213875,completed
8451,4517,8,2026-02-09 21:18:23.040882,pending
8452,1622,5,2026-02-23 13:18:28.299648,completed
8453,3533,3,2026-02-26 00:55:00.011406,pending
8454,1375,5,2026-02-02 19:48:25.784229,cancelled
8455,1431,5,2026-03-21 04:32:17.709736,cancelled
8456,3113,1,2026-02-17 12:34:33.756082,pending
8457,4834,4,2026-03-16 15:07:02.903688,cancelled
8458,369,3,2026-03-25 21:42:13.632968,completed
8459,1595,5,2026-02-15 21:02:24.059268,pending
8460,47,8,2026-02-14 11:47:14.867809,cancelled
8461,1300,2,2026-01-09 20:53:43.897425,completed
8462,1744,5,2026-01-22 17:21:56.806575,pending
8463,4961,4,2026-02-15 07:29:06.018327,completed
8464,961,10,2026-02-03 18:22:03.375055,pending
8465,1678,5,2026-01-11 02:36:21.292996,cancelled
8466,4068,9,2026-01-05 07:15:10.201915,cancelled
8467,936,9,2026-03-27 23:13:52.838497,cancelled
8468,4575,9,2026-02-14 00:22:09.463947,pending
8469,3712,3,2026-02-16 22:34:24.886940,cancelled
8470,4362,5,2026-03-18 03:13:53.656627,pending
8471,1120,9,2026-01-09 08:25:02.544467,cancelled
8472,1637,9,2026-01-18 18:06:20.710155,cancelled
8473,3576,4,2026-04-01 16:08:26.357955,pending
8474,2887,9,2026-03-13 17:34:21.408438,pending
8475,1466,8,2026-01-01 15:43:59.165102,completed
8476,3481,3,2026-03-01 18:27:37.482589,pending
8477,2425,4,2026-01-29 20:09:38.775627,cancelled
8478,25,8,2026-01-31 02:23:35.495330,cancelled
8479,4050,4,2026-02-14 14:59:14.597656,pending
8480,553,2,2026-03-13 17:03:28.717640,pending
8481,4986,1,2026-01-05 11:02:26.561513,pending
8482,3682,1,2026-01-19 11:29:12.050497,completed
8483,4715,10,2026-03-28 07:38:14.421737,completed
8484,2283,9,2026-01-21 10:17:03.026190,pending
8485,2132,10,2026-03-13 01:50:03.075835,pending
8486,1947,6,2026-01-31 17:58:58.238051,completed
8487,2532,8,2026-03-03 21:21:26.907178,completed
8488,197,10,2026-02-24 04:23:24.759104,completed
8489,2539,3,2026-03-08 19:28:15.360782,completed
8490,2283,1,2026-04-01 13:21:05.577423,cancelled
8491,2467,3,2026-03-26 00:01:02.254377,cancelled
8492,3384,8,2026-01-04 02:42:34.045032,completed
8493,3845,10,2026-01-11 08:50:21.899059,cancelled
8494,4568,6,2026-02-13 11:38:05.951230,cancelled
8495,1800,7,2026-03-23 21:18:06.503611,cancelled
8496,3577,4,2026-02-13 14:47:11.839794,cancelled
8497,2219,8,2026-01-16 07:40:32.029286,completed
8498,1272,2,2026-01-08 01:32:49.124754,pending
8499,3143,4,2026-02-01 15:36:46.553253,completed
8500,3995,6,2026-01-31 03:51:50.570942,completed
8501,1068,5,2026-01-24 21:59:36.125853,cancelled
8502,2361,5,2026-02-21 07:04:07.353907,cancelled
8503,250,10,2026-01-29 02:17:49.372586,completed
8504,3096,3,2026-03-18 19:23:30.374325,pending
8505,2358,5,2026-03-14 22:20:36.513757,completed
8506,4262,4,2026-01-31 21:41:26.550144,pending
8507,2936,5,2026-03-05 20:14:13.566906,cancelled
8508,2825,5,2026-02-08 13:59:52.258149,pending
8509,2095,4,2026-03-02 13:15:32.841354,pending
8510,1738,10,2026-02-14 11:00:30.808428,cancelled
8511,10,4,2026-03-17 11:22:24.935866,pending
8512,1894,1,2026-01-18 00:24:36.015007,completed
8513,2761,6,2026-04-03 15:09:02.065210,pending
8514,2877,4,2026-02-15 19:47:16.602165,cancelled
8515,2667,9,2026-03-11 13:42:39.971419,pending
8516,1140,1,2026-03-03 02:24:28.386147,completed
8517,1769,4,2026-01-08 10:50:58.309990,completed
8518,1460,9,2026-02-14 08:16:15.102412,completed
8519,4123,5,2026-02-07 17:58:51.846421,completed
8520,4881,8,2026-01-29 17:09:31.309659,pending
8521,315,6,2026-01-22 01:55:07.622620,completed
8522,4903,2,2026-02-26 07:27:29.127122,pending
8523,4040,4,2026-03-13 14:31:51.912554,cancelled
8524,3621,6,2026-01-22 11:24:46.950595,pending
8525,2643,9,2026-02-05 07:36:30.439824,cancelled
8526,2713,7,2026-01-05 16:38:22.948437,cancelled
8527,4354,7,2026-01-07 17:04:16.295005,completed
8528,4507,1,2026-03-22 21:23:16.355628,cancelled
8529,3562,1,2026-01-24 19:59:18.676717,pending
8530,824,2,2026-03-22 15:27:37.409012,pending
8531,1316,6,2026-01-22 21:06:20.430493,completed
8532,3781,8,2026-02-04 20:34:00.000485,completed
8533,147,6,2026-01-31 20:11:58.292344,pending
8534,1765,9,2026-03-03 19:32:51.929339,completed
8535,1926,1,2026-01-26 17:44:55.073617,pending
8536,4486,2,2026-01-30 23:22:30.072133,cancelled
8537,2913,4,2026-03-17 19:35:21.491311,pending
8538,3089,3,2026-01-09 00:08:41.916662,completed
8539,3785,8,2026-01-04 19:17:15.704983,completed
8540,4018,2,2026-03-24 06:13:57.267982,cancelled
8541,670,8,2026-02-22 08:07:04.775691,completed
8542,811,8,2026-01-24 08:21:46.837480,cancelled
8543,2689,5,2026-02-18 06:04:21.553661,completed
8544,1276,5,2026-01-06 12:50:39.665615,cancelled
8545,4385,1,2026-01-20 14:15:46.174505,completed
8546,3792,6,2026-03-29 04:28:35.055279,pending
8547,3511,3,2026-02-11 04:21:44.630503,pending
8548,780,5,2026-01-06 15:46:41.702326,completed
8549,1460,2,2026-02-13 04:04:57.165369,completed
8550,1246,4,2026-01-28 18:02:37.253225,pending
8551,457,5,2026-02-22 20:09:55.595732,cancelled
8552,3032,7,2026-03-26 07:35:22.406078,completed
8553,4172,6,2026-03-05 13:03:40.423285,pending
8554,1455,9,2026-03-15 06:02:43.521920,completed
8555,633,2,2026-03-14 03:21:17.075294,cancelled
8556,3527,6,2026-02-03 09:53:35.710018,cancelled
8557,1506,9,2026-01-17 10:16:05.381118,pending
8558,3359,1,2026-03-23 08:02:11.601574,completed
8559,1021,10,2026-01-08 04:30:40.875892,pending
8560,493,7,2026-02-19 23:19:02.173233,completed
8561,4055,7,2026-04-01 15:43:46.097401,cancelled
8562,4833,10,2026-03-06 19:20:17.416245,completed
8563,1339,9,2026-01-02 00:34:53.638121,completed
8564,1820,9,2026-02-01 11:58:41.003828,cancelled
8565,3689,6,2026-03-14 00:15:58.395666,completed
8566,71,10,2026-04-06 10:20:30.456553,pending
8567,2785,7,2026-01-27 20:59:06.597091,completed
8568,348,5,2026-02-14 19:13:50.606133,cancelled
8569,2927,6,2026-03-29 23:37:21.892538,pending
8570,4379,4,2026-03-07 17:36:04.677300,pending
8571,4422,2,2026-01-15 19:27:45.423246,completed
8572,4832,5,2026-03-25 04:21:23.988521,pending
8573,4801,6,2026-01-31 18:58:59.289546,pending
8574,1319,9,2026-02-13 03:13:10.026720,pending
8575,3571,9,2026-02-18 13:39:49.763548,cancelled
8576,595,3,2026-02-16 07:37:18.638390,cancelled
8577,1657,6,2026-02-14 00:30:22.027353,pending
8578,4584,1,2026-03-20 18:51:06.637300,completed
8579,4791,4,2026-01-04 09:35:08.031060,pending
8580,4939,2,2026-02-27 07:43:14.993661,completed
8581,3655,9,2026-02-16 09:40:16.652977,pending
8582,3428,5,2026-01-27 12:22:54.703204,cancelled
8583,4821,6,2026-01-05 01:56:52.069042,cancelled
8584,4312,9,2026-01-24 19:00:55.938132,pending
8585,137,7,2026-02-03 20:51:57.729408,cancelled
8586,4057,1,2026-01-12 18:32:24.072999,completed
8587,1019,4,2026-01-27 07:26:36.293951,cancelled
8588,1121,4,2026-03-29 13:54:45.658638,pending
8589,1840,7,2026-03-27 19:19:40.898715,cancelled
8590,4925,9,2026-01-11 04:33:48.563698,cancelled
8591,621,6,2026-01-28 14:38:13.775848,pending
8592,538,1,2026-03-10 14:34:57.041252,pending
8593,3697,1,2026-01-25 14:46:59.691383,pending
8594,3123,3,2026-02-16 18:26:01.495372,pending
8595,4581,1,2026-03-19 03:55:36.758164,completed
8596,4486,5,2026-03-24 23:29:13.909575,pending
8597,1221,9,2026-03-17 17:21:37.933173,completed
8598,2850,1,2026-02-03 14:48:04.022904,pending
8599,4380,1,2026-02-08 01:54:02.834092,pending
8600,4851,3,2026-03-20 06:07:21.561683,completed
8601,1823,7,2026-01-10 13:38:41.106926,completed
8602,2870,9,2026-02-26 06:42:57.815019,completed
8603,4594,7,2026-02-23 03:54:00.784411,pending
8604,1462,7,2026-03-13 22:17:26.266102,pending
8605,3458,5,2026-01-30 04:38:27.392369,completed
8606,3003,3,2026-02-11 07:12:01.300491,cancelled
8607,3996,10,2026-03-29 21:58:44.493843,completed
8608,4165,5,2026-03-12 06:07:30.829839,completed
8609,3982,8,2026-03-10 12:27:48.477863,cancelled
8610,3812,2,2026-03-23 13:49:13.894828,cancelled
8611,1039,1,2026-01-19 09:58:48.455887,cancelled
8612,515,5,2026-03-24 10:56:34.321292,cancelled
8613,4808,10,2026-03-14 01:15:01.669385,pending
8614,1719,5,2026-04-01 10:19:25.183003,pending
8615,3720,3,2026-04-05 03:31:58.163957,pending
8616,3706,1,2026-02-18 01:17:03.141299,cancelled
8617,4078,1,2026-02-08 05:52:32.867129,completed
8618,2137,9,2026-03-08 02:56:55.010454,pending
8619,3170,4,2026-03-10 09:37:29.998481,pending
8620,4388,2,2026-03-05 05:08:46.496773,pending
8621,2383,2,2026-03-24 03:09:36.728044,pending
8622,99,6,2026-01-05 16:11:46.678453,completed
8623,2210,6,2026-02-02 05:11:46.008446,pending
8624,1316,3,2026-01-26 12:47:54.283918,pending
8625,1899,9,2026-02-23 23:02:22.314704,cancelled
8626,3895,4,2026-03-11 08:16:52.852233,completed
8627,4519,7,2026-02-24 18:41:01.946587,cancelled
8628,4745,1,2026-03-24 11:26:54.618238,completed
8629,2237,1,2026-04-03 06:55:47.545971,cancelled
8630,3276,8,2026-01-07 23:28:38.240753,pending
8631,2740,10,2026-03-17 23:53:28.527368,cancelled
8632,1385,4,2026-01-23 23:47:55.198028,pending
8633,3385,6,2026-01-16 01:39:31.529448,completed
8634,1626,7,2026-01-06 17:04:19.544148,pending
8635,1570,10,2026-03-13 07:58:01.242323,completed
8636,863,7,2026-01-21 16:17:36.462527,completed
8637,2440,3,2026-02-28 02:26:30.359714,pending
8638,421,2,2026-03-11 03:54:31.330130,completed
8639,2879,2,2026-01-10 09:36:41.139669,completed
8640,1985,10,2026-02-22 00:29:49.114743,pending
8641,126,2,2026-03-26 21:54:12.077845,pending
8642,580,3,2026-02-07 05:42:57.873014,pending
8643,3673,5,2026-02-10 21:45:50.446591,cancelled
8644,2139,3,2026-02-20 06:10:36.356666,pending
8645,449,9,2026-01-02 09:30:34.264563,cancelled
8646,3671,5,2026-03-11 05:11:15.404161,pending
8647,2752,2,2026-01-29 08:12:22.368813,completed
8648,4752,7,2026-02-14 04:57:54.245883,cancelled
8649,3864,9,2026-01-28 13:23:36.384711,completed
8650,445,8,2026-02-04 21:27:21.676328,pending
8651,4216,10,2026-02-06 20:05:44.516015,pending
8652,1702,1,2026-03-06 06:12:08.173919,pending
8653,4070,9,2026-02-13 11:37:10.282252,completed
8654,2952,1,2026-01-17 00:25:41.801995,cancelled
8655,3705,5,2026-02-23 00:27:47.993766,pending
8656,3614,2,2026-03-22 14:51:24.171643,completed
8657,1764,1,2026-02-02 12:16:26.768832,pending
8658,1480,3,2026-02-16 03:02:52.563246,cancelled
8659,3101,9,2026-04-02 01:21:02.728957,cancelled
8660,266,4,2026-01-01 17:04:25.600460,completed
8661,832,5,2026-01-24 21:48:34.380646,cancelled
8662,3080,5,2026-01-13 00:21:52.059894,pending
8663,594,8,2026-01-27 17:20:42.696790,pending
8664,3828,9,2026-02-26 10:42:14.602983,pending
8665,2024,8,2026-03-18 20:19:25.738632,cancelled
8666,3915,9,2026-01-15 12:23:13.271019,cancelled
8667,308,10,2026-02-20 15:59:59.808499,completed
8668,884,5,2026-03-09 11:03:42.666979,completed
8669,2288,6,2026-02-12 11:02:25.802064,cancelled
8670,4959,8,2026-01-03 17:46:47.094785,cancelled
8671,4224,4,2026-02-05 04:06:53.515408,pending
8672,177,9,2026-04-02 23:14:33.582813,cancelled
8673,3580,4,2026-01-30 21:26:57.658036,pending
8674,267,3,2026-01-18 12:45:09.407834,completed
8675,2247,1,2026-02-21 11:22:29.242209,completed
8676,1604,5,2026-02-04 09:29:37.700211,completed
8677,3160,9,2026-04-04 14:06:14.336958,completed
8678,4861,5,2026-03-20 10:58:51.020980,cancelled
8679,1800,9,2026-02-13 05:05:12.936977,completed
8680,413,5,2026-01-07 02:39:27.553783,cancelled
8681,4263,5,2026-02-08 03:22:30.063843,pending
8682,660,3,2026-03-01 22:35:20.608251,completed
8683,4679,6,2026-02-09 10:29:57.386327,completed
8684,320,8,2026-03-19 15:52:22.847863,completed
8685,2111,8,2026-01-04 20:07:46.660279,cancelled
8686,3738,7,2026-02-02 09:32:18.778629,completed
8687,336,4,2026-02-05 12:38:24.100413,pending
8688,9,2,2026-01-27 22:38:09.056166,completed
8689,2741,5,2026-03-25 06:16:50.242547,cancelled
8690,90,4,2026-02-01 22:29:36.259872,pending
8691,1506,8,2026-04-02 07:32:43.945419,cancelled
8692,4639,6,2026-03-11 03:45:37.201871,pending
8693,915,9,2026-01-23 18:43:33.905368,completed
8694,4394,4,2026-02-01 08:02:31.749940,pending
8695,229,6,2026-02-02 01:39:52.169724,completed
8696,3966,1,2026-03-27 18:57:20.249997,completed
8697,5,4,2026-01-21 09:23:58.642924,completed
8698,1862,1,2026-02-20 03:06:18.673795,pending
8699,3966,4,2026-04-02 00:06:05.379900,cancelled
8700,4709,8,2026-03-10 15:36:34.135262,completed
8701,1845,5,2026-01-15 10:58:21.932865,cancelled
8702,4763,10,2026-02-16 21:10:50.158910,pending
8703,3277,3,2026-02-13 07:19:58.633493,cancelled
8704,2129,5,2026-03-03 02:15:40.318804,completed
8705,803,4,2026-01-25 23:18:39.689496,pending
8706,174,7,2026-03-20 11:37:44.685035,cancelled
8707,3338,2,2026-03-11 18:48:08.924369,pending
8708,3828,2,2026-01-24 14:13:44.434284,cancelled
8709,1837,8,2026-03-25 02:59:44.479873,pending
8710,2958,1,2026-02-24 18:22:41.999873,completed
8711,306,7,2026-02-25 08:33:37.839510,cancelled
8712,4624,9,2026-02-20 02:17:04.942154,completed
8713,4275,8,2026-04-01 23:52:36.209852,pending
8714,3717,3,2026-02-09 08:01:19.139474,completed
8715,3704,1,2026-03-10 02:29:08.154020,completed
8716,18,2,2026-02-21 20:51:31.139163,pending
8717,1241,5,2026-01-07 18:30:44.936765,completed
8718,3721,10,2026-02-12 16:06:09.339598,cancelled
8719,2424,1,2026-03-03 06:55:07.858127,completed
8720,2425,2,2026-01-01 22:35:33.084045,completed
8721,3669,8,2026-04-04 23:35:04.875402,cancelled
8722,3950,2,2026-03-28 03:28:18.806746,cancelled
8723,797,9,2026-03-17 20:18:29.355961,pending
8724,3213,2,2026-02-22 22:18:59.372398,pending
8725,4880,4,2026-02-03 01:27:28.005905,completed
8726,3088,10,2026-03-12 10:41:53.312937,pending
8727,4387,9,2026-03-15 10:15:27.929718,pending
8728,4190,3,2026-02-12 03:44:08.244229,cancelled
8729,1070,9,2026-01-31 08:47:46.884336,cancelled
8730,3649,7,2026-02-17 06:35:27.279469,pending
8731,2758,10,2026-03-18 23:45:35.203848,pending
8732,3889,4,2026-03-16 03:02:04.590559,completed
8733,3175,4,2026-02-11 11:05:31.772781,cancelled
8734,2496,6,2026-03-26 02:39:13.432534,completed
8735,39,7,2026-03-03 14:49:22.059620,completed
8736,212,8,2026-01-18 06:13:38.700434,completed
8737,530,3,2026-01-11 01:11:35.110539,cancelled
8738,2592,3,2026-03-10 01:50:38.044968,pending
8739,779,3,2026-04-02 17:41:10.833683,completed
8740,4503,3,2026-02-03 01:56:46.016916,pending
8741,4589,7,2026-01-14 08:41:12.232017,completed
8742,418,3,2026-01-05 01:02:41.529430,completed
8743,2308,4,2026-01-13 06:17:11.625426,completed
8744,1971,4,2026-03-23 20:46:43.727152,pending
8745,4738,6,2026-03-15 03:32:39.545089,completed
8746,1474,3,2026-02-27 09:39:50.021675,cancelled
8747,4131,10,2026-01-11 01:19:47.574075,pending
8748,1081,8,2026-03-01 14:55:41.552791,cancelled
8749,4395,7,2026-02-18 08:58:58.402803,cancelled
8750,3636,9,2026-03-06 01:57:05.737103,pending
8751,891,5,2026-03-29 06:10:38.884194,pending
8752,1740,2,2026-03-08 06:10:31.197570,cancelled
8753,497,9,2026-02-12 06:34:15.820499,completed
8754,52,9,2026-01-20 10:45:44.606318,cancelled
8755,1972,7,2026-03-01 22:08:55.520037,cancelled
8756,1937,9,2026-01-23 09:54:11.793051,pending
8757,1892,9,2026-02-17 09:34:03.317557,cancelled
8758,872,9,2026-02-13 08:06:40.971694,completed
8759,4365,8,2026-04-05 14:46:09.488054,cancelled
8760,18,9,2026-02-12 10:41:48.986060,cancelled
8761,2030,4,2026-02-23 09:46:28.012859,pending
8762,1957,5,2026-01-02 23:25:59.634723,completed
8763,4146,2,2026-01-22 06:19:11.198196,cancelled
8764,4550,4,2026-03-16 23:36:20.804976,completed
8765,4190,9,2026-01-21 05:32:55.870754,completed
8766,2484,8,2026-01-30 13:08:16.170805,completed
8767,254,3,2026-03-11 10:29:48.796542,cancelled
8768,919,10,2026-01-29 00:05:14.591474,completed
8769,44,6,2026-02-28 01:37:10.523780,pending
8770,2200,1,2026-02-28 05:20:27.459856,pending
8771,3024,9,2026-04-07 01:46:49.321937,cancelled
8772,475,10,2026-01-04 21:38:48.291184,cancelled
8773,3587,5,2026-03-26 02:49:39.276181,cancelled
8774,4989,9,2026-03-27 11:46:25.444674,completed
8775,3203,2,2026-02-26 21:45:44.349557,pending
8776,66,7,2026-01-06 18:44:49.640400,completed
8777,1898,6,2026-03-05 09:06:10.888782,completed
8778,3177,8,2026-01-13 18:46:07.347975,cancelled
8779,2556,10,2026-03-25 03:27:59.849217,pending
8780,1156,2,2026-01-27 13:10:33.908200,completed
8781,2744,9,2026-01-16 14:31:41.455290,pending
8782,4373,5,2026-04-04 05:41:09.445743,completed
8783,2230,7,2026-02-27 23:03:18.107284,completed
8784,3685,1,2026-04-02 02:02:24.989000,cancelled
8785,1031,8,2026-03-24 13:13:50.707113,completed
8786,2222,9,2026-04-06 23:48:35.217965,completed
8787,3238,10,2026-03-11 09:25:23.710852,pending
8788,1104,2,2026-02-15 10:29:17.847786,completed
8789,1188,4,2026-01-03 15:38:24.480645,pending
8790,3888,2,2026-04-01 14:13:51.892325,cancelled
8791,308,6,2026-01-29 06:49:35.094271,completed
8792,175,4,2026-01-29 10:43:38.498282,cancelled
8793,695,10,2026-01-02 20:04:13.835329,pending
8794,2509,3,2026-02-15 10:35:35.141525,cancelled
8795,1982,7,2026-01-03 00:03:51.607162,cancelled
8796,4735,6,2026-04-06 14:07:29.373614,completed
8797,4542,10,2026-02-19 07:05:07.981924,completed
8798,4900,4,2026-02-16 09:58:00.940044,pending
8799,4843,10,2026-02-09 22:58:35.647721,completed
8800,1239,5,2026-01-05 21:09:21.825826,pending
8801,2757,6,2026-04-01 03:46:23.014695,completed
8802,1356,1,2026-03-17 16:02:25.385920,cancelled
8803,4857,7,2026-02-16 23:57:50.968237,cancelled
8804,387,6,2026-02-27 18:52:25.302462,pending
8805,3030,3,2026-02-26 15:37:56.163974,cancelled
8806,1098,5,2026-02-24 09:41:48.437665,cancelled
8807,2419,1,2026-04-02 22:34:18.112260,completed
8808,3236,4,2026-01-11 10:34:14.129157,pending
8809,386,10,2026-02-26 22:07:11.644693,cancelled
8810,2072,6,2026-01-14 04:11:11.993429,pending
8811,2433,3,2026-02-12 00:50:13.745562,completed
8812,3863,1,2026-02-20 04:40:51.854247,cancelled
8813,2482,3,2026-02-11 03:36:13.247339,cancelled
8814,1653,3,2026-02-22 14:42:00.883548,completed
8815,3829,10,2026-01-27 01:02:09.610742,pending
8816,4763,2,2026-03-31 00:42:21.164928,cancelled
8817,2327,10,2026-03-08 08:39:56.753223,completed
8818,713,9,2026-01-14 03:36:09.456376,cancelled
8819,1840,8,2026-03-02 10:10:06.534757,pending
8820,3361,9,2026-01-28 17:06:07.913619,cancelled
8821,4069,3,2026-01-19 09:18:06.136533,completed
8822,3154,5,2026-03-11 04:30:27.318680,completed
8823,3043,9,2026-01-08 10:46:34.663579,cancelled
8824,1565,1,2026-02-15 10:11:35.826164,completed
8825,16,10,2026-03-05 23:10:16.187437,completed
8826,919,10,2026-03-02 02:15:30.572875,completed
8827,994,5,2026-02-14 06:55:37.621901,completed
8828,3397,1,2026-02-09 03:47:43.053351,pending
8829,1392,5,2026-01-27 05:46:29.276800,cancelled
8830,2360,9,2026-01-05 16:47:53.157487,pending
8831,4211,9,2026-02-15 03:32:34.390070,cancelled
8832,1886,8,2026-01-08 22:05:05.802398,cancelled
8833,690,7,2026-02-03 14:53:26.596731,cancelled
8834,2149,4,2026-02-12 10:36:22.239112,pending
8835,127,10,2026-02-19 15:45:25.043971,cancelled
8836,1964,9,2026-03-20 00:48:47.962099,pending
8837,1172,1,2026-01-03 16:37:21.674131,cancelled
8838,4289,8,2026-01-28 14:22:55.861940,completed
8839,4439,1,2026-03-08 13:02:24.385747,completed
8840,3772,1,2026-02-25 01:39:34.672922,cancelled
8841,4618,9,2026-01-01 11:10:07.091500,cancelled
8842,4384,9,2026-02-11 11:09:10.412351,completed
8843,4688,4,2026-02-21 17:42:05.636154,completed
8844,709,10,2026-02-25 15:54:59.059033,pending
8845,3955,3,2026-02-17 08:24:38.093103,pending
8846,3164,1,2026-02-26 12:12:19.856436,pending
8847,4515,6,2026-01-11 15:48:46.839966,completed
8848,3445,8,2026-01-30 20:23:13.507545,cancelled
8849,2033,10,2026-03-26 15:45:46.845591,completed
8850,1615,9,2026-02-08 04:45:56.553674,completed
8851,1352,4,2026-02-18 18:02:24.207449,completed
8852,2819,4,2026-01-30 23:38:03.725697,cancelled
8853,1326,2,2026-02-10 19:23:31.627441,completed
8854,1663,5,2026-01-10 01:57:59.979377,cancelled
8855,4248,1,2026-02-04 13:10:59.837930,completed
8856,1562,8,2026-04-03 21:53:51.354867,pending
8857,2988,6,2026-04-07 05:47:38.944953,cancelled
8858,344,5,2026-01-24 01:34:22.941903,pending
8859,2875,10,2026-03-20 12:22:28.903028,pending
8860,1840,8,2026-02-22 14:19:05.780116,completed
8861,853,4,2026-02-24 22:09:52.200964,completed
8862,4357,10,2026-01-14 09:34:16.910125,completed
8863,4435,7,2026-02-08 14:17:04.025233,cancelled
8864,995,9,2026-02-11 21:04:09.048227,pending
8865,2742,2,2026-03-15 03:03:32.501256,completed
8866,738,8,2026-03-12 14:30:44.491158,pending
8867,1151,4,2026-01-04 06:20:35.493624,cancelled
8868,4383,8,2026-03-03 01:25:34.253413,completed
8869,3572,9,2026-03-31 17:16:54.259292,pending
8870,1990,8,2026-02-26 15:18:45.492084,completed
8871,4336,7,2026-03-15 11:56:57.975780,completed
8872,4252,3,2026-01-29 07:57:47.667220,completed
8873,453,9,2026-02-17 22:52:52.031628,cancelled
8874,1192,10,2026-04-06 12:38:40.831247,cancelled
8875,4702,8,2026-02-24 03:15:19.438000,cancelled
8876,3957,2,2026-03-28 10:38:26.023923,cancelled
8877,1179,5,2026-02-25 15:30:54.561250,completed
8878,3882,1,2026-01-14 14:08:31.204567,completed
8879,1923,7,2026-04-02 13:34:06.958941,cancelled
8880,2082,7,2026-04-04 03:03:45.251911,pending
8881,2222,2,2026-01-26 21:59:40.621965,completed
8882,4517,9,2026-03-05 02:09:37.851048,pending
8883,1560,8,2026-01-25 17:50:32.033288,completed
8884,4629,2,2026-02-15 04:44:55.667114,pending
8885,1486,3,2026-03-09 10:24:17.636350,pending
8886,1789,7,2026-03-11 16:25:09.803574,cancelled
8887,1357,4,2026-01-07 05:33:50.471330,cancelled
8888,2340,1,2026-02-03 02:58:44.554118,completed
8889,2301,8,2026-03-20 19:41:41.171630,completed
8890,3871,9,2026-01-27 21:33:33.401217,cancelled
8891,2817,1,2026-01-10 11:27:41.976673,completed
8892,4390,7,2026-03-07 13:14:23.458302,completed
8893,2504,8,2026-03-20 10:35:37.912033,completed
8894,815,7,2026-03-17 21:15:24.415058,pending
8895,1429,1,2026-02-14 15:27:19.287557,completed
8896,1282,3,2026-02-07 13:11:30.982256,completed
8897,775,1,2026-02-17 05:19:34.604617,completed
8898,743,4,2026-03-24 22:28:07.723222,completed
8899,1534,8,2026-03-05 10:41:41.737823,completed
8900,3623,4,2026-01-03 09:47:47.910627,cancelled
8901,3401,5,2026-01-28 06:05:01.878526,cancelled
8902,860,7,2026-03-21 05:37:42.135493,cancelled
8903,2312,2,2026-02-01 15:15:00.409282,completed
8904,1488,5,2026-02-25 21:50:00.870690,completed
8905,4046,1,2026-03-19 06:48:44.904610,pending
8906,116,3,2026-01-14 00:12:04.808576,completed
8907,3524,2,2026-02-27 22:17:43.976940,pending
8908,4173,9,2026-01-17 00:52:47.334510,cancelled
8909,4859,3,2026-01-18 06:06:54.513726,cancelled
8910,3054,7,2026-04-06 11:06:54.356650,cancelled
8911,1125,6,2026-02-04 06:34:21.733311,cancelled
8912,2493,9,2026-02-16 22:10:04.961277,cancelled
8913,748,5,2026-03-03 22:41:00.484628,cancelled
8914,914,5,2026-03-27 06:38:02.789124,pending
8915,354,1,2026-01-28 10:38:40.369383,cancelled
8916,2899,7,2026-01-19 02:04:05.434005,completed
8917,4515,3,2026-04-04 00:34:38.208122,cancelled
8918,810,10,2026-02-01 02:51:49.004035,completed
8919,4615,8,2026-02-10 23:57:40.982008,cancelled
8920,87,7,2026-02-02 23:30:32.728383,completed
8921,2158,3,2026-01-02 08:51:49.832311,completed
8922,72,9,2026-02-25 12:28:18.171882,cancelled
8923,131,5,2026-03-07 03:58:48.221560,pending
8924,629,1,2026-02-07 06:09:56.900940,pending
8925,3466,2,2026-01-07 11:27:22.948419,completed
8926,1721,6,2026-02-11 12:08:52.429288,pending
8927,2904,10,2026-03-25 20:08:29.060965,completed
8928,4268,2,2026-01-27 19:35:03.897153,cancelled
8929,566,8,2026-01-31 08:02:52.520156,cancelled
8930,617,10,2026-01-06 18:20:14.919359,pending
8931,1266,7,2026-01-05 13:16:26.701483,cancelled
8932,2409,1,2026-02-02 02:42:43.322285,completed
8933,4684,9,2026-03-02 21:15:40.441737,pending
8934,3877,9,2026-03-25 06:42:16.013077,completed
8935,1846,5,2026-03-15 20:42:14.154744,pending
8936,2516,3,2026-01-01 22:19:02.096495,cancelled
8937,4745,4,2026-03-03 14:09:58.035736,cancelled
8938,1911,9,2026-01-11 06:09:05.678196,cancelled
8939,2057,3,2026-02-19 15:41:02.652609,completed
8940,268,9,2026-04-01 14:58:13.889828,completed
8941,503,5,2026-01-18 12:30:11.508204,cancelled
8942,3114,2,2026-01-11 19:14:29.485526,pending
8943,4903,4,2026-02-14 16:57:29.719124,completed
8944,666,8,2026-01-23 18:18:32.319741,pending
8945,1174,2,2026-03-10 14:37:55.250222,pending
8946,904,5,2026-02-24 16:02:16.943893,completed
8947,383,9,2026-03-25 21:09:39.134678,pending
8948,3246,6,2026-04-04 15:06:15.029262,completed
8949,178,2,2026-03-06 11:55:39.038513,completed
8950,2086,1,2026-04-06 06:34:34.750939,pending
8951,200,10,2026-03-11 04:12:11.391485,cancelled
8952,3673,8,2026-02-19 07:10:13.491889,cancelled
8953,1517,10,2026-01-21 00:05:23.187547,completed
8954,1183,4,2026-02-26 00:14:25.581275,pending
8955,1122,7,2026-03-27 18:34:36.434813,completed
8956,1232,2,2026-02-11 00:34:07.107230,cancelled
8957,2877,5,2026-02-05 16:12:36.232519,completed
8958,4504,9,2026-03-22 23:45:39.845893,completed
8959,1847,6,2026-03-17 07:37:46.604918,cancelled
8960,4044,1,2026-01-26 16:45:37.250854,cancelled
8961,3765,4,2026-02-26 17:03:44.901771,cancelled
8962,2828,9,2026-03-17 06:14:14.644315,pending
8963,1657,1,2026-01-18 16:57:26.207899,cancelled
8964,2941,3,2026-01-15 07:43:58.467030,cancelled
8965,250,10,2026-02-14 02:48:14.492407,completed
8966,3725,2,2026-01-11 10:07:52.527693,cancelled
8967,4726,9,2026-01-07 12:12:49.941385,cancelled
8968,1094,4,2026-02-07 04:56:48.548055,completed
8969,192,10,2026-02-21 06:35:58.271509,cancelled
8970,4291,1,2026-02-06 14:50:11.590892,cancelled
8971,743,8,2026-01-18 20:27:58.835451,completed
8972,310,10,2026-02-09 16:47:51.923817,completed
8973,4761,2,2026-02-07 21:46:08.110775,cancelled
8974,2542,1,2026-03-26 23:37:27.303905,pending
8975,4114,6,2026-02-28 15:13:56.548159,cancelled
8976,3171,2,2026-01-19 22:09:25.667197,completed
8977,3483,6,2026-03-26 02:41:38.473427,cancelled
8978,4487,10,2026-02-15 03:21:30.986380,pending
8979,4912,10,2026-03-01 17:27:39.416531,completed
8980,3042,4,2026-02-08 04:46:23.078748,cancelled
8981,1986,7,2026-03-16 18:42:51.008374,pending
8982,4698,7,2026-02-10 06:42:30.735918,pending
8983,3662,6,2026-02-28 23:29:34.983794,pending
8984,590,5,2026-02-23 19:07:00.326307,completed
8985,1899,10,2026-02-17 12:14:45.743375,pending
8986,3941,5,2026-02-06 06:13:32.545392,completed
8987,615,3,2026-01-10 14:57:33.177391,completed
8988,2771,8,2026-02-25 11:30:54.393574,pending
8989,2760,9,2026-03-18 04:39:40.864767,completed
8990,415,3,2026-01-01 12:30:58.332748,cancelled
8991,4353,1,2026-01-12 19:33:22.719889,completed
8992,4752,7,2026-04-05 22:27:42.152704,pending
8993,3371,5,2026-01-05 05:27:56.194406,completed
8994,2649,3,2026-03-23 14:00:55.042259,cancelled
8995,4838,10,2026-03-06 15:36:20.370513,pending
8996,4988,2,2026-01-24 16:49:31.412513,cancelled
8997,3907,9,2026-01-14 22:01:17.484152,completed
8998,506,8,2026-02-22 14:48:59.979039,cancelled
8999,4597,4,2026-03-01 19:57:57.305123,pending
9000,1462,5,2026-02-20 19:58:11.219605,pending
9001,2509,9,2026-01-01 12:15:30.888568,completed
9002,1139,1,2026-02-17 22:36:37.061069,completed
9003,808,2,2026-04-07 13:05:35.724279,completed
9004,2530,7,2026-01-02 01:47:01.234989,cancelled
9005,1248,1,2026-02-04 22:47:23.341824,completed
9006,3189,2,2026-02-20 06:06:57.044628,cancelled
9007,2705,6,2026-04-06 08:43:24.071352,cancelled
9008,1243,5,2026-01-27 18:19:19.760139,pending
9009,3502,10,2026-02-08 15:34:02.010260,cancelled
9010,2310,8,2026-03-30 23:23:59.749864,pending
9011,832,7,2026-02-15 10:24:48.524165,pending
9012,3962,7,2026-02-06 08:02:02.454167,cancelled
9013,3319,3,2026-04-07 09:05:00.219621,cancelled
9014,2741,7,2026-02-15 16:39:01.068044,cancelled
9015,4358,3,2026-02-13 21:56:17.710387,cancelled
9016,2601,2,2026-03-02 08:46:39.688787,pending
9017,2474,7,2026-03-31 13:04:43.281634,completed
9018,4042,2,2026-04-07 15:10:39.678429,cancelled
9019,3900,2,2026-02-06 01:57:16.810137,cancelled
9020,4010,1,2026-02-24 02:14:58.047515,completed
9021,4556,8,2026-03-12 10:48:21.290005,completed
9022,3609,10,2026-02-19 13:40:42.395261,completed
9023,2956,6,2026-01-03 14:33:40.126034,completed
9024,2015,10,2026-03-27 00:50:06.743672,pending
9025,3715,4,2026-03-26 18:51:43.128069,cancelled
9026,530,6,2026-03-07 17:34:04.848710,cancelled
9027,44,1,2026-02-10 14:53:30.289849,pending
9028,3280,6,2026-02-17 11:31:20.199322,completed
9029,3852,6,2026-04-06 03:46:41.050940,completed
9030,4988,2,2026-02-06 16:51:49.463654,completed
9031,3183,7,2026-01-14 04:14:33.768482,pending
9032,4865,2,2026-03-21 06:52:16.712851,pending
9033,3514,8,2026-01-11 11:54:24.636302,completed
9034,4065,6,2026-03-27 18:06:06.353014,pending
9035,4279,3,2026-02-16 21:19:05.365328,completed
9036,3176,9,2026-01-17 09:10:30.774527,pending
9037,174,9,2026-01-18 06:35:36.095117,completed
9038,950,7,2026-01-12 21:57:09.477940,completed
9039,1932,6,2026-01-23 00:00:21.367923,completed
9040,4277,10,2026-01-23 15:39:18.512669,cancelled
9041,1701,4,2026-02-09 22:39:08.249597,completed
9042,788,4,2026-02-19 06:09:55.015938,pending
9043,4767,5,2026-04-04 20:29:39.793038,completed
9044,4565,1,2026-04-01 01:04:25.945912,completed
9045,3408,8,2026-01-12 12:20:29.300598,pending
9046,3904,4,2026-01-18 21:26:21.556746,completed
9047,1282,7,2026-03-25 09:31:48.725703,completed
9048,532,5,2026-04-01 20:06:54.690360,cancelled
9049,4141,9,2026-01-17 17:50:50.439730,pending
9050,4088,9,2026-01-17 04:44:38.774304,cancelled
9051,1074,5,2026-03-01 11:40:49.927800,pending
9052,1060,1,2026-01-12 06:56:58.366117,completed
9053,1593,9,2026-03-12 20:51:06.795704,completed
9054,908,2,2026-02-04 04:00:21.830905,pending
9055,591,10,2026-02-02 02:06:54.414908,completed
9056,4077,7,2026-03-06 15:25:50.339390,completed
9057,941,9,2026-02-25 05:17:51.416197,pending
9058,4994,7,2026-02-23 10:57:04.272262,pending
9059,1346,8,2026-01-06 09:33:55.577361,cancelled
9060,1711,6,2026-04-03 09:12:19.831948,pending
9061,1430,9,2026-03-14 11:26:32.718932,completed
9062,939,9,2026-01-30 02:36:21.698749,cancelled
9063,1195,4,2026-02-22 12:17:47.570713,completed
9064,4640,8,2026-01-18 08:01:10.540385,pending
9065,1598,7,2026-04-07 10:42:52.587389,pending
9066,1370,9,2026-02-10 13:43:51.437322,pending
9067,3918,2,2026-01-12 20:59:56.964954,pending
9068,4409,9,2026-01-17 06:22:58.298298,pending
9069,4116,5,2026-01-30 18:23:52.519759,completed
9070,100,5,2026-03-17 11:18:51.414073,cancelled
9071,4613,6,2026-02-16 22:54:28.588754,completed
9072,3049,1,2026-02-17 17:43:59.160008,cancelled
9073,3306,6,2026-02-06 16:01:06.534183,pending
9074,2866,7,2026-01-14 23:58:03.366274,cancelled
9075,3918,6,2026-03-30 12:33:39.161860,pending
9076,534,1,2026-03-06 05:55:37.929571,cancelled
9077,3757,10,2026-02-13 06:00:54.822112,completed
9078,1231,3,2026-03-28 21:23:56.939656,cancelled
9079,2917,2,2026-01-01 10:20:45.002684,pending
9080,2143,3,2026-02-14 18:54:15.296804,pending
9081,3020,10,2026-04-02 02:12:37.801511,cancelled
9082,1764,9,2026-04-02 07:59:07.890310,completed
9083,4721,2,2026-01-02 15:07:47.733796,completed
9084,75,6,2026-03-06 03:36:26.115947,completed
9085,1561,7,2026-03-21 00:32:23.671071,pending
9086,908,3,2026-02-13 09:43:43.094888,pending
9087,2604,1,2026-01-07 15:41:25.356008,pending
9088,1670,2,2026-01-29 13:25:53.283087,cancelled
9089,2855,5,2026-01-19 20:58:51.588161,completed
9090,544,7,2026-01-04 18:31:07.928216,completed
9091,3141,4,2026-01-04 11:45:09.451339,cancelled
9092,33,8,2026-02-11 10:58:52.480989,pending
9093,1870,5,2026-01-12 04:28:06.699885,cancelled
9094,3518,7,2026-03-12 11:40:32.419760,cancelled
9095,1261,9,2026-03-26 17:40:38.072542,cancelled
9096,4072,2,2026-02-25 23:07:26.328005,completed
9097,4162,3,2026-03-05 12:41:56.859893,cancelled
9098,3424,2,2026-02-27 23:36:02.325735,completed
9099,3250,9,2026-02-16 13:20:15.183128,pending
9100,640,5,2026-01-21 21:02:02.344226,pending
9101,3618,6,2026-01-07 16:46:33.192347,completed
9102,4498,2,2026-02-06 18:32:32.199826,completed
9103,3777,1,2026-01-21 07:47:28.640896,cancelled
9104,1236,10,2026-01-09 22:03:20.822030,completed
9105,2916,4,2026-02-24 15:00:42.173798,completed
9106,3937,9,2026-01-18 00:51:36.742951,cancelled
9107,4456,10,2026-02-19 02:20:09.190481,pending
9108,2495,6,2026-01-02 11:38:09.900205,cancelled
9109,3246,2,2026-03-25 10:43:15.499371,pending
9110,2100,10,2026-03-19 10:13:04.730639,pending
9111,991,7,2026-03-31 23:27:16.702855,pending
9112,2535,7,2026-02-14 10:45:51.625452,completed
9113,4156,3,2026-02-26 04:34:11.501674,cancelled
9114,3144,10,2026-03-15 16:49:25.088935,pending
9115,4200,10,2026-02-18 09:18:30.177377,cancelled
9116,1447,2,2026-03-10 18:21:52.748819,pending
9117,1002,10,2026-03-03 03:26:43.493886,pending
9118,1599,9,2026-01-22 02:44:47.568069,pending
9119,1374,9,2026-03-20 21:08:34.456515,cancelled
9120,3438,4,2026-03-26 11:03:37.999586,cancelled
9121,1672,5,2026-02-26 03:01:28.666738,completed
9122,2604,3,2026-01-21 15:57:44.282631,completed
9123,760,7,2026-01-01 02:28:27.971514,pending
9124,4354,1,2026-04-03 21:11:49.650992,completed
9125,783,3,2026-03-30 16:36:02.268369,completed
9126,2471,4,2026-04-06 03:14:45.513801,cancelled
9127,547,9,2026-01-15 04:27:17.620659,cancelled
9128,3261,3,2026-03-29 21:47:42.843574,cancelled
9129,2936,10,2026-01-14 11:10:04.047776,cancelled
9130,920,10,2026-01-24 15:54:16.280720,pending
9131,2638,5,2026-02-03 02:55:08.447493,cancelled
9132,1429,9,2026-03-31 16:24:34.697234,cancelled
9133,1503,2,2026-01-11 15:54:56.566653,cancelled
9134,3952,3,2026-01-18 20:36:06.173448,pending
9135,2996,10,2026-01-11 01:47:22.794513,pending
9136,3818,5,2026-02-06 18:53:45.039499,cancelled
9137,4620,9,2026-01-12 12:22:30.533963,cancelled
9138,550,3,2026-02-25 19:26:42.407000,completed
9139,1617,3,2026-03-22 09:20:05.492932,completed
9140,4238,5,2026-03-19 05:28:44.610440,pending
9141,256,9,2026-01-27 12:34:53.090531,completed
9142,4170,3,2026-01-12 23:18:42.741037,pending
9143,1313,1,2026-03-25 03:25:10.099215,cancelled
9144,2515,2,2026-03-26 19:57:59.382756,pending
9145,3032,7,2026-01-31 02:47:39.172573,completed
9146,3090,7,2026-03-31 23:25:30.880426,pending
9147,1082,6,2026-03-02 06:28:36.781036,completed
9148,2010,6,2026-03-18 15:40:33.551761,completed
9149,3154,5,2026-03-04 19:24:31.163544,pending
9150,556,2,2026-02-15 11:15:10.063462,cancelled
9151,4456,6,2026-02-25 23:47:17.591799,cancelled
9152,1525,10,2026-01-28 11:53:43.904415,pending
9153,2104,5,2026-03-24 16:00:21.733224,pending
9154,2898,10,2026-01-06 18:26:55.738221,pending
9155,3976,5,2026-03-13 22:39:41.606059,completed
9156,4839,2,2026-03-20 07:00:43.382777,completed
9157,2061,7,2026-02-16 06:16:34.574974,pending
9158,4262,10,2026-01-16 06:17:59.776251,pending
9159,731,1,2026-03-27 14:22:43.849300,cancelled
9160,2293,5,2026-01-01 00:55:00.223105,pending
9161,2508,5,2026-03-31 12:29:24.959549,cancelled
9162,3985,7,2026-03-21 21:45:59.869374,pending
9163,3508,3,2026-03-20 17:25:20.810653,completed
9164,3763,5,2026-01-09 06:55:25.149719,cancelled
9165,1309,1,2026-02-21 04:14:30.722248,cancelled
9166,4988,9,2026-01-24 15:12:31.677286,completed
9167,3216,10,2026-03-18 23:28:19.448054,completed
9168,210,5,2026-01-12 15:29:41.748020,completed
9169,3073,9,2026-03-09 23:11:21.544215,cancelled
9170,1535,3,2026-01-26 05:33:15.999088,cancelled
9171,4223,8,2026-01-03 23:00:16.070694,pending
9172,2214,8,2026-02-21 00:18:40.567416,pending
9173,3634,2,2026-02-03 14:31:02.673854,cancelled
9174,2614,4,2026-01-25 00:36:37.285506,cancelled
9175,767,3,2026-02-07 04:14:07.176295,completed
9176,2856,2,2026-02-08 12:58:53.974339,completed
9177,3879,7,2026-01-08 04:01:36.985422,cancelled
9178,2415,5,2026-01-30 19:19:35.414172,cancelled
9179,1704,4,2026-02-06 16:30:14.558209,completed
9180,554,8,2026-03-22 01:48:59.814824,cancelled
9181,4534,10,2026-01-20 06:39:02.573048,completed
9182,309,7,2026-03-10 13:58:19.010451,cancelled
9183,4744,3,2026-01-30 11:53:08.119380,cancelled
9184,3615,6,2026-01-12 13:36:22.683084,cancelled
9185,1474,9,2026-01-10 16:56:20.671976,pending
9186,14,3,2026-01-12 23:43:38.520418,pending
9187,3204,4,2026-04-01 11:38:11.221382,cancelled
9188,2024,1,2026-04-05 13:52:32.557146,cancelled
9189,2765,4,2026-01-05 22:23:05.977250,cancelled
9190,3268,8,2026-04-04 14:32:15.786367,pending
9191,1453,6,2026-01-09 13:53:39.558391,cancelled
9192,4896,9,2026-01-14 12:25:03.215266,pending
9193,1359,6,2026-01-25 08:24:02.780148,cancelled
9194,448,2,2026-01-27 07:28:36.866994,completed
9195,1332,1,2026-01-20 07:36:11.354112,cancelled
9196,463,2,2026-04-04 20:09:05.839728,completed
9197,1730,8,2026-03-02 23:04:05.832875,pending
9198,1733,9,2026-01-04 23:15:16.897065,pending
9199,3040,7,2026-01-01 23:39:17.461106,completed
9200,47,2,2026-03-15 03:17:19.614357,pending
9201,2311,8,2026-01-08 09:12:04.057842,completed
9202,1084,2,2026-01-16 23:14:08.536545,pending
9203,160,5,2026-03-08 00:21:53.486357,pending
9204,2111,2,2026-01-02 01:40:17.219341,cancelled
9205,1195,8,2026-01-17 12:23:07.854970,cancelled
9206,2545,7,2026-03-23 09:03:07.555177,pending
9207,1682,6,2026-02-17 22:33:44.784450,completed
9208,3714,3,2026-01-06 05:22:02.200905,pending
9209,2061,5,2026-01-05 14:25:14.405934,completed
9210,2055,9,2026-02-19 16:30:01.537281,completed
9211,3629,3,2026-03-15 07:09:21.668624,cancelled
9212,4829,8,2026-03-24 21:33:24.500551,pending
9213,2698,4,2026-01-04 05:41:39.936671,pending
9214,981,9,2026-01-26 10:50:11.336276,cancelled
9215,4444,10,2026-02-14 17:56:35.548952,cancelled
9216,1813,2,2026-04-07 11:37:13.956243,completed
9217,1968,2,2026-03-29 01:52:15.546805,completed
9218,622,3,2026-01-24 20:11:11.238984,cancelled
9219,60,4,2026-04-05 19:04:46.735060,pending
9220,3780,10,2026-01-02 10:00:50.602959,cancelled
9221,3263,3,2026-02-01 18:08:48.591153,cancelled
9222,1022,6,2026-03-28 11:47:06.776840,pending
9223,4925,2,2026-03-25 23:55:06.486589,cancelled
9224,1608,6,2026-02-24 05:52:11.177203,pending
9225,1428,9,2026-01-02 21:46:25.180550,cancelled
9226,2731,1,2026-01-31 22:48:14.107898,pending
9227,924,10,2026-01-03 05:41:46.513884,cancelled
9228,2986,10,2026-03-12 08:12:25.553292,completed
9229,2053,1,2026-02-10 09:01:58.005488,pending
9230,1119,8,2026-03-10 18:57:57.044422,pending
9231,285,4,2026-02-28 01:12:50.785094,cancelled
9232,3588,8,2026-02-14 17:26:55.256409,completed
9233,2835,6,2026-02-19 03:00:42.313371,pending
9234,1720,1,2026-01-12 15:45:28.480196,pending
9235,518,4,2026-03-02 07:25:05.511049,pending
9236,2961,6,2026-03-08 12:31:27.489242,completed
9237,834,5,2026-02-15 06:24:34.325944,cancelled
9238,3131,6,2026-03-30 04:16:59.419794,cancelled
9239,4531,9,2026-02-15 08:19:10.551697,completed
9240,2019,1,2026-04-04 16:02:34.329514,cancelled
9241,520,4,2026-03-02 13:32:26.277851,pending
9242,3307,4,2026-01-19 07:33:34.633926,completed
9243,2104,2,2026-01-19 06:23:11.321446,cancelled
9244,4434,8,2026-03-29 09:45:58.969883,cancelled
9245,227,5,2026-03-26 14:18:24.582807,pending
9246,3433,9,2026-02-18 17:50:30.490206,pending
9247,4504,9,2026-02-09 13:24:37.766175,pending
9248,211,4,2026-03-01 14:17:59.849434,pending
9249,2812,2,2026-03-26 21:46:36.565691,pending
9250,1153,4,2026-03-13 02:12:39.006144,cancelled
9251,4994,9,2026-02-17 06:42:44.600399,completed
9252,3890,2,2026-01-13 13:46:01.970043,completed
9253,2972,3,2026-01-09 16:00:00.898706,cancelled
9254,3505,1,2026-03-06 18:31:05.790564,pending
9255,2362,9,2026-03-02 14:27:36.976481,pending
9256,1432,1,2026-01-29 16:00:47.836239,completed
9257,329,4,2026-03-04 23:57:47.743061,cancelled
9258,2835,6,2026-02-25 07:31:26.240139,pending
9259,1048,5,2026-02-06 19:28:04.576132,completed
9260,4969,4,2026-02-11 06:24:46.901051,cancelled
9261,3331,1,2026-03-08 22:25:06.717370,completed
9262,178,4,2026-02-22 20:20:20.707150,completed
9263,332,8,2026-04-02 03:22:42.437460,completed
9264,2686,3,2026-02-03 17:13:56.110964,completed
9265,4647,7,2026-03-19 07:25:29.034307,completed
9266,1064,1,2026-01-21 15:29:17.237638,cancelled
9267,3584,9,2026-02-16 10:35:08.211733,completed
9268,3625,1,2026-01-26 05:42:45.997720,completed
9269,3013,10,2026-03-11 03:48:32.651447,completed
9270,4944,1,2026-01-16 02:22:40.618796,completed
9271,135,10,2026-03-21 11:02:43.709971,pending
9272,3905,8,2026-02-25 21:43:13.167565,cancelled
9273,2860,3,2026-03-03 04:19:56.482062,cancelled
9274,831,6,2026-01-21 09:02:26.768838,pending
9275,994,1,2026-01-09 03:48:23.107662,cancelled
9276,3820,2,2026-02-04 12:20:46.416129,cancelled
9277,2521,7,2026-01-08 12:20:45.499769,completed
9278,404,9,2026-02-11 13:12:03.616701,completed
9279,2062,2,2026-01-03 10:28:25.666091,cancelled
9280,1888,5,2026-01-24 02:04:36.709699,completed
9281,125,5,2026-02-09 19:30:14.936236,cancelled
9282,1114,4,2026-01-05 10:25:15.061203,completed
9283,4312,3,2026-03-05 11:55:11.524888,pending
9284,4226,10,2026-03-21 14:20:26.686155,completed
9285,489,6,2026-03-24 05:00:31.022340,cancelled
9286,3565,9,2026-04-01 08:44:18.163116,cancelled
9287,2526,3,2026-04-07 00:33:44.376472,cancelled
9288,147,2,2026-03-05 05:53:51.625377,pending
9289,3760,9,2026-03-22 08:10:20.522962,pending
9290,3961,6,2026-03-05 13:09:39.867671,cancelled
9291,1440,9,2026-01-09 21:17:45.248974,cancelled
9292,1962,3,2026-02-19 03:02:16.399190,cancelled
9293,3686,5,2026-01-06 20:40:34.217975,pending
9294,3693,7,2026-01-07 19:12:44.487025,completed
9295,3071,10,2026-02-28 19:49:35.921221,completed
9296,99,3,2026-01-20 05:13:48.914925,pending
9297,3475,5,2026-03-31 17:25:14.528841,cancelled
9298,265,2,2026-03-16 05:18:19.886401,cancelled
9299,4818,2,2026-01-02 20:03:42.814901,cancelled
9300,3260,2,2026-03-29 09:45:14.897016,cancelled
9301,3876,8,2026-03-28 15:52:33.714659,completed
9302,835,1,2026-02-10 22:58:04.431961,completed
9303,2615,6,2026-01-11 14:54:53.514967,completed
9304,4615,1,2026-03-13 08:24:35.658584,completed
9305,1918,7,2026-03-31 07:00:53.692961,completed
9306,175,4,2026-04-05 13:48:27.017479,cancelled
9307,26,5,2026-02-09 07:48:26.744843,completed
9308,3420,10,2026-03-07 22:54:57.823262,pending
9309,251,2,2026-01-27 02:03:19.098479,cancelled
9310,4443,2,2026-03-18 11:54:51.755103,completed
9311,1235,3,2026-02-28 12:33:27.863794,pending
9312,1685,3,2026-02-25 21:28:08.609164,completed
9313,1892,1,2026-03-06 08:07:29.330550,pending
9314,4072,5,2026-03-16 00:54:34.653703,completed
9315,3937,4,2026-03-22 01:14:22.624736,cancelled
9316,355,9,2026-03-06 07:03:00.236889,pending
9317,3860,2,2026-01-12 05:08:40.622609,pending
9318,1139,9,2026-02-10 07:18:07.400109,completed
9319,269,2,2026-02-06 13:02:18.961077,cancelled
9320,3776,10,2026-01-02 14:04:10.992857,pending
9321,2844,7,2026-02-28 04:06:02.549555,pending
9322,2323,2,2026-03-20 23:37:49.603356,pending
9323,917,6,2026-01-20 05:47:39.186489,pending
9324,2476,5,2026-03-04 17:31:58.722064,cancelled
9325,3217,1,2026-01-13 18:18:29.869445,cancelled
9326,2052,10,2026-03-31 13:09:44.064434,completed
9327,2604,6,2026-03-07 07:07:23.983332,completed
9328,4759,9,2026-01-21 00:08:52.454172,pending
9329,3458,3,2026-01-02 23:24:36.969730,cancelled
9330,2074,9,2026-01-28 14:48:00.174505,pending
9331,2827,10,2026-01-15 22:16:12.069016,pending
9332,4497,2,2026-01-20 23:37:04.163752,completed
9333,1210,9,2026-02-17 09:15:12.929033,completed
9334,4871,10,2026-03-23 12:03:24.698262,pending
9335,1848,5,2026-02-07 13:54:38.986243,pending
9336,3815,4,2026-03-06 14:11:02.824197,pending
9337,4081,10,2026-02-08 17:25:34.542681,pending
9338,4344,4,2026-01-13 02:48:39.007927,cancelled
9339,4641,3,2026-01-29 12:22:09.364182,cancelled
9340,4265,3,2026-02-15 02:31:33.157750,cancelled
9341,3010,2,2026-03-29 21:56:21.475943,cancelled
9342,86,9,2026-02-26 15:49:14.077200,cancelled
9343,4277,3,2026-02-02 01:15:12.158687,cancelled
9344,4471,7,2026-02-25 13:10:57.606209,cancelled
9345,4913,3,2026-03-16 01:40:52.881973,pending
9346,701,3,2026-04-03 12:35:49.651943,cancelled
9347,4924,8,2026-03-21 19:42:12.063725,pending
9348,4047,1,2026-01-09 09:35:10.579353,cancelled
9349,3356,7,2026-01-30 11:49:40.322667,cancelled
9350,4842,6,2026-01-08 03:09:20.366498,cancelled
9351,1948,1,2026-03-30 20:44:25.632108,pending
9352,1430,5,2026-03-09 23:36:03.493138,completed
9353,2797,9,2026-01-04 14:54:16.769788,pending
9354,661,6,2026-03-27 13:15:36.841779,completed
9355,4935,3,2026-01-17 13:47:45.452329,completed
9356,4025,2,2026-03-09 03:03:49.757622,completed
9357,824,7,2026-01-22 03:49:38.912687,pending
9358,3738,3,2026-01-16 12:27:15.710422,pending
9359,1491,6,2026-01-24 01:03:06.496389,cancelled
9360,2349,7,2026-01-04 07:03:14.811061,cancelled
9361,2301,7,2026-04-04 21:02:33.439810,completed
9362,276,5,2026-03-03 12:43:11.948601,cancelled
9363,1857,5,2026-03-08 09:00:08.941496,completed
9364,3084,9,2026-03-29 19:24:11.890180,completed
9365,1813,1,2026-01-14 03:30:30.651456,pending
9366,1719,8,2026-02-19 01:14:34.371031,cancelled
9367,2046,6,2026-04-04 18:06:19.032235,completed
9368,3248,9,2026-01-21 07:51:28.835980,completed
9369,2966,6,2026-01-31 11:56:45.616273,pending
9370,2363,7,2026-02-14 19:11:32.140051,cancelled
9371,1337,6,2026-03-07 21:47:54.745475,completed
9372,1613,6,2026-01-26 09:53:44.351297,pending
9373,3927,1,2026-02-22 13:26:56.439908,cancelled
9374,4381,2,2026-02-14 20:01:52.878136,pending
9375,4508,10,2026-01-11 16:36:08.467992,cancelled
9376,537,9,2026-03-15 17:19:59.805387,cancelled
9377,4436,7,2026-03-07 19:05:44.241377,pending
9378,2944,2,2026-01-15 07:25:59.080467,cancelled
9379,557,3,2026-01-22 12:35:24.065568,completed
9380,3662,6,2026-03-26 08:19:34.355765,cancelled
9381,4102,8,2026-04-02 12:06:42.314827,cancelled
9382,1251,6,2026-01-11 05:12:57.534909,completed
9383,3366,5,2026-03-07 11:12:13.827547,completed
9384,613,6,2026-01-16 17:13:05.317709,cancelled
9385,1338,10,2026-01-20 00:19:35.485353,completed
9386,2373,3,2026-03-21 01:32:49.991166,pending
9387,709,6,2026-03-23 18:37:25.092985,cancelled
9388,610,6,2026-01-22 02:36:11.791690,pending
9389,1993,3,2026-02-20 08:32:09.207305,completed
9390,4887,9,2026-02-28 21:28:46.229826,pending
9391,4615,4,2026-03-11 00:07:43.425991,pending
9392,2863,8,2026-03-26 08:18:16.301326,pending
9393,3686,10,2026-02-16 13:07:20.008055,cancelled
9394,3310,9,2026-02-15 05:18:30.020009,pending
9395,4529,3,2026-03-15 06:35:17.845566,pending
9396,2453,4,2026-02-08 07:50:53.039152,pending
9397,4659,4,2026-03-13 09:26:01.973927,pending
9398,4525,8,2026-01-15 14:56:10.024832,pending
9399,2448,7,2026-01-30 14:26:04.391148,pending
9400,3608,8,2026-01-16 09:36:08.882400,cancelled
9401,1022,3,2026-03-28 20:17:42.466127,pending
9402,62,6,2026-02-28 04:55:21.927518,cancelled
9403,2253,7,2026-01-09 13:06:33.674138,completed
9404,2736,8,2026-02-22 01:27:25.563220,pending
9405,3076,2,2026-01-26 01:54:28.050089,pending
9406,4358,4,2026-01-28 06:20:16.683305,pending
9407,3235,8,2026-01-18 21:58:34.131436,cancelled
9408,4940,1,2026-02-19 10:24:41.900127,cancelled
9409,4267,8,2026-01-31 12:10:07.841653,completed
9410,3682,5,2026-01-06 08:25:51.825361,completed
9411,1289,6,2026-02-07 10:29:41.311507,cancelled
9412,3168,10,2026-01-01 09:21:14.424581,pending
9413,1319,3,2026-02-10 08:46:15.162982,completed
9414,564,7,2026-01-06 15:26:27.360091,cancelled
9415,3994,4,2026-02-04 23:44:37.338387,pending
9416,3762,8,2026-03-31 03:37:32.332229,pending
9417,625,1,2026-04-02 10:49:31.108829,completed
9418,1215,5,2026-02-07 05:26:29.079607,cancelled
9419,984,7,2026-04-02 23:52:47.570284,pending
9420,2145,2,2026-01-17 11:41:07.446296,completed
9421,2700,3,2026-02-13 02:08:41.948316,cancelled
9422,1220,10,2026-02-14 09:47:07.228694,cancelled
9423,2801,1,2026-04-05 23:04:01.290702,completed
9424,1751,5,2026-03-31 02:12:30.990970,cancelled
9425,1533,8,2026-01-15 11:34:36.001500,completed
9426,2234,2,2026-02-28 04:37:51.511845,pending
9427,2771,3,2026-03-27 10:08:11.654790,completed
9428,2070,7,2026-02-13 02:42:41.047140,pending
9429,193,9,2026-01-22 23:10:45.485868,completed
9430,4828,9,2026-03-07 13:25:08.833994,cancelled
9431,3014,9,2026-02-06 01:58:23.131675,cancelled
9432,3906,9,2026-02-08 06:55:40.432484,pending
9433,2212,3,2026-03-04 06:38:00.328162,pending
9434,219,3,2026-02-10 16:10:12.477360,pending
9435,3500,8,2026-02-03 01:14:02.262853,completed
9436,4559,7,2026-01-22 01:25:04.632706,pending
9437,1157,7,2026-03-19 15:49:59.171425,completed
9438,3314,1,2026-02-05 05:29:49.976570,pending
9439,2833,9,2026-03-12 10:47:36.963422,pending
9440,4788,7,2026-02-09 12:44:30.215231,pending
9441,2414,9,2026-02-18 21:42:19.962887,pending
9442,496,4,2026-02-15 19:07:16.670781,cancelled
9443,3498,5,2026-03-22 23:11:00.479074,pending
9444,1680,8,2026-03-17 11:50:43.639331,cancelled
9445,2913,4,2026-03-30 14:21:22.388299,completed
9446,2001,1,2026-01-19 09:59:21.718581,cancelled
9447,4609,2,2026-01-08 14:23:31.277077,completed
9448,3090,6,2026-02-25 12:52:15.696351,cancelled
9449,4747,7,2026-02-11 22:56:04.892845,completed
9450,65,1,2026-03-16 12:23:55.775966,pending
9451,3956,4,2026-03-14 21:31:01.503285,completed
9452,2683,7,2026-01-09 21:31:00.988028,cancelled
9453,3835,4,2026-04-06 08:47:24.438825,completed
9454,1160,3,2026-01-18 21:50:08.211503,pending
9455,4681,2,2026-02-06 05:29:01.041249,cancelled
9456,78,7,2026-02-25 05:21:07.387623,completed
9457,1838,10,2026-03-30 08:07:59.061403,pending
9458,3912,7,2026-03-27 08:59:50.883735,completed
9459,936,4,2026-01-11 14:27:59.245435,completed
9460,1526,8,2026-03-16 16:04:44.166584,completed
9461,4326,3,2026-03-13 02:01:42.779376,cancelled
9462,4895,6,2026-01-15 03:08:06.735839,cancelled
9463,4552,9,2026-03-17 07:37:01.813631,completed
9464,3486,8,2026-04-01 20:45:14.592159,completed
9465,1135,6,2026-04-06 23:45:06.021754,cancelled
9466,2298,3,2026-03-16 07:26:49.107112,pending
9467,218,3,2026-02-15 12:29:52.343003,completed
9468,1769,3,2026-02-09 19:06:22.992694,cancelled
9469,4899,8,2026-04-02 14:46:19.819245,pending
9470,4528,6,2026-01-28 08:28:58.872484,pending
9471,1579,10,2026-01-08 02:01:11.481896,pending
9472,3188,10,2026-03-06 02:51:24.610867,pending
9473,4126,9,2026-02-07 18:49:05.327757,cancelled
9474,2167,9,2026-03-24 13:09:59.804922,cancelled
9475,4158,8,2026-02-04 05:46:09.020769,cancelled
9476,1890,9,2026-02-16 18:31:07.091334,cancelled
9477,2111,7,2026-03-29 18:52:51.039175,pending
9478,671,1,2026-02-10 18:29:07.043643,completed
9479,3138,6,2026-02-21 22:19:44.994562,completed
9480,1013,9,2026-02-23 20:31:57.715808,pending
9481,1112,3,2026-01-10 19:23:22.997961,cancelled
9482,2373,9,2026-04-01 18:14:53.702585,pending
9483,3350,3,2026-04-02 21:37:03.464211,cancelled
9484,2058,5,2026-02-10 07:26:28.048258,cancelled
9485,4138,6,2026-02-08 20:40:23.262537,completed
9486,2894,7,2026-02-18 08:38:11.384699,cancelled
9487,4443,10,2026-03-20 10:36:48.401736,pending
9488,3538,4,2026-02-05 02:10:33.160638,completed
9489,4545,7,2026-01-14 08:38:38.728560,pending
9490,2970,10,2026-01-08 18:35:08.928155,completed
9491,4838,5,2026-01-11 20:11:07.741143,completed
9492,4331,4,2026-04-04 03:21:40.922378,cancelled
9493,1284,6,2026-01-07 18:06:25.694460,cancelled
9494,4419,9,2026-03-13 03:11:33.785114,cancelled
9495,2559,3,2026-02-28 09:39:58.548198,completed
9496,148,7,2026-01-23 22:32:00.484490,pending
9497,2753,4,2026-03-21 09:52:28.093180,completed
9498,3739,9,2026-04-05 14:19:38.600174,pending
9499,1161,3,2026-02-06 05:07:19.034083,cancelled
9500,2006,9,2026-03-27 12:49:04.307524,completed
9501,1089,3,2026-03-04 12:12:15.834244,completed
9502,1704,8,2026-01-27 23:04:29.328408,pending
9503,760,5,2026-03-14 23:40:41.752826,cancelled
9504,235,7,2026-01-26 05:08:08.086708,cancelled
9505,1816,3,2026-02-07 21:13:41.166669,cancelled
9506,4290,1,2026-02-07 15:54:15.740915,completed
9507,876,8,2026-01-12 07:52:11.601930,cancelled
9508,4519,8,2026-02-18 08:36:26.455063,cancelled
9509,3668,6,2026-03-29 00:46:28.597028,pending
9510,147,9,2026-03-24 02:25:27.940692,completed
9511,156,8,2026-04-01 23:25:06.678659,cancelled
9512,1055,3,2026-03-28 03:36:18.337349,completed
9513,1511,2,2026-01-10 22:05:07.439270,cancelled
9514,1849,3,2026-03-26 09:04:17.972720,cancelled
9515,1189,4,2026-03-13 19:53:11.580106,pending
9516,2189,2,2026-02-24 01:36:42.454550,pending
9517,3158,5,2026-01-16 02:22:30.495637,pending
9518,1828,2,2026-01-24 06:43:48.890649,completed
9519,2806,7,2026-03-19 06:26:37.391858,completed
9520,548,9,2026-01-13 04:19:10.797069,pending
9521,3082,2,2026-03-06 06:52:59.868240,completed
9522,3077,9,2026-01-06 15:42:15.612219,completed
9523,2533,4,2026-04-05 01:44:01.379406,completed
9524,4152,1,2026-01-12 08:41:42.016443,completed
9525,4943,5,2026-01-08 23:39:55.117801,pending
9526,1913,3,2026-02-14 09:01:01.425644,cancelled
9527,4806,7,2026-01-11 19:00:25.236872,pending
9528,1592,10,2026-01-05 05:07:34.164224,cancelled
9529,518,6,2026-02-13 15:30:02.891323,pending
9530,4185,1,2026-02-15 10:32:01.090016,completed
9531,1370,1,2026-02-14 01:13:56.466300,completed
9532,1723,4,2026-02-25 05:50:35.328367,completed
9533,2255,7,2026-02-17 21:33:25.944995,completed
9534,1970,7,2026-03-12 00:33:01.741399,pending
9535,2173,1,2026-02-19 18:24:56.277065,cancelled
9536,61,6,2026-02-26 20:24:24.908238,pending
9537,4216,5,2026-02-28 05:56:52.309915,completed
9538,2083,7,2026-03-11 03:07:43.381175,completed
9539,1742,10,2026-03-07 11:25:23.659390,pending
9540,2665,10,2026-04-04 21:38:50.478298,cancelled
9541,545,10,2026-01-27 02:45:12.929645,completed
9542,2815,6,2026-01-25 16:44:41.527769,cancelled
9543,3955,9,2026-01-13 07:47:14.989551,pending
9544,3583,8,2026-04-02 15:22:44.105176,cancelled
9545,2528,7,2026-02-23 02:23:15.861779,pending
9546,562,2,2026-02-21 10:08:22.908344,completed
9547,3662,4,2026-02-24 09:39:18.199743,cancelled
9548,868,4,2026-03-23 05:51:48.353249,pending
9549,367,9,2026-04-05 12:40:06.888030,completed
9550,2268,1,2026-01-23 12:51:31.030487,pending
9551,4968,1,2026-01-03 04:05:56.653939,cancelled
9552,4482,1,2026-03-06 21:36:34.482600,completed
9553,3307,10,2026-03-09 03:27:35.362853,completed
9554,4910,10,2026-02-09 10:13:06.618387,completed
9555,4368,7,2026-04-07 14:11:50.896867,pending
9556,4128,9,2026-01-13 09:22:16.116844,cancelled
9557,1634,8,2026-02-02 05:03:57.031640,pending
9558,2531,7,2026-02-27 21:48:27.388950,cancelled
9559,3343,9,2026-03-31 08:34:24.326317,cancelled
9560,3865,8,2026-03-18 21:46:14.516210,completed
9561,2996,1,2026-03-02 10:48:08.146718,completed
9562,1227,8,2026-03-07 01:09:06.751821,pending
9563,4642,6,2026-01-15 15:31:24.336390,cancelled
9564,4640,3,2026-01-01 16:37:33.966694,completed
9565,4769,9,2026-02-27 01:48:06.306117,cancelled
9566,7,10,2026-01-23 05:34:04.455361,completed
9567,975,5,2026-01-01 01:05:37.196554,pending
9568,4489,9,2026-02-07 14:01:52.002866,pending
9569,2086,1,2026-03-21 03:02:46.849638,cancelled
9570,2258,10,2026-02-13 03:28:12.841488,pending
9571,1032,7,2026-02-17 15:12:32.321597,completed
9572,2139,10,2026-02-14 03:42:10.985375,pending
9573,54,8,2026-03-04 10:19:03.952718,cancelled
9574,3734,6,2026-04-07 15:10:59.837960,completed
9575,2901,10,2026-04-07 15:45:41.373778,cancelled
9576,1144,10,2026-04-02 07:10:31.167681,cancelled
9577,3231,1,2026-02-15 02:30:02.186326,pending
9578,292,9,2026-01-11 19:03:13.452550,completed
9579,3653,8,2026-01-26 11:36:03.836733,cancelled
9580,2709,6,2026-02-25 04:45:57.534248,pending
9581,3692,4,2026-02-24 18:20:54.267071,cancelled
9582,197,5,2026-01-06 18:26:01.961440,cancelled
9583,4852,7,2026-03-27 21:43:17.583626,pending
9584,1606,5,2026-03-13 06:09:49.623880,cancelled
9585,2256,8,2026-02-12 00:06:25.080506,pending
9586,2532,9,2026-01-17 03:27:22.417233,completed
9587,1344,10,2026-02-28 18:37:38.533550,completed
9588,3012,6,2026-04-03 04:39:34.678581,pending
9589,4530,5,2026-01-06 22:31:31.555222,pending
9590,4911,5,2026-01-19 16:57:52.622511,pending
9591,2529,7,2026-02-02 22:57:05.080635,completed
9592,3493,2,2026-02-17 11:47:48.736989,pending
9593,418,8,2026-03-03 14:12:49.389029,pending
9594,4643,7,2026-02-21 18:59:25.225395,cancelled
9595,2482,9,2026-03-24 11:09:17.085731,completed
9596,4769,1,2026-02-16 17:44:27.831782,completed
9597,1301,9,2026-01-05 02:10:28.095914,completed
9598,3981,9,2026-02-15 18:09:36.596227,completed
9599,75,2,2026-03-15 01:39:40.305385,completed
9600,203,8,2026-02-04 03:18:01.280172,completed
9601,1664,8,2026-01-27 01:37:13.159231,cancelled
9602,306,10,2026-01-21 11:32:25.415685,cancelled
9603,1066,3,2026-03-28 15:19:47.641421,completed
9604,584,8,2026-03-20 14:34:42.894985,completed
9605,2980,2,2026-01-23 03:26:04.484926,pending
9606,1944,1,2026-03-26 17:49:15.720843,completed
9607,3179,9,2026-01-02 13:24:35.606334,pending
9608,1605,7,2026-03-20 22:01:52.264636,completed
9609,4135,10,2026-01-30 07:19:22.517761,pending
9610,72,6,2026-02-10 19:35:20.642249,pending
9611,1900,1,2026-03-08 08:46:37.706787,cancelled
9612,1181,1,2026-03-15 09:26:20.384612,cancelled
9613,3360,6,2026-03-28 13:26:18.588977,cancelled
9614,167,5,2026-02-14 21:03:56.064172,cancelled
9615,3651,6,2026-03-19 08:15:53.741144,completed
9616,2402,5,2026-01-04 02:11:23.354571,pending
9617,1025,9,2026-02-15 06:41:42.273598,cancelled
9618,3840,3,2026-01-30 22:00:35.087924,cancelled
9619,97,3,2026-04-02 09:06:13.049861,completed
9620,1297,9,2026-03-16 09:05:08.743536,completed
9621,3697,2,2026-03-25 06:56:49.638585,pending
9622,2853,5,2026-03-30 03:02:36.195425,pending
9623,1990,6,2026-02-06 07:14:20.309988,completed
9624,3363,8,2026-01-11 18:47:36.633737,cancelled
9625,2757,7,2026-03-03 15:06:35.379397,pending
9626,2863,7,2026-03-09 05:47:17.035736,pending
9627,4687,4,2026-02-26 01:57:10.200440,cancelled
9628,989,3,2026-01-12 12:35:40.082187,completed
9629,2839,7,2026-03-27 22:10:47.184202,completed
9630,1858,9,2026-01-01 08:56:09.382969,pending
9631,3616,3,2026-03-27 23:41:17.728723,completed
9632,4524,6,2026-03-08 01:13:42.694328,completed
9633,113,2,2026-01-06 18:14:18.053538,completed
9634,2356,5,2026-02-07 06:04:27.948485,pending
9635,16,2,2026-04-05 10:14:43.417450,pending
9636,2482,1,2026-01-15 22:55:47.605423,completed
9637,1994,10,2026-01-13 16:01:14.211558,pending
9638,1645,1,2026-02-17 12:04:12.304538,completed
9639,4840,3,2026-03-11 08:55:39.120368,pending
9640,3130,8,2026-01-24 23:12:34.040034,completed
9641,3675,3,2026-02-25 18:42:18.367614,pending
9642,4142,2,2026-03-23 15:07:18.872258,pending
9643,4733,3,2026-01-21 22:43:51.883230,completed
9644,961,8,2026-02-16 17:48:05.239048,completed
9645,2314,5,2026-03-09 20:55:46.636878,completed
9646,3362,2,2026-01-29 10:15:13.563511,pending
9647,373,3,2026-03-22 04:20:50.123044,pending
9648,2816,1,2026-03-30 00:58:55.298080,pending
9649,4384,2,2026-03-25 04:13:09.787308,cancelled
9650,780,4,2026-03-08 00:21:06.104862,cancelled
9651,2438,8,2026-03-29 06:18:23.823516,completed
9652,3684,7,2026-03-25 07:27:28.106086,cancelled
9653,844,8,2026-02-26 19:56:57.770860,cancelled
9654,4571,10,2026-01-10 07:17:11.746161,completed
9655,3676,6,2026-03-09 15:56:03.064844,cancelled
9656,3300,6,2026-02-07 15:35:39.561562,completed
9657,2587,2,2026-03-02 18:48:38.922931,cancelled
9658,2701,1,2026-01-24 23:22:37.373997,completed
9659,4351,8,2026-03-11 01:27:52.544341,pending
9660,745,3,2026-01-20 22:51:26.717767,cancelled
9661,1426,4,2026-02-02 17:17:44.886811,cancelled
9662,1970,3,2026-01-23 19:15:09.503468,pending
9663,1675,6,2026-01-20 23:02:14.777003,pending
9664,2119,4,2026-03-22 23:08:20.772701,cancelled
9665,2349,8,2026-03-21 14:06:38.379702,cancelled
9666,3371,10,2026-01-21 17:52:13.609650,pending
9667,220,5,2026-03-14 19:07:54.903607,cancelled
9668,1902,5,2026-02-24 14:49:26.500920,pending
9669,858,2,2026-02-09 21:58:37.110328,cancelled
9670,2058,7,2026-01-24 10:39:08.734108,completed
9671,4795,3,2026-03-23 01:07:00.927158,pending
9672,1028,4,2026-03-09 06:30:36.976617,completed
9673,1757,5,2026-03-09 02:56:27.945407,pending
9674,3768,8,2026-01-28 09:15:48.481467,cancelled
9675,3251,7,2026-03-18 05:41:38.821460,cancelled
9676,4469,6,2026-03-04 15:10:12.618467,pending
9677,1926,8,2026-02-26 17:17:04.709399,cancelled
9678,213,9,2026-02-04 17:34:28.359529,completed
9679,1121,7,2026-01-08 08:39:50.382878,completed
9680,1419,6,2026-01-31 17:35:26.733658,completed
9681,3428,7,2026-02-18 05:18:49.055013,pending
9682,2534,7,2026-01-14 15:14:47.122032,cancelled
9683,3402,5,2026-04-02 15:44:05.956947,cancelled
9684,872,2,2026-03-15 06:59:57.838368,completed
9685,4456,10,2026-01-16 19:24:57.314543,cancelled
9686,3403,7,2026-03-12 03:09:27.870943,cancelled
9687,3571,4,2026-03-20 02:55:30.153244,cancelled
9688,2279,8,2026-01-02 01:55:33.282393,pending
9689,4829,7,2026-02-04 21:47:39.753959,completed
9690,3276,8,2026-03-28 15:13:20.186004,completed
9691,2934,5,2026-01-04 22:50:05.283593,cancelled
9692,739,3,2026-01-14 16:30:19.539959,completed
9693,498,9,2026-01-14 11:18:39.709419,cancelled
9694,4138,2,2026-03-03 00:24:54.383452,completed
9695,492,5,2026-02-07 01:11:41.966516,pending
9696,2122,3,2026-02-04 07:40:02.748495,pending
9697,13,5,2026-01-18 01:53:39.728130,pending
9698,815,4,2026-01-06 01:41:04.632934,cancelled
9699,3421,6,2026-01-21 13:16:14.962251,cancelled
9700,3,4,2026-02-16 14:50:54.753416,completed
9701,4176,8,2026-01-25 21:59:16.871743,pending
9702,576,8,2026-01-31 20:30:39.743403,completed
9703,4917,1,2026-01-04 16:53:59.920889,pending
9704,14,7,2026-03-05 23:25:30.493780,cancelled
9705,4016,1,2026-02-13 21:09:15.675829,pending
9706,954,8,2026-02-15 02:36:53.428032,cancelled
9707,3046,2,2026-01-07 05:16:15.114713,pending
9708,392,5,2026-02-25 16:57:44.699366,completed
9709,3143,9,2026-03-09 12:31:49.367402,completed
9710,970,8,2026-02-22 01:51:46.132501,cancelled
9711,2831,2,2026-01-28 17:40:56.005734,completed
9712,246,2,2026-02-10 13:38:36.177541,completed
9713,826,10,2026-03-17 06:15:17.157866,completed
9714,1668,6,2026-02-16 19:44:43.678635,cancelled
9715,2537,8,2026-04-02 04:24:19.129572,completed
9716,4628,7,2026-02-20 04:30:19.506651,cancelled
9717,5,8,2026-03-29 15:43:55.690724,cancelled
9718,3596,7,2026-01-29 22:41:57.012169,cancelled
9719,4074,1,2026-01-03 19:27:45.473102,pending
9720,1084,1,2026-02-23 08:44:02.844544,completed
9721,1149,3,2026-03-20 06:10:27.989442,completed
9722,975,8,2026-02-17 15:05:17.340681,completed
9723,3411,4,2026-01-31 15:13:15.148602,cancelled
9724,1763,7,2026-01-13 07:56:14.312823,pending
9725,3417,1,2026-03-28 18:25:49.366817,pending
9726,4872,5,2026-02-24 00:44:02.471161,pending
9727,3551,2,2026-02-15 13:53:54.955648,cancelled
9728,3408,9,2026-01-23 02:12:29.033693,cancelled
9729,517,9,2026-03-19 07:14:16.470380,cancelled
9730,240,6,2026-02-03 15:43:33.761262,cancelled
9731,2444,5,2026-03-03 10:12:25.502912,pending
9732,4307,4,2026-01-26 01:57:36.578730,completed
9733,380,4,2026-03-04 06:03:19.531734,completed
9734,4657,6,2026-03-31 05:44:07.617806,pending
9735,2531,2,2026-03-24 21:50:47.465771,cancelled
9736,1582,10,2026-02-01 09:10:46.041595,pending
9737,673,2,2026-03-24 04:53:49.374109,cancelled
9738,4271,8,2026-01-18 13:24:05.803539,cancelled
9739,3781,7,2026-03-04 08:59:47.108204,completed
9740,4586,3,2026-03-21 20:20:16.773601,pending
9741,687,1,2026-03-22 15:39:34.021237,cancelled
9742,4251,9,2026-02-24 01:06:25.692065,cancelled
9743,658,4,2026-04-07 05:05:40.358172,cancelled
9744,1498,9,2026-02-02 10:58:20.536876,pending
9745,1198,8,2026-02-01 22:13:06.681195,pending
9746,1300,8,2026-02-07 10:48:37.754631,cancelled
9747,2393,9,2026-04-01 09:43:51.110483,pending
9748,4298,4,2026-03-31 01:10:41.027589,pending
9749,1028,7,2026-02-05 07:54:50.817825,pending
9750,530,1,2026-02-03 13:35:28.712577,completed
9751,4861,2,2026-01-10 02:42:11.192007,pending
9752,172,1,2026-02-24 08:13:46.854734,cancelled
9753,10,6,2026-01-25 23:41:31.843353,completed
9754,2026,9,2026-01-22 05:45:47.532213,pending
9755,766,9,2026-03-19 18:50:41.142882,pending
9756,3375,9,2026-02-03 19:19:13.688322,completed
9757,3685,8,2026-03-27 21:54:10.829320,pending
9758,2844,2,2026-02-05 23:18:19.118517,cancelled
9759,2841,3,2026-02-12 01:49:51.344060,completed
9760,4043,10,2026-01-20 13:12:57.795747,pending
9761,2852,9,2026-02-28 17:38:12.154760,pending
9762,196,6,2026-04-01 20:04:31.563243,completed
9763,249,10,2026-04-04 06:58:58.231131,pending
9764,649,10,2026-01-11 20:13:18.351957,pending
9765,4606,6,2026-01-27 19:39:02.797502,cancelled
9766,3868,10,2026-01-19 00:35:32.497002,pending
9767,3408,8,2026-01-13 13:40:05.102990,completed
9768,3014,2,2026-02-06 01:10:27.266716,pending
9769,1437,6,2026-03-26 13:27:47.679346,cancelled
9770,1111,6,2026-01-14 08:58:51.175161,pending
9771,3138,1,2026-02-19 03:34:02.120593,cancelled
9772,828,2,2026-04-07 05:12:27.812064,cancelled
9773,2820,7,2026-03-17 13:33:20.800213,cancelled
9774,479,5,2026-01-23 04:13:15.327095,pending
9775,2211,1,2026-02-14 21:13:45.125947,completed
9776,3603,5,2026-02-11 22:21:32.848589,cancelled
9777,102,2,2026-03-17 19:01:06.820639,cancelled
9778,3866,9,2026-02-26 07:46:16.069689,completed
9779,4714,6,2026-01-22 13:30:30.050150,pending
9780,3164,9,2026-03-30 03:53:04.790473,cancelled
9781,1881,2,2026-02-14 13:37:23.997098,completed
9782,2141,8,2026-02-02 01:34:16.654458,cancelled
9783,3665,4,2026-01-08 01:01:56.707570,completed
9784,2266,2,2026-02-10 07:38:04.479540,cancelled
9785,3979,8,2026-01-18 13:14:58.001043,pending
9786,1,1,2026-01-09 10:49:17.596219,pending
9787,3254,4,2026-02-22 01:48:22.038936,pending
9788,3341,6,2026-01-15 01:57:53.840469,pending
9789,4371,5,2026-03-18 14:57:22.266900,pending
9790,421,2,2026-01-30 01:24:15.857382,cancelled
9791,47,5,2026-04-03 03:05:06.606414,completed
9792,4737,9,2026-03-14 18:03:28.078015,completed
9793,3336,6,2026-01-22 20:09:40.774335,pending
9794,1039,2,2026-01-12 05:42:28.340637,cancelled
9795,909,4,2026-03-28 18:30:44.254260,cancelled
9796,3418,9,2026-01-20 13:10:59.618211,completed
9797,3458,3,2026-04-05 13:21:26.419397,cancelled
9798,664,9,2026-01-14 08:15:45.203825,cancelled
9799,2928,5,2026-02-17 21:08:17.478361,pending
9800,1941,3,2026-03-03 03:46:24.797400,cancelled
9801,2916,5,2026-03-21 11:18:32.678351,pending
9802,4042,2,2026-02-13 00:18:34.243308,pending
9803,3820,9,2026-03-15 23:15:50.204277,completed
9804,4802,6,2026-02-19 15:49:12.353854,completed
9805,82,2,2026-01-16 09:41:47.730647,cancelled
9806,2293,1,2026-01-20 19:39:31.668509,cancelled
9807,479,8,2026-02-22 22:00:01.058535,completed
9808,3232,10,2026-03-09 22:33:42.167442,pending
9809,2112,1,2026-03-20 16:15:28.073958,pending
9810,1496,4,2026-03-14 05:25:44.742097,completed
9811,9,4,2026-03-13 00:01:36.696533,completed
9812,1529,8,2026-02-17 04:57:29.738420,cancelled
9813,4098,10,2026-01-13 07:13:04.238061,completed
9814,2693,1,2026-01-29 06:55:14.613297,completed
9815,4336,3,2026-01-05 23:55:59.578079,cancelled
9816,1068,2,2026-02-21 23:07:43.201731,cancelled
9817,1187,2,2026-01-05 16:53:10.938968,cancelled
9818,1893,7,2026-02-11 22:39:39.895909,cancelled
9819,2822,7,2026-02-20 12:04:16.078120,cancelled
9820,751,10,2026-01-17 06:35:16.911943,completed
9821,1676,5,2026-03-12 15:08:41.450910,cancelled
9822,4113,1,2026-03-19 00:34:59.281734,pending
9823,330,2,2026-01-18 04:51:23.513844,completed
9824,1040,8,2026-02-12 09:54:15.166414,pending
9825,3943,5,2026-03-07 09:52:35.248470,cancelled
9826,1450,4,2026-02-18 08:19:17.659982,completed
9827,4916,9,2026-01-06 10:26:35.689766,pending
9828,2337,1,2026-02-01 15:56:05.301441,pending
9829,162,9,2026-03-23 15:14:23.597829,cancelled
9830,4035,4,2026-03-07 08:07:36.412694,cancelled
9831,533,3,2026-02-08 21:43:29.640889,pending
9832,1838,8,2026-01-19 05:57:59.936913,cancelled
9833,2701,3,2026-04-03 20:50:19.679397,completed
9834,138,6,2026-02-16 18:24:02.246189,pending
9835,3921,4,2026-02-20 13:25:48.320343,pending
9836,708,2,2026-01-17 11:16:03.812158,cancelled
9837,3600,4,2026-01-08 08:09:07.545371,cancelled
9838,1240,8,2026-04-04 20:45:37.021583,completed
9839,4005,3,2026-04-04 05:52:54.016586,cancelled
9840,3128,2,2026-02-13 06:02:23.362116,cancelled
9841,4903,4,2026-02-21 10:37:17.025284,pending
9842,3886,9,2026-01-10 05:53:48.134819,cancelled
9843,329,3,2026-01-03 09:20:55.985226,cancelled
9844,2778,2,2026-01-02 14:49:52.821199,cancelled
9845,557,3,2026-02-23 12:58:53.784559,cancelled
9846,4609,3,2026-03-18 16:04:46.146554,completed
9847,3774,10,2026-03-01 13:05:13.383060,pending
9848,4656,8,2026-01-09 05:04:38.438401,pending
9849,2463,6,2026-01-12 09:51:37.683449,cancelled
9850,1699,7,2026-04-02 22:54:11.933235,cancelled
9851,3262,5,2026-02-22 02:43:12.046405,cancelled
9852,2346,8,2026-01-31 03:14:57.832070,completed
9853,1913,6,2026-01-28 14:58:15.339391,cancelled
9854,2464,9,2026-01-19 03:45:26.025540,completed
9855,2418,9,2026-03-10 23:49:27.247061,pending
9856,2877,2,2026-03-17 18:09:33.999948,pending
9857,3035,7,2026-03-10 03:56:27.256622,completed
9858,2988,7,2026-02-26 23:43:10.990045,pending
9859,1239,2,2026-03-08 10:04:51.524947,cancelled
9860,2952,10,2026-01-15 15:23:22.004496,cancelled
9861,910,6,2026-04-02 15:53:18.600901,cancelled
9862,4509,10,2026-03-30 01:01:07.020290,cancelled
9863,4447,2,2026-01-21 16:48:05.356729,cancelled
9864,3738,9,2026-02-01 05:37:39.200125,cancelled
9865,454,8,2026-03-01 23:30:11.664135,pending
9866,4451,1,2026-04-06 11:19:55.332751,pending
9867,2755,3,2026-03-11 01:17:24.110246,pending
9868,1424,1,2026-04-01 05:24:40.529760,pending
9869,611,8,2026-04-02 17:08:01.136882,completed
9870,2486,1,2026-02-15 14:09:22.245936,cancelled
9871,4326,3,2026-01-23 02:25:14.082523,pending
9872,4032,6,2026-02-27 17:25:32.105912,pending
9873,2068,3,2026-04-05 00:29:49.624353,completed
9874,2544,3,2026-03-29 20:49:05.195365,pending
9875,1312,9,2026-01-29 08:15:09.289671,completed
9876,175,7,2026-03-29 13:02:02.232994,cancelled
9877,1631,6,2026-01-24 06:26:09.138182,pending
9878,2886,8,2026-03-16 17:24:33.104980,pending
9879,3557,2,2026-02-26 16:04:25.251791,completed
9880,1617,6,2026-04-03 07:31:46.784453,cancelled
9881,978,10,2026-01-05 14:10:23.787973,cancelled
9882,3303,5,2026-03-27 05:53:09.543890,cancelled
9883,349,10,2026-03-23 01:23:45.387463,cancelled
9884,2055,3,2026-03-11 10:46:41.230186,cancelled
9885,3027,3,2026-03-17 21:29:54.663333,cancelled
9886,2469,8,2026-01-29 00:51:04.998994,pending
9887,221,5,2026-02-18 11:12:05.798334,cancelled
9888,4220,2,2026-01-15 23:12:38.129638,cancelled
9889,2322,2,2026-02-04 04:10:53.477978,pending
9890,724,2,2026-03-26 23:32:19.284495,cancelled
9891,1618,1,2026-01-18 04:59:00.631140,pending
9892,2887,4,2026-03-20 18:07:29.873707,pending
9893,4973,9,2026-02-13 20:20:49.169905,pending
9894,3910,6,2026-02-19 07:06:16.091294,pending
9895,105,3,2026-01-23 08:00:07.639585,cancelled
9896,3333,3,2026-03-30 19:26:03.828142,cancelled
9897,2329,3,2026-01-10 23:09:40.038849,completed
9898,1453,4,2026-02-26 13:19:20.256510,completed
9899,3104,5,2026-01-16 19:46:45.186536,pending
9900,3272,8,2026-02-05 07:30:45.250093,pending
9901,2387,7,2026-01-10 03:28:06.071569,cancelled
9902,1615,8,2026-01-01 12:39:25.779251,completed
9903,238,10,2026-01-13 04:49:10.685935,cancelled
9904,469,1,2026-03-29 06:52:20.178275,pending
9905,2607,7,2026-02-17 11:17:21.714546,cancelled
9906,3588,4,2026-01-06 15:48:00.177912,cancelled
9907,994,9,2026-01-10 06:24:15.802953,pending
9908,4568,2,2026-03-05 22:32:17.395034,pending
9909,4799,4,2026-01-13 19:11:25.641583,cancelled
9910,4169,7,2026-04-01 23:55:05.226328,pending
9911,3922,2,2026-02-18 03:54:54.610149,cancelled
9912,1339,7,2026-01-19 02:38:37.908378,cancelled
9913,4088,10,2026-02-22 20:16:07.588419,completed
9914,2180,6,2026-02-07 02:36:27.724610,pending
9915,155,3,2026-03-31 05:30:54.317925,completed
9916,2552,6,2026-01-01 17:42:45.591381,completed
9917,2192,8,2026-03-24 09:47:04.319056,cancelled
9918,363,6,2026-01-28 05:39:04.157722,cancelled
9919,261,8,2026-01-30 14:22:09.867275,completed
9920,3177,9,2026-01-20 00:25:52.761566,cancelled
9921,1433,6,2026-01-18 21:15:30.793681,completed
9922,685,5,2026-01-21 18:13:32.914736,pending
9923,3693,8,2026-01-24 15:03:00.765521,pending
9924,1352,1,2026-03-06 08:34:16.172359,cancelled
9925,1748,2,2026-03-01 10:01:34.475653,completed
9926,134,7,2026-03-16 06:29:50.634812,cancelled
9927,1806,8,2026-03-28 00:53:31.500124,completed
9928,3197,7,2026-03-27 22:23:23.385874,completed
9929,1511,3,2026-01-14 13:31:13.381346,completed
9930,2346,7,2026-01-21 17:33:42.640638,cancelled
9931,572,7,2026-01-30 16:32:55.506906,cancelled
9932,868,3,2026-03-16 12:59:29.980560,cancelled
9933,71,10,2026-03-06 09:46:10.320353,pending
9934,4897,8,2026-03-29 04:24:06.151110,completed
9935,886,8,2026-02-05 11:40:44.009535,cancelled
9936,3975,7,2026-02-26 08:42:49.486172,pending
9937,4378,9,2026-02-04 16:58:32.299797,completed
9938,4238,6,2026-01-16 01:57:16.190141,cancelled
9939,4219,8,2026-03-19 14:38:29.862395,completed
9940,4847,7,2026-02-23 08:04:17.283326,pending
9941,4267,6,2026-01-11 16:15:38.049851,cancelled
9942,976,2,2026-01-18 13:45:43.484569,pending
9943,2030,5,2026-01-23 06:41:14.136439,pending
9944,3052,6,2026-03-17 20:36:35.135459,completed
9945,1822,8,2026-02-03 10:21:49.692305,cancelled
9946,4079,2,2026-03-15 11:02:18.871655,pending
9947,3136,8,2026-02-26 04:20:36.971759,completed
9948,4425,6,2026-02-07 23:32:03.141851,pending
9949,2810,3,2026-02-14 21:28:36.775279,cancelled
9950,1858,8,2026-02-25 06:51:30.026740,completed
9951,3839,10,2026-01-07 06:19:52.978893,pending
9952,173,3,2026-02-25 23:32:09.130540,pending
9953,2677,2,2026-02-17 08:05:11.207615,cancelled
9954,4080,1,2026-03-11 08:34:54.497427,pending
9955,1866,1,2026-02-06 04:27:05.072683,pending
9956,4628,6,2026-02-23 17:57:24.664013,pending
9957,546,2,2026-02-27 18:28:31.675098,completed
9958,3970,5,2026-02-13 21:33:52.989774,cancelled
9959,2563,9,2026-02-15 23:34:50.772974,completed
9960,4671,1,2026-01-30 16:38:34.126511,cancelled
9961,3494,4,2026-03-31 13:10:43.456595,completed
9962,2067,1,2026-02-28 13:15:10.988104,cancelled
9963,1683,6,2026-01-15 08:40:41.302058,cancelled
9964,155,4,2026-03-14 12:28:17.740272,cancelled
9965,3012,1,2026-01-10 00:51:48.103690,pending
9966,26,2,2026-04-04 08:05:03.470517,pending
9967,2285,9,2026-01-14 22:42:09.894249,completed
9968,4414,8,2026-03-01 21:13:38.342870,pending
9969,79,8,2026-03-01 18:35:43.639524,pending
9970,624,3,2026-01-23 08:09:37.395765,pending
9971,2391,7,2026-01-07 05:23:40.976526,pending
9972,3926,2,2026-02-12 02:37:56.587972,cancelled
9973,3,10,2026-01-05 16:06:00.002684,pending
9974,4833,6,2026-03-12 00:57:10.213453,completed
9975,2127,9,2026-02-02 02:52:17.425394,pending
9976,92,7,2026-01-24 07:54:59.044614,pending
9977,1865,7,2026-03-01 12:12:05.106458,completed
9978,3518,2,2026-03-28 09:52:56.950909,pending
9979,228,6,2026-01-17 09:07:07.578628,pending
9980,674,9,2026-03-11 08:22:45.210681,pending
9981,3719,9,2026-01-26 12:24:35.982838,completed
9982,4370,6,2026-02-24 18:08:18.533194,pending
9983,407,3,2026-02-18 17:54:55.923984,cancelled
9984,4704,2,2026-03-27 21:28:05.915597,completed
9985,3720,5,2026-02-02 21:09:40.183545,completed
9986,4345,10,2026-02-25 09:33:08.683609,cancelled
9987,3797,1,2026-03-07 01:22:28.658364,completed
9988,338,9,2026-03-12 03:29:22.406635,pending
9989,3211,10,2026-01-11 01:57:30.305715,cancelled
9990,3290,6,2026-01-15 22:51:34.645154,pending
9991,1471,9,2026-03-06 20:05:12.457802,completed
9992,2462,1,2026-01-13 23:44:08.627672,pending
9993,829,5,2026-02-02 01:09:14.888243,cancelled
9994,1506,4,2026-01-17 20:48:23.983279,cancelled
9995,2324,4,2026-02-20 15:01:47.482084,completed
9996,3954,3,2026-03-04 10:56:45.387505,completed
9997,1110,4,2026-01-20 00:30:45.199770,cancelled
9998,782,3,2026-02-06 11:10:46.912427,pending
9999,4414,2,2026-02-19 06:28:07.233489,completed
10000,595,4,2026-03-09 06:20:06.850466,cancelled
10001,4144,8,2026-03-01 00:16:24.334956,completed
10002,3283,10,2026-01-18 18:49:38.589541,pending
10003,3894,5,2026-01-02 15:18:43.455274,pending
10004,1175,10,2026-01-19 16:43:30.902708,pending
10005,4522,4,2026-02-06 14:21:30.978131,completed
10006,2058,3,2026-02-04 20:11:58.782500,cancelled
10007,3081,8,2026-03-04 11:17:56.631306,completed
10008,3619,1,2026-01-04 18:47:22.860423,pending
10009,4601,8,2026-01-26 13:06:47.655197,pending
10010,899,7,2026-01-28 06:49:03.657070,completed
10011,790,9,2026-04-07 05:44:04.049217,completed
10012,4221,6,2026-01-07 01:33:43.752630,pending
10013,3853,5,2026-03-09 04:46:48.585508,cancelled
10014,3412,5,2026-01-11 14:55:38.666388,completed
10015,2324,10,2026-03-22 17:55:54.952839,pending
10016,601,2,2026-02-14 12:53:28.160789,completed
10017,1646,3,2026-02-09 23:00:14.925168,pending
10018,185,6,2026-03-28 11:25:19.854760,completed
10019,101,8,2026-02-19 04:30:36.813508,completed
10020,4386,7,2026-01-16 01:12:04.904138,pending
10021,2895,2,2026-03-10 20:28:16.923481,pending
10022,248,3,2026-02-04 05:06:46.956650,cancelled
10023,371,9,2026-04-04 21:43:50.066386,cancelled
10024,3981,6,2026-02-13 05:21:15.931136,completed
10025,4762,9,2026-01-08 01:50:04.178150,pending
10026,2698,9,2026-01-19 07:22:52.436603,completed
10027,1929,3,2026-01-08 06:56:11.036747,completed
10028,1541,1,2026-01-04 01:33:43.232073,cancelled
10029,1808,10,2026-04-04 13:42:39.328187,completed
10030,4141,3,2026-03-10 10:55:42.507329,cancelled
10031,796,1,2026-03-15 17:14:32.090340,completed
10032,2091,10,2026-01-13 21:15:08.932380,completed
10033,4660,9,2026-03-12 21:10:26.051655,completed
10034,3865,5,2026-01-18 14:48:30.348015,cancelled
10035,1867,8,2026-04-04 01:13:35.444529,cancelled
10036,1140,1,2026-01-21 16:25:13.959158,pending
10037,4298,10,2026-01-24 15:06:22.043987,completed
10038,4733,1,2026-02-22 06:14:21.995344,completed
10039,2217,10,2026-04-01 12:00:17.775357,cancelled
10040,4716,10,2026-01-14 22:17:28.570324,pending
10041,4758,4,2026-01-17 16:36:12.667748,cancelled
10042,1160,10,2026-02-24 07:28:16.256761,pending
10043,3219,9,2026-02-05 08:42:49.384068,pending
10044,1322,1,2026-02-13 01:00:48.901625,cancelled
10045,749,2,2026-01-12 21:28:51.079278,pending
10046,2877,5,2026-02-14 00:13:40.585436,completed
10047,999,6,2026-02-28 09:56:10.754834,pending
10048,2035,6,2026-02-14 07:55:48.044401,cancelled
10049,3153,10,2026-02-25 16:09:07.684808,cancelled
10050,4722,8,2026-01-08 05:50:18.559861,cancelled
10051,3790,6,2026-01-10 01:05:14.769674,cancelled
10052,2013,2,2026-02-12 19:15:48.506988,pending
10053,1146,4,2026-01-24 13:49:43.682716,cancelled
10054,357,8,2026-02-21 06:26:23.401281,completed
10055,3149,1,2026-03-24 22:35:52.224195,pending
10056,4839,9,2026-01-31 14:39:18.436229,cancelled
10057,757,2,2026-03-08 09:40:20.805922,cancelled
10058,673,8,2026-01-26 16:23:39.832220,completed
10059,1827,4,2026-01-05 00:16:42.103981,completed
10060,4661,4,2026-01-22 20:11:23.318812,cancelled
10061,443,8,2026-03-22 10:04:45.345988,pending
10062,1809,2,2026-03-13 02:59:13.814713,completed
10063,2244,8,2026-01-19 03:53:03.479447,cancelled
10064,4301,10,2026-04-01 10:34:30.333882,cancelled
10065,740,7,2026-01-18 20:14:21.420388,cancelled
10066,1439,4,2026-02-14 05:00:07.577614,completed
10067,109,4,2026-01-23 04:14:49.180541,pending
10068,880,3,2026-02-15 03:06:50.102240,completed
10069,1819,4,2026-02-16 12:07:36.897608,pending
10070,1853,8,2026-02-26 07:34:43.931758,pending
10071,2814,2,2026-03-25 16:30:02.884354,pending
10072,2836,3,2026-02-27 07:41:54.591594,completed
10073,3220,7,2026-03-04 03:57:49.876517,completed
10074,3858,4,2026-01-09 06:14:34.153645,completed
10075,4958,1,2026-01-24 08:14:32.524101,cancelled
10076,425,6,2026-02-04 03:28:18.703583,completed
10077,33,7,2026-04-05 18:35:38.328774,cancelled
10078,4411,7,2026-03-04 16:40:51.764336,cancelled
10079,468,1,2026-03-12 09:28:32.274188,cancelled
10080,1211,8,2026-03-07 13:12:04.466630,pending
10081,20,7,2026-03-24 12:26:49.762914,cancelled
10082,4367,5,2026-01-12 18:06:58.431603,pending
10083,1480,8,2026-02-20 04:53:23.050476,completed
10084,397,2,2026-02-11 09:06:21.595515,pending
10085,2170,7,2026-03-04 09:31:41.924251,completed
10086,499,1,2026-01-05 04:31:38.503061,pending
10087,1610,5,2026-01-10 23:26:59.790245,pending
10088,3425,3,2026-02-19 09:11:00.301261,completed
10089,2833,10,2026-02-20 23:58:22.313895,pending
10090,4958,4,2026-02-13 14:53:59.647550,cancelled
10091,3245,8,2026-04-01 03:59:37.818390,completed
10092,588,4,2026-01-09 02:32:00.060971,completed
10093,3384,2,2026-01-29 06:54:32.162136,cancelled
10094,3677,5,2026-02-10 09:07:39.227243,completed
10095,732,10,2026-01-01 23:58:12.070529,cancelled
10096,1212,1,2026-03-24 21:13:47.482440,cancelled
10097,4497,7,2026-02-17 01:04:45.043413,completed
10098,4169,6,2026-02-15 10:25:16.932437,cancelled
10099,4641,2,2026-03-30 03:45:41.232369,cancelled
10100,509,9,2026-03-20 07:40:57.231616,cancelled
10101,224,1,2026-02-08 20:30:33.425200,cancelled
10102,3011,7,2026-03-11 22:21:43.505759,pending
10103,4831,10,2026-02-15 22:23:20.242269,cancelled
10104,4655,1,2026-01-20 03:02:55.836785,cancelled
10105,3819,2,2026-01-27 20:53:50.710845,completed
10106,533,9,2026-01-18 10:32:27.148901,completed
10107,4258,5,2026-02-06 14:47:09.528183,completed
10108,112,10,2026-01-12 01:00:17.185946,completed
10109,4149,9,2026-02-27 12:09:06.009966,cancelled
10110,3119,5,2026-03-18 12:10:28.604996,completed
10111,2773,1,2026-03-17 23:53:51.375491,completed
10112,106,8,2026-03-25 09:08:04.934867,cancelled
10113,649,9,2026-03-17 09:34:26.817943,cancelled
10114,3245,10,2026-03-19 21:45:30.053182,completed
10115,579,7,2026-03-28 13:39:47.742032,completed
10116,165,1,2026-01-07 08:10:37.364903,completed
10117,3199,6,2026-03-21 14:11:07.164023,completed
10118,4612,2,2026-01-01 04:38:03.329341,pending
10119,144,2,2026-02-09 06:29:36.005225,pending
10120,4306,6,2026-02-08 02:01:50.257125,pending
10121,4488,1,2026-02-16 00:57:41.258562,cancelled
10122,1161,10,2026-01-08 20:58:38.358498,pending
10123,12,8,2026-03-04 20:14:50.141195,cancelled
10124,3280,4,2026-03-04 20:28:20.321025,cancelled
10125,2320,6,2026-04-04 12:26:31.251484,pending
10126,700,4,2026-03-05 21:02:18.653226,cancelled
10127,3431,3,2026-02-19 08:36:54.432218,completed
10128,4539,3,2026-04-01 23:52:52.504036,completed
10129,3844,10,2026-01-15 05:44:04.968507,cancelled
10130,1965,6,2026-02-26 12:18:01.431427,completed
10131,1484,2,2026-02-14 15:46:30.003256,pending
10132,244,5,2026-03-27 15:59:01.889648,completed
10133,4607,6,2026-01-22 16:02:54.113662,pending
10134,3826,3,2026-03-26 14:50:06.277204,completed
10135,3910,4,2026-03-27 04:08:38.763727,completed
10136,3791,9,2026-02-21 18:36:45.041986,cancelled
10137,849,10,2026-03-16 11:23:13.571337,pending
10138,33,1,2026-01-04 18:21:02.286490,completed
10139,673,7,2026-03-16 14:23:54.703108,cancelled
10140,3443,4,2026-01-26 18:39:10.509657,completed
10141,4614,2,2026-04-07 02:14:15.097101,pending
10142,4119,8,2026-01-12 01:27:26.686127,cancelled
10143,2682,7,2026-01-27 05:19:13.314086,pending
10144,2156,9,2026-01-29 21:32:17.263459,pending
10145,1017,4,2026-02-11 15:05:33.272788,completed
10146,227,8,2026-01-04 18:39:14.082971,completed
10147,4381,2,2026-01-10 19:54:01.594225,pending
10148,2077,3,2026-01-05 21:32:56.446110,cancelled
10149,605,10,2026-01-11 01:59:07.020303,pending
10150,278,3,2026-03-02 07:15:46.502012,completed
10151,3492,9,2026-03-07 00:36:33.073718,pending
10152,3005,7,2026-03-15 16:33:23.875567,completed
10153,735,3,2026-02-12 00:30:36.995696,cancelled
10154,4842,7,2026-01-07 00:12:46.325606,cancelled
10155,434,8,2026-02-11 19:46:14.664691,cancelled
10156,1259,8,2026-02-12 10:19:52.336176,pending
10157,4021,3,2026-03-10 22:46:41.189635,pending
10158,1450,7,2026-02-25 14:55:15.287740,cancelled
10159,1326,8,2026-03-06 17:48:14.243674,cancelled
10160,2377,6,2026-01-02 22:15:31.125079,completed
10161,485,4,2026-03-11 06:32:43.740777,pending
10162,1577,1,2026-04-07 12:13:23.254189,cancelled
10163,2780,4,2026-03-20 09:51:45.963045,pending
10164,4947,1,2026-03-28 00:05:56.782030,completed
10165,836,8,2026-01-22 20:17:34.856112,cancelled
10166,4639,7,2026-01-17 19:32:51.839567,pending
10167,2783,2,2026-01-31 00:52:35.936970,cancelled
10168,4315,10,2026-02-26 15:19:47.369238,cancelled
10169,3511,6,2026-03-14 14:08:29.940382,pending
10170,4648,4,2026-03-08 14:53:27.140199,pending
10171,4436,6,2026-02-08 02:37:36.413382,pending
10172,1117,8,2026-01-15 01:57:28.277424,pending
10173,1200,2,2026-01-26 06:44:56.782514,pending
10174,2249,7,2026-03-24 03:04:30.138130,completed
10175,1,4,2026-03-03 19:36:09.735121,completed
10176,1263,8,2026-02-04 15:22:26.439405,cancelled
10177,2314,4,2026-03-18 02:44:05.618701,pending
10178,3041,3,2026-02-26 16:08:51.245353,completed
10179,1811,8,2026-01-04 10:31:52.119119,cancelled
10180,2090,7,2026-02-03 14:30:20.988124,pending
10181,1417,4,2026-02-12 19:42:27.725593,cancelled
10182,3535,3,2026-01-30 20:49:07.592967,pending
10183,1280,10,2026-01-27 18:35:26.632792,cancelled
10184,4749,2,2026-02-08 21:02:11.770138,pending
10185,2331,7,2026-02-22 15:02:14.924078,pending
10186,3426,4,2026-01-29 05:15:02.466678,cancelled
10187,1845,2,2026-02-12 06:38:00.653034,cancelled
10188,1880,10,2026-03-15 13:47:31.022178,cancelled
10189,1503,1,2026-03-08 05:13:35.968984,pending
10190,3370,10,2026-03-19 15:45:06.834136,cancelled
10191,4102,7,2026-01-21 09:25:15.961366,pending
10192,1936,7,2026-02-27 17:29:17.722542,pending
10193,714,6,2026-02-17 22:22:38.120097,completed
10194,2530,6,2026-04-04 04:10:50.682300,cancelled
10195,972,5,2026-03-25 00:23:21.642765,cancelled
10196,1658,6,2026-03-02 13:49:20.737067,completed
10197,49,9,2026-02-22 18:29:50.868968,cancelled
10198,2556,1,2026-04-03 12:02:13.425882,pending
10199,4538,5,2026-03-11 11:44:44.704575,completed
10200,208,8,2026-02-22 18:47:30.597299,completed
10201,2479,10,2026-02-27 03:20:35.462986,cancelled
10202,4017,2,2026-02-01 22:11:01.512878,pending
10203,4728,9,2026-03-31 08:07:36.206513,pending
10204,1663,4,2026-02-06 03:36:55.303518,pending
10205,936,9,2026-02-04 18:41:39.695743,pending
10206,556,8,2026-01-06 03:39:33.459839,pending
10207,4307,3,2026-01-08 09:11:09.562936,cancelled
10208,4540,4,2026-01-14 18:03:34.287606,completed
10209,1372,6,2026-01-21 14:16:35.484495,completed
10210,3838,10,2026-02-04 21:51:27.716970,pending
10211,3302,7,2026-03-25 06:38:14.231233,completed
10212,3068,8,2026-03-06 06:26:10.245191,completed
10213,216,2,2026-04-02 19:41:26.899623,cancelled
10214,3980,6,2026-02-14 11:05:26.767147,pending
10215,294,4,2026-01-01 15:40:02.869977,pending
10216,67,2,2026-02-17 08:53:59.740947,completed
10217,2887,3,2026-03-01 10:58:08.323794,pending
10218,2343,5,2026-03-29 22:55:28.635810,cancelled
10219,2815,6,2026-01-29 06:02:50.643245,cancelled
10220,3190,6,2026-02-08 06:48:13.584518,completed
10221,1775,8,2026-03-15 23:56:19.632511,cancelled
10222,3273,1,2026-02-23 08:59:01.522936,completed
10223,309,9,2026-03-10 08:33:37.075441,cancelled
10224,3939,9,2026-04-03 18:13:29.382091,completed
10225,1635,6,2026-01-29 12:30:31.744664,cancelled
10226,3021,1,2026-03-15 22:41:26.738949,pending
10227,56,6,2026-03-03 23:23:13.080866,cancelled
10228,347,2,2026-01-01 00:21:21.801863,pending
10229,775,4,2026-04-03 19:25:01.435215,completed
10230,1875,5,2026-02-20 09:51:16.423400,pending
10231,1733,2,2026-04-02 09:31:09.315502,pending
10232,4783,6,2026-01-27 21:09:01.124397,completed
10233,2030,1,2026-03-08 07:38:44.474731,cancelled
10234,3934,8,2026-03-15 19:47:56.883998,cancelled
10235,3963,3,2026-04-05 10:05:26.683728,cancelled
10236,3866,3,2026-01-29 05:45:10.946654,pending
10237,4781,10,2026-01-26 08:22:01.044866,completed
10238,4781,1,2026-03-22 03:00:30.845644,pending
10239,4338,2,2026-02-19 08:08:27.727192,completed
10240,4432,10,2026-01-14 04:47:16.471367,pending
10241,1181,10,2026-03-07 09:03:05.411203,pending
10242,2609,10,2026-02-06 20:49:33.809215,completed
10243,3577,10,2026-02-19 14:05:30.157685,cancelled
10244,1215,4,2026-01-08 16:40:19.872452,cancelled
10245,1396,8,2026-02-12 17:49:22.762970,completed
10246,752,8,2026-03-25 06:34:34.510073,pending
10247,2553,4,2026-01-20 07:20:58.523418,cancelled
10248,3901,2,2026-01-31 10:25:34.781332,cancelled
10249,4535,5,2026-03-16 00:26:10.910156,completed
10250,2182,4,2026-03-02 09:27:08.726209,pending
10251,685,1,2026-02-28 13:28:13.014707,cancelled
10252,4251,1,2026-01-22 05:50:58.863648,completed
10253,2283,1,2026-03-24 16:27:35.474889,completed
10254,1339,1,2026-03-04 03:56:35.411210,completed
10255,1689,5,2026-01-16 23:14:48.030416,cancelled
10256,4219,9,2026-02-09 20:10:56.629282,pending
10257,909,10,2026-01-15 08:17:28.192128,pending
10258,659,2,2026-02-19 03:31:37.110142,completed
10259,1536,5,2026-01-18 19:02:27.848579,completed
10260,2227,2,2026-02-17 03:45:01.044985,pending
10261,4288,9,2026-02-12 17:27:02.634697,cancelled
10262,3738,8,2026-01-01 23:23:10.781247,pending
10263,899,10,2026-03-11 22:01:40.135635,cancelled
10264,4021,2,2026-01-08 06:38:00.734160,pending
10265,911,9,2026-01-23 22:32:35.186173,completed
10266,1981,4,2026-01-09 11:16:53.745723,completed
10267,1010,7,2026-01-01 01:07:19.962668,cancelled
10268,2412,8,2026-01-03 00:23:45.823024,cancelled
10269,3838,6,2026-04-02 01:01:02.023725,pending
10270,1783,6,2026-01-27 17:59:49.251914,completed
10271,237,6,2026-03-10 11:01:28.303519,cancelled
10272,3739,7,2026-03-30 02:59:47.157398,completed
10273,3567,9,2026-03-30 09:00:15.113209,cancelled
10274,3191,6,2026-01-13 17:56:49.200440,cancelled
10275,4234,6,2026-03-26 15:50:44.987451,completed
10276,1988,1,2026-03-11 18:24:29.426337,cancelled
10277,563,1,2026-02-08 16:15:00.945359,completed
10278,1845,2,2026-02-24 13:03:37.617685,cancelled
10279,150,4,2026-01-29 11:51:41.071073,completed
10280,1830,7,2026-02-24 14:02:50.305441,completed
10281,1972,6,2026-02-23 11:21:59.531396,pending
10282,908,2,2026-03-18 16:12:57.373776,pending
10283,4704,4,2026-01-04 14:38:15.245208,cancelled
10284,1348,10,2026-02-26 12:37:22.033202,cancelled
10285,3750,5,2026-01-18 08:02:12.509633,completed
10286,3644,4,2026-01-08 14:08:02.059311,pending
10287,3224,3,2026-02-15 03:19:25.670532,completed
10288,2608,1,2026-02-28 11:41:00.500332,cancelled
10289,2755,6,2026-02-09 11:33:39.475728,cancelled
10290,2901,2,2026-03-02 07:23:22.846995,cancelled
10291,256,3,2026-03-18 06:50:35.618686,cancelled
10292,2722,5,2026-02-28 15:22:14.766872,completed
10293,1269,5,2026-01-21 03:34:54.392444,cancelled
10294,1539,10,2026-02-10 17:28:29.677035,cancelled
10295,4411,8,2026-01-08 23:50:27.507074,pending
10296,2276,10,2026-03-14 23:57:42.462304,pending
10297,4312,8,2026-02-23 21:05:51.978419,cancelled
10298,2840,4,2026-02-23 13:50:45.779979,completed
10299,3078,4,2026-03-17 22:22:58.468904,completed
10300,213,6,2026-02-11 17:44:14.019144,pending
10301,752,4,2026-01-28 15:14:35.306730,completed
10302,4534,1,2026-01-24 03:15:51.859488,cancelled
10303,4476,8,2026-01-26 13:43:01.453266,pending
10304,4932,9,2026-04-07 07:33:04.415832,cancelled
10305,382,10,2026-02-17 16:46:32.234129,pending
10306,4606,3,2026-03-13 18:48:10.687896,cancelled
10307,4070,5,2026-03-29 09:31:32.523837,completed
10308,1163,1,2026-03-21 19:33:35.300760,completed
10309,1230,2,2026-02-05 11:06:25.234320,pending
10310,2188,8,2026-04-07 02:33:01.253052,completed
10311,1280,6,2026-03-15 16:47:49.634878,cancelled
10312,3646,4,2026-01-09 20:40:18.128788,pending
10313,2349,3,2026-01-18 16:04:42.875218,pending
10314,759,5,2026-04-02 22:55:17.607379,pending
10315,2468,4,2026-02-06 05:30:26.530579,completed
10316,3527,10,2026-01-12 19:16:09.334527,pending
10317,3509,6,2026-01-12 05:25:04.721587,cancelled
10318,3831,6,2026-01-11 01:48:45.537909,completed
10319,4452,10,2026-04-04 09:46:05.931453,pending
10320,1995,6,2026-02-12 20:52:57.488527,pending
10321,3480,3,2026-01-24 15:44:35.209489,pending
10322,372,7,2026-02-10 06:44:02.776941,pending
10323,3303,10,2026-01-02 12:54:39.859886,completed
10324,2785,10,2026-02-05 08:21:54.590981,completed
10325,1986,8,2026-02-24 01:43:44.574902,pending
10326,2086,9,2026-02-19 05:39:35.962464,completed
10327,3950,5,2026-01-09 14:17:29.679534,pending
10328,1835,5,2026-01-20 06:55:09.752517,completed
10329,3907,1,2026-03-21 20:23:34.989993,pending
10330,2561,1,2026-01-07 04:58:14.288572,pending
10331,4104,9,2026-02-12 03:24:44.189680,cancelled
10332,1349,7,2026-01-19 02:02:00.128708,pending
10333,119,7,2026-04-03 23:51:07.200392,cancelled
10334,2130,3,2026-04-07 10:10:37.488081,completed
10335,3043,6,2026-01-16 15:19:07.127645,cancelled
10336,1056,6,2026-01-31 07:19:59.381391,cancelled
10337,4183,3,2026-03-17 22:24:36.984297,cancelled
10338,394,7,2026-02-08 05:38:55.743934,pending
10339,3884,10,2026-01-25 23:17:05.816742,pending
10340,1482,2,2026-01-04 21:09:15.856325,pending
10341,1158,7,2026-02-06 16:09:43.125690,completed
10342,191,2,2026-03-31 19:23:51.827959,completed
10343,3152,8,2026-03-31 17:43:00.811379,cancelled
10344,4454,2,2026-01-02 22:11:43.669757,cancelled
10345,3572,5,2026-03-07 18:35:10.808831,pending
10346,2072,2,2026-03-07 08:14:46.528903,completed
10347,900,3,2026-01-07 15:00:03.525331,completed
10348,3363,5,2026-03-10 14:44:24.617678,pending
10349,3536,3,2026-02-24 15:55:37.658811,pending
10350,4615,10,2026-03-21 05:09:57.968131,pending
10351,3419,1,2026-02-22 05:09:23.952954,cancelled
10352,1453,2,2026-03-25 04:43:08.086996,pending
10353,4835,1,2026-02-17 23:34:08.745239,completed
10354,529,10,2026-02-14 22:51:09.491060,cancelled
10355,3217,1,2026-02-11 22:29:09.554931,cancelled
10356,906,3,2026-01-15 02:50:17.959975,pending
10357,1314,6,2026-03-15 22:05:47.851424,cancelled
10358,3769,7,2026-02-22 22:33:54.383158,pending
10359,2394,2,2026-03-26 17:35:26.512479,cancelled
10360,4661,6,2026-01-09 20:14:07.261544,completed
10361,2108,2,2026-03-01 13:03:32.919073,completed
10362,4080,3,2026-02-18 01:38:28.845129,completed
10363,856,4,2026-01-26 22:26:11.220513,cancelled
10364,4474,3,2026-04-03 05:48:57.058738,pending
10365,512,1,2026-02-12 17:48:01.867763,pending
10366,826,2,2026-03-16 13:47:29.960901,pending
10367,4830,9,2026-01-22 02:45:24.572264,pending
10368,295,10,2026-02-17 11:05:08.952650,completed
10369,2002,1,2026-01-22 17:00:17.113404,cancelled
10370,1691,6,2026-03-27 06:10:57.611946,completed
10371,1913,7,2026-04-05 07:19:43.240998,cancelled
10372,1612,7,2026-04-04 10:29:45.997274,pending
10373,3945,9,2026-02-02 02:15:35.193141,cancelled
10374,2665,7,2026-02-12 16:00:10.453443,completed
10375,4941,5,2026-03-06 22:38:34.296623,cancelled
10376,1174,6,2026-01-29 15:42:06.255494,pending
10377,99,9,2026-03-02 13:43:48.175412,cancelled
10378,2226,1,2026-03-16 13:54:37.871561,pending
10379,4241,3,2026-03-11 15:16:57.530682,cancelled
10380,1552,4,2026-02-11 01:35:48.544156,cancelled
10381,1149,6,2026-01-13 08:38:01.877407,completed
10382,4465,4,2026-03-17 04:33:14.239138,cancelled
10383,329,8,2026-03-13 00:41:41.448473,cancelled
10384,1206,8,2026-02-03 09:20:12.355761,cancelled
10385,2758,4,2026-03-14 14:27:45.627865,pending
10386,3922,2,2026-03-03 04:48:07.557078,pending
10387,4892,5,2026-04-07 07:32:49.928791,completed
10388,923,3,2026-01-17 04:09:55.941614,cancelled
10389,2878,2,2026-03-10 19:01:41.733886,cancelled
10390,639,5,2026-02-12 02:03:08.905690,completed
10391,288,5,2026-01-11 02:59:25.705819,completed
10392,1985,6,2026-03-28 15:16:32.263102,pending
10393,1560,9,2026-02-28 14:03:16.598811,completed
10394,4300,8,2026-01-13 06:06:21.063213,completed
10395,549,4,2026-01-23 05:08:35.574445,pending
10396,1929,6,2026-01-11 16:10:14.033958,cancelled
10397,1443,3,2026-01-27 22:46:42.539168,completed
10398,2374,7,2026-01-12 15:56:25.555341,cancelled
10399,3668,9,2026-03-26 21:54:02.261595,completed
10400,4588,2,2026-02-14 03:13:11.544343,cancelled
10401,2346,8,2026-03-10 03:26:14.243524,pending
10402,1840,2,2026-01-19 07:14:03.211200,cancelled
10403,1272,4,2026-02-06 12:43:00.510961,pending
10404,3499,4,2026-04-01 20:14:50.609430,completed
10405,171,5,2026-01-13 05:37:55.884585,completed
10406,1869,2,2026-01-31 00:30:52.013855,completed
10407,3207,6,2026-01-28 04:24:35.975487,pending
10408,3729,8,2026-01-22 16:08:35.207671,cancelled
10409,3637,6,2026-02-21 00:58:09.462575,completed
10410,1151,1,2026-03-18 14:45:40.619490,pending
10411,2976,10,2026-02-28 15:53:52.244926,pending
10412,1657,7,2026-03-10 17:46:31.573572,pending
10413,3433,1,2026-03-31 16:40:33.139003,pending
10414,3582,2,2026-02-20 13:19:20.557337,pending
10415,942,9,2026-02-20 21:45:43.243095,pending
10416,2788,4,2026-03-06 10:49:18.953457,cancelled
10417,800,2,2026-03-06 09:07:41.939619,pending
10418,2358,6,2026-01-28 01:40:47.427312,cancelled
10419,4301,10,2026-02-06 04:01:39.055518,pending
10420,230,10,2026-02-26 01:11:56.434611,cancelled
10421,3363,1,2026-02-14 17:31:09.447834,pending
10422,1093,5,2026-01-26 00:36:47.598270,completed
10423,2393,2,2026-01-02 22:24:55.762005,pending
10424,1670,3,2026-01-24 03:05:19.202403,cancelled
10425,3359,4,2026-01-31 04:12:54.638659,pending
10426,1145,10,2026-01-11 05:58:56.578767,cancelled
10427,3354,9,2026-03-15 15:02:58.236011,completed
10428,1423,10,2026-02-14 03:58:24.048723,pending
10429,3123,10,2026-02-03 21:54:40.026803,completed
10430,2397,5,2026-01-04 00:08:22.487721,pending
10431,477,6,2026-02-26 10:45:46.760273,pending
10432,1733,3,2026-03-02 07:54:08.909639,pending
10433,782,5,2026-04-05 09:44:07.710373,cancelled
10434,3948,6,2026-01-11 19:29:43.836374,completed
10435,4235,3,2026-02-01 18:10:06.400592,pending
10436,3922,8,2026-02-12 15:55:34.805798,cancelled
10437,2645,6,2026-03-22 00:03:08.621695,completed
10438,4732,5,2026-03-04 22:58:40.613007,completed
10439,4705,8,2026-02-21 19:21:14.726389,pending
10440,257,1,2026-03-13 10:23:08.500129,completed
10441,2063,3,2026-04-02 07:28:33.515406,cancelled
10442,3113,2,2026-03-01 16:35:55.268639,completed
10443,2739,4,2026-01-31 11:05:37.676803,cancelled
10444,2544,4,2026-03-06 07:01:21.929077,completed
10445,33,1,2026-03-06 14:31:29.539936,pending
10446,1981,2,2026-02-17 19:26:29.946696,cancelled
10447,3158,2,2026-03-17 19:16:54.155329,cancelled
10448,1573,10,2026-03-30 18:14:37.106500,completed
10449,3919,6,2026-01-11 03:35:21.548464,pending
10450,3149,9,2026-03-28 05:33:14.208151,completed
10451,2201,5,2026-02-04 03:28:23.138770,pending
10452,1245,10,2026-04-04 03:03:26.710431,pending
10453,2026,9,2026-03-03 14:34:03.189109,completed
10454,2352,8,2026-03-11 04:25:32.887453,pending
10455,4854,9,2026-03-29 04:40:01.613031,pending
10456,1853,2,2026-01-29 13:10:31.321534,completed
10457,3844,2,2026-03-22 06:13:46.074764,cancelled
10458,646,2,2026-02-14 02:18:57.725882,completed
10459,4566,7,2026-01-02 00:46:44.471315,cancelled
10460,3824,9,2026-02-11 11:31:02.352787,pending
10461,1172,2,2026-02-07 00:47:23.093593,completed
10462,803,3,2026-02-10 13:52:05.719139,completed
10463,2810,6,2026-03-19 21:20:10.115071,cancelled
10464,2326,1,2026-02-22 16:51:59.400049,pending
10465,1678,6,2026-02-05 11:50:40.004959,cancelled
10466,3640,3,2026-01-16 06:56:48.970960,completed
10467,3997,7,2026-01-05 15:26:37.275828,cancelled
10468,4484,7,2026-02-03 12:01:28.747169,pending
10469,4219,1,2026-02-13 09:10:45.709813,completed
10470,3846,1,2026-01-26 11:57:18.856412,completed
10471,2558,10,2026-01-22 13:06:50.053208,pending
10472,4903,8,2026-01-07 23:02:21.576110,pending
10473,960,9,2026-02-20 21:11:27.300545,pending
10474,1849,1,2026-02-03 23:52:34.367504,cancelled
10475,2032,8,2026-02-06 04:03:34.022886,cancelled
10476,4709,3,2026-01-08 22:01:10.481282,cancelled
10477,2143,3,2026-03-24 07:26:41.741928,completed
10478,3233,8,2026-02-14 03:45:55.593770,cancelled
10479,3065,7,2026-04-01 10:31:32.258526,pending
10480,4397,4,2026-02-26 04:35:57.551896,pending
10481,1011,5,2026-03-20 17:25:26.256128,completed
10482,1748,2,2026-01-30 18:46:41.336974,completed
10483,1363,4,2026-02-19 11:09:05.440288,pending
10484,602,3,2026-01-18 04:13:12.429238,pending
10485,475,2,2026-02-06 01:48:45.158692,cancelled
10486,1787,5,2026-03-03 19:01:13.809594,completed
10487,3017,7,2026-01-26 13:18:41.841099,completed
10488,479,3,2026-02-21 12:45:00.659223,cancelled
10489,2547,9,2026-01-25 03:35:50.305181,pending
10490,2412,6,2026-02-01 01:32:46.415878,completed
10491,909,8,2026-03-11 17:35:02.797738,completed
10492,1231,1,2026-02-13 06:24:45.680057,completed
10493,3626,4,2026-01-16 23:13:22.189016,completed
10494,4747,2,2026-03-24 23:20:12.707300,completed
10495,4146,6,2026-03-01 20:53:56.081175,completed
10496,1489,5,2026-02-08 21:45:50.520558,cancelled
10497,4571,5,2026-01-30 19:33:18.675933,completed
10498,4919,1,2026-03-01 03:39:25.217153,cancelled
10499,1531,9,2026-01-27 18:04:21.844776,pending
10500,34,1,2026-01-28 02:31:38.803600,pending
10501,1525,2,2026-02-24 16:10:01.384398,cancelled
10502,1891,10,2026-01-26 15:46:03.524266,completed
10503,2331,7,2026-01-02 09:57:27.973750,pending
10504,4759,9,2026-02-17 15:47:54.388837,cancelled
10505,1165,10,2026-03-28 05:43:58.677587,pending
10506,594,7,2026-02-12 08:48:06.539234,pending
10507,4578,5,2026-01-25 05:54:25.268036,pending
10508,1679,10,2026-01-02 12:46:29.725534,completed
10509,3840,4,2026-01-08 14:19:16.779779,cancelled
10510,3618,5,2026-03-05 16:32:42.600855,cancelled
10511,2760,7,2026-01-26 02:22:43.101423,cancelled
10512,2809,4,2026-03-22 12:45:39.077103,cancelled
10513,3098,2,2026-01-12 23:36:32.605577,completed
10514,3004,1,2026-01-11 08:30:21.591459,completed
10515,1161,2,2026-02-22 21:57:12.335224,cancelled
10516,4750,6,2026-04-02 05:08:49.781900,completed
10517,2018,4,2026-03-19 23:46:45.805025,pending
10518,2313,8,2026-01-06 03:46:45.182550,pending
10519,586,7,2026-03-21 06:52:18.477558,pending
10520,4995,10,2026-01-17 10:45:40.038796,pending
10521,4124,5,2026-03-30 00:58:12.142305,pending
10522,1845,5,2026-01-02 23:14:48.487210,pending
10523,4698,2,2026-02-26 13:23:38.850549,pending
10524,4777,8,2026-01-09 16:13:18.833608,completed
10525,2217,9,2026-03-09 11:26:21.996599,cancelled
10526,10,6,2026-02-08 17:16:49.523055,pending
10527,896,3,2026-03-09 20:39:01.815119,cancelled
10528,3046,8,2026-02-02 01:21:21.584799,cancelled
10529,136,7,2026-03-18 20:37:33.023515,pending
10530,1936,1,2026-03-23 18:23:11.142435,cancelled
10531,433,6,2026-02-09 16:35:47.980849,completed
10532,2885,5,2026-03-31 21:57:50.958369,cancelled
10533,2870,7,2026-01-05 06:23:23.796015,pending
10534,1907,3,2026-01-31 04:21:11.499710,completed
10535,3638,10,2026-01-10 19:07:26.546324,cancelled
10536,88,9,2026-01-28 15:05:18.252614,cancelled
10537,207,10,2026-03-12 15:17:04.791067,completed
10538,2088,2,2026-03-22 22:37:04.824976,cancelled
10539,708,5,2026-02-01 20:37:05.602028,cancelled
10540,2131,4,2026-02-23 11:52:59.546802,pending
10541,4072,1,2026-02-04 07:05:02.100100,completed
10542,58,2,2026-04-03 02:28:16.399806,completed
10543,3201,3,2026-01-19 08:10:22.056384,completed
10544,1517,9,2026-02-18 11:29:57.264154,cancelled
10545,3725,2,2026-02-28 06:48:03.972528,completed
10546,4874,2,2026-01-19 01:25:18.897132,completed
10547,1224,5,2026-02-15 11:23:16.731503,completed
10548,2424,6,2026-03-15 07:04:42.786083,completed
10549,1077,10,2026-03-25 03:26:54.453843,cancelled
10550,3159,5,2026-03-12 22:45:43.055268,pending
10551,17,4,2026-01-24 20:17:49.940609,cancelled
10552,577,8,2026-01-17 02:16:57.019893,cancelled
10553,3550,8,2026-02-16 00:16:44.821038,pending
10554,4201,8,2026-04-07 16:14:03.760040,completed
10555,1013,4,2026-03-01 06:00:51.880618,completed
10556,2064,6,2026-04-07 07:49:21.026105,cancelled
10557,774,9,2026-03-25 00:02:54.303191,pending
10558,3145,2,2026-04-06 01:21:40.905227,cancelled
10559,4918,5,2026-02-26 12:01:40.100918,completed
10560,1645,7,2026-01-09 12:57:45.534373,pending
10561,3547,10,2026-01-15 07:45:06.119317,pending
10562,2638,9,2026-03-09 12:00:50.897281,pending
10563,4322,7,2026-03-23 02:08:25.068069,pending
10564,1167,5,2026-02-14 03:15:29.860539,pending
10565,3569,10,2026-03-21 03:04:04.666889,cancelled
10566,1116,6,2026-01-30 02:47:12.124035,completed
10567,3974,1,2026-03-17 05:29:25.336643,cancelled
10568,2570,10,2026-02-27 16:34:14.840981,cancelled
10569,1936,1,2026-03-14 10:32:26.726762,pending
10570,3678,7,2026-03-19 09:42:08.082981,cancelled
10571,1966,8,2026-01-02 19:27:50.958506,completed
10572,1509,3,2026-01-01 09:32:24.354241,pending
10573,1374,5,2026-01-08 12:02:57.478138,completed
10574,2090,9,2026-02-18 21:13:51.436689,pending
10575,2196,1,2026-01-21 12:15:09.411481,pending
10576,1742,2,2026-03-02 16:11:11.776370,cancelled
10577,1998,3,2026-02-03 02:18:59.878897,cancelled
10578,3730,3,2026-03-28 13:53:13.495791,pending
10579,1636,6,2026-03-30 18:34:40.618071,completed
10580,4235,2,2026-02-25 01:57:12.974823,pending
10581,1615,4,2026-03-16 20:37:37.750418,cancelled
10582,3213,4,2026-04-01 08:33:59.521657,pending
10583,2084,6,2026-03-23 23:34:59.110462,pending
10584,4157,10,2026-01-09 05:33:38.242953,pending
10585,4592,8,2026-03-17 02:15:45.416249,pending
10586,2666,5,2026-03-07 15:32:22.935991,completed
10587,4517,9,2026-02-21 10:46:37.977879,cancelled
10588,944,2,2026-01-21 07:49:59.368339,pending
10589,777,10,2026-02-20 04:24:39.270261,pending
10590,4817,3,2026-02-05 13:37:57.036684,completed
10591,2369,5,2026-03-28 22:30:05.237300,pending
10592,4474,1,2026-03-11 18:32:06.988553,completed
10593,1558,7,2026-02-25 18:13:06.749075,completed
10594,4662,7,2026-03-03 10:16:17.125938,completed
10595,3134,1,2026-03-10 13:08:45.069835,pending
10596,1087,3,2026-01-05 19:00:29.198316,cancelled
10597,2552,2,2026-02-17 13:34:09.505680,cancelled
10598,4705,4,2026-01-22 02:33:45.674721,pending
10599,2906,5,2026-01-09 11:55:21.669937,cancelled
10600,4670,4,2026-03-08 16:26:41.954354,completed
10601,3304,6,2026-01-12 17:36:13.390615,pending
10602,1097,9,2026-03-29 14:57:43.041970,completed
10603,1402,8,2026-02-11 06:17:58.808501,completed
10604,2485,3,2026-01-30 13:55:15.090320,pending
10605,4109,9,2026-03-11 19:48:31.807047,completed
10606,4745,7,2026-03-17 02:14:05.920328,pending
10607,3769,9,2026-01-25 22:52:01.179322,cancelled
10608,905,6,2026-03-01 15:09:07.573620,completed
10609,2552,8,2026-01-28 18:23:23.670076,pending
10610,2030,10,2026-04-03 18:59:41.597738,completed
10611,891,4,2026-01-02 17:20:07.970410,cancelled
10612,1384,8,2026-01-22 00:49:57.597112,cancelled
10613,4314,6,2026-02-22 03:09:30.614956,cancelled
10614,1852,7,2026-02-13 19:26:09.260704,cancelled
10615,3684,9,2026-01-25 02:07:51.289334,pending
10616,4656,6,2026-02-15 17:49:40.574281,pending
10617,2910,6,2026-02-13 21:42:28.448316,cancelled
10618,4310,4,2026-03-21 13:58:49.984734,cancelled
10619,2459,1,2026-01-27 20:08:31.474570,completed
10620,4170,8,2026-03-07 05:54:13.127900,pending
10621,159,6,2026-03-15 19:07:18.281830,cancelled
10622,2713,1,2026-01-24 18:34:44.539828,pending
10623,4276,2,2026-02-09 21:19:37.770351,cancelled
10624,1027,1,2026-01-22 21:47:36.490742,completed
10625,4415,5,2026-03-24 14:40:06.676486,completed
10626,3138,5,2026-02-11 19:03:57.284121,cancelled
10627,1680,5,2026-01-10 12:32:40.073910,completed
10628,3226,2,2026-01-10 23:24:32.273369,pending
10629,519,4,2026-01-08 16:29:36.662721,pending
10630,2823,10,2026-02-15 16:12:05.189572,completed
10631,1759,4,2026-01-31 16:53:03.556966,cancelled
10632,4559,1,2026-03-05 04:30:18.173877,pending
10633,3198,10,2026-01-10 21:22:18.728981,cancelled
10634,2152,6,2026-02-21 01:16:43.299062,completed
10635,2034,5,2026-01-11 07:32:13.434824,cancelled
10636,2836,4,2026-04-04 17:06:15.777119,pending
10637,1780,2,2026-02-13 09:33:22.779345,cancelled
10638,1308,2,2026-03-28 02:45:32.334492,cancelled
10639,4992,9,2026-01-06 11:27:10.680727,completed
10640,3347,10,2026-02-05 10:10:38.799275,completed
10641,297,5,2026-03-15 07:35:15.876686,pending
10642,3943,2,2026-01-31 03:34:44.667157,pending
10643,4447,1,2026-02-07 10:46:18.122627,cancelled
10644,1133,8,2026-03-22 07:03:36.528581,pending
10645,4712,8,2026-02-14 14:59:46.717911,pending
10646,1121,7,2026-01-29 20:11:37.700235,completed
10647,2009,8,2026-03-03 04:06:40.283367,completed
10648,1537,1,2026-02-06 04:47:04.098263,pending
10649,2897,1,2026-03-02 22:22:33.116385,cancelled
10650,4727,1,2026-03-23 03:37:04.202116,pending
10651,1460,3,2026-03-09 05:24:44.152952,pending
10652,1416,3,2026-01-29 19:05:27.621644,completed
10653,2740,5,2026-02-05 08:36:27.715255,completed
10654,519,8,2026-02-04 21:19:14.709282,cancelled
10655,2001,2,2026-03-17 11:52:22.029083,pending
10656,947,5,2026-03-07 05:24:05.393605,cancelled
10657,636,5,2026-03-28 07:27:49.109156,completed
10658,278,3,2026-01-25 18:08:21.205888,cancelled
10659,3014,4,2026-02-28 13:27:15.188990,pending
10660,2282,9,2026-01-13 12:49:07.394773,cancelled
10661,2102,5,2026-02-12 23:50:46.430475,cancelled
10662,3544,9,2026-03-25 08:44:21.153323,completed
10663,4605,7,2026-02-08 19:23:20.828201,cancelled
10664,1061,1,2026-03-16 14:40:34.749284,cancelled
10665,2551,8,2026-02-14 13:23:35.084922,cancelled
10666,3317,9,2026-01-07 05:24:39.590616,completed
10667,3296,5,2026-01-04 02:45:56.161422,cancelled
10668,3512,9,2026-01-04 03:37:46.358837,completed
10669,4812,10,2026-02-08 22:49:09.712509,completed
10670,1642,5,2026-03-18 17:54:52.842025,pending
10671,2813,2,2026-03-04 04:45:39.527672,completed
10672,3066,6,2026-03-29 20:56:56.043115,completed
10673,1056,4,2026-03-02 20:40:58.782048,completed
10674,4029,6,2026-03-17 18:19:44.153555,cancelled
10675,1166,5,2026-03-10 04:11:37.837721,pending
10676,878,9,2026-04-06 03:03:51.948837,cancelled
10677,876,8,2026-03-11 16:53:19.474588,pending
10678,4021,1,2026-01-28 18:25:38.194835,pending
10679,2925,4,2026-02-15 04:14:57.379772,pending
10680,3962,3,2026-02-23 14:41:03.433725,completed
10681,3741,10,2026-03-15 02:24:51.007993,pending
10682,3651,10,2026-03-17 10:10:00.272011,completed
10683,1700,3,2026-03-14 09:07:50.853793,pending
10684,2259,3,2026-01-02 20:35:42.440322,completed
10685,3564,3,2026-02-17 10:01:48.274370,completed
10686,844,4,2026-03-21 07:59:32.937575,completed
10687,3073,4,2026-03-20 20:55:19.614022,pending
10688,866,1,2026-04-05 15:04:45.252376,completed
10689,4366,10,2026-03-30 22:40:48.609785,cancelled
10690,3073,8,2026-01-21 03:41:38.981566,cancelled
10691,541,2,2026-03-05 18:15:10.506538,pending
10692,203,5,2026-02-19 05:22:48.073334,pending
10693,3414,7,2026-03-25 03:08:02.534439,pending
10694,708,5,2026-01-09 02:33:54.848969,pending
10695,4056,4,2026-03-18 00:50:17.549739,pending
10696,2443,2,2026-03-26 06:23:31.571326,completed
10697,606,3,2026-04-01 20:12:02.154390,pending
10698,2909,5,2026-02-09 03:34:10.844316,pending
10699,4063,8,2026-02-20 21:51:17.115943,pending
10700,2738,7,2026-02-16 13:05:19.382698,cancelled
10701,3360,4,2026-03-21 21:17:04.622899,completed
10702,2846,8,2026-02-16 07:22:15.220173,cancelled
10703,4992,5,2026-02-27 14:13:12.367830,cancelled
10704,796,6,2026-03-10 20:29:03.082649,cancelled
10705,1826,9,2026-04-02 02:43:54.698360,cancelled
10706,4517,8,2026-01-17 22:39:00.103351,pending
10707,2289,1,2026-03-10 10:44:48.927969,completed
10708,1891,1,2026-03-26 20:02:02.252220,completed
10709,1077,9,2026-02-21 22:00:45.500282,pending
10710,1785,9,2026-03-14 01:27:48.187301,cancelled
10711,3854,5,2026-01-30 07:35:59.855702,completed
10712,521,7,2026-01-23 08:07:00.228517,pending
10713,4505,7,2026-01-08 19:23:43.512372,pending
10714,4960,6,2026-01-11 10:42:18.782563,cancelled
10715,2161,3,2026-03-24 05:28:01.391048,pending
10716,3882,6,2026-03-12 18:02:42.189335,pending
10717,1210,8,2026-03-28 13:38:12.873543,pending
10718,4737,5,2026-01-19 16:09:09.458224,pending
10719,3810,7,2026-02-27 02:45:46.856262,pending
10720,1560,7,2026-02-11 07:05:50.315537,completed
10721,322,3,2026-02-08 05:26:34.643014,pending
10722,2096,10,2026-03-24 13:09:43.662955,pending
10723,4103,4,2026-02-22 05:58:33.285964,pending
10724,1602,10,2026-01-28 00:41:33.138526,completed
10725,3625,8,2026-02-05 06:26:51.810822,completed
10726,3086,7,2026-02-11 08:01:36.590962,completed
10727,2065,5,2026-01-21 08:10:52.982696,pending
10728,1456,8,2026-03-04 11:03:47.883409,completed
10729,289,6,2026-01-27 13:37:44.552222,pending
10730,1771,3,2026-04-01 17:42:09.126368,completed
10731,4466,6,2026-03-25 07:41:29.844511,completed
10732,2630,7,2026-01-22 10:52:25.817589,cancelled
10733,2806,5,2026-02-08 01:23:28.451688,completed
10734,611,6,2026-02-08 08:49:59.903115,cancelled
10735,3545,7,2026-03-01 05:44:32.101671,completed
10736,3738,7,2026-02-21 04:54:29.651283,cancelled
10737,2963,7,2026-01-19 17:36:55.247913,pending
10738,1047,6,2026-01-09 20:01:54.578685,completed
10739,2099,7,2026-02-23 05:18:07.420836,cancelled
10740,2795,1,2026-04-02 21:18:42.493118,completed
10741,4442,1,2026-02-10 07:43:46.182381,pending
10742,585,9,2026-02-20 08:39:16.066276,pending
10743,1139,1,2026-03-31 03:33:58.064050,pending
10744,3407,6,2026-01-24 18:53:02.933515,pending
10745,242,3,2026-02-18 19:23:41.630771,pending
10746,3678,7,2026-01-18 17:03:20.227998,pending
10747,974,6,2026-02-10 08:26:07.189357,cancelled
10748,4582,7,2026-01-27 19:23:01.258825,cancelled
10749,2688,4,2026-03-08 03:58:12.698497,cancelled
10750,2235,7,2026-02-10 12:56:36.932642,completed
10751,3751,9,2026-02-11 18:42:06.118567,cancelled
10752,527,9,2026-02-05 04:15:57.392299,completed
10753,2683,10,2026-03-07 15:50:49.711404,pending
10754,3015,9,2026-01-20 03:55:36.252138,completed
10755,4766,5,2026-04-04 13:29:07.634975,pending
10756,4326,10,2026-01-03 10:10:56.568312,cancelled
10757,371,3,2026-03-21 04:14:23.543832,completed
10758,3496,3,2026-03-20 11:14:05.903749,pending
10759,1768,1,2026-04-02 11:10:07.575497,cancelled
10760,3481,2,2026-01-16 22:21:46.654116,completed
10761,215,2,2026-03-20 17:20:45.551727,completed
10762,2687,5,2026-01-25 23:22:29.599642,cancelled
10763,4648,4,2026-02-20 19:56:21.648342,pending
10764,4140,5,2026-01-31 08:35:40.648296,completed
10765,674,8,2026-02-18 10:14:44.166206,completed
10766,3377,7,2026-03-29 22:01:18.811570,cancelled
10767,903,10,2026-02-14 22:04:52.495041,pending
10768,3726,8,2026-01-12 17:34:15.433721,cancelled
10769,3152,10,2026-02-28 17:34:23.039057,pending
10770,4842,6,2026-03-01 21:41:07.522731,completed
10771,2447,3,2026-04-01 19:45:13.110426,completed
10772,2750,3,2026-01-26 12:19:44.035416,pending
10773,4327,6,2026-03-12 11:05:27.760607,cancelled
10774,3928,2,2026-01-04 03:22:29.577333,completed
10775,450,3,2026-01-15 19:40:23.403466,completed
10776,379,7,2026-03-01 15:39:15.389793,completed
10777,3915,8,2026-02-21 06:43:47.765028,cancelled
10778,4313,9,2026-03-11 19:32:00.754660,pending
10779,1796,2,2026-03-03 12:14:14.077308,completed
10780,1878,1,2026-03-25 23:40:03.286603,cancelled
10781,4389,4,2026-04-03 01:38:51.800657,completed
10782,4007,10,2026-02-08 21:47:38.819149,completed
10783,4568,8,2026-02-07 17:58:37.553281,cancelled
10784,2311,6,2026-04-07 01:10:58.183533,completed
10785,1022,8,2026-03-28 17:20:08.166315,cancelled
10786,4437,2,2026-03-24 22:43:30.025124,cancelled
10787,1994,10,2026-03-21 02:08:32.024614,pending
10788,514,7,2026-02-17 10:55:07.374066,completed
10789,1083,3,2026-02-04 08:17:48.697311,completed
10790,3099,7,2026-03-23 00:53:23.211845,completed
10791,1226,4,2026-01-13 10:53:20.195469,completed
10792,4004,10,2026-04-06 14:59:20.026620,pending
10793,1983,9,2026-04-07 06:19:52.167404,completed
10794,4089,2,2026-02-10 09:34:23.339835,pending
10795,4951,5,2026-02-09 03:29:11.823952,cancelled
10796,842,8,2026-03-27 08:21:01.276626,cancelled
10797,1699,5,2026-03-09 18:06:51.920788,completed
10798,835,4,2026-02-14 05:37:14.221749,cancelled
10799,51,5,2026-02-07 09:48:29.108086,pending
10800,1303,6,2026-01-14 05:09:02.639180,cancelled
10801,2532,7,2026-03-16 16:38:07.786614,pending
10802,3668,4,2026-02-28 06:00:47.568819,completed
10803,907,4,2026-03-18 06:51:16.707811,completed
10804,758,5,2026-01-01 09:44:35.615037,cancelled
10805,60,2,2026-01-21 02:32:35.587829,completed
10806,2287,5,2026-02-15 04:59:09.638450,cancelled
10807,4740,10,2026-02-09 12:03:40.926394,pending
10808,2552,4,2026-03-17 00:20:08.209816,completed
10809,1737,9,2026-03-03 04:40:48.351540,pending
10810,4545,2,2026-02-03 09:28:00.697298,cancelled
10811,2765,1,2026-03-25 19:41:29.747938,completed
10812,3870,7,2026-02-09 21:11:15.810142,completed
10813,4962,10,2026-02-26 19:13:49.069065,completed
10814,1194,1,2026-01-01 23:40:39.390422,cancelled
10815,898,8,2026-01-26 15:49:01.466093,cancelled
10816,2243,6,2026-01-10 00:13:01.045598,completed
10817,404,6,2026-01-13 02:23:07.696823,completed
10818,811,5,2026-02-05 16:39:40.413753,completed
10819,2383,6,2026-02-19 12:20:19.429711,completed
10820,2994,9,2026-02-08 17:21:46.606225,completed
10821,3052,5,2026-03-17 11:40:45.636443,completed
10822,2076,10,2026-01-08 07:28:35.733875,completed
10823,3933,6,2026-02-12 15:19:12.707498,cancelled
10824,1109,1,2026-02-05 03:43:50.964487,completed
10825,4287,6,2026-02-03 00:20:04.520797,completed
10826,228,3,2026-01-21 03:03:25.614473,cancelled
10827,949,8,2026-02-22 03:24:15.482919,pending
10828,2293,4,2026-04-04 08:23:47.392622,pending
10829,1297,10,2026-04-06 09:02:17.648328,completed
10830,4853,5,2026-01-02 18:54:46.612857,completed
10831,2457,2,2026-02-26 06:18:44.327536,cancelled
10832,4381,2,2026-01-29 13:12:01.855756,completed
10833,4407,1,2026-01-21 22:51:55.973516,cancelled
10834,2857,3,2026-02-27 07:05:23.038074,completed
10835,802,4,2026-01-24 18:52:21.267383,cancelled
10836,4524,9,2026-03-20 03:53:02.701156,completed
10837,1218,4,2026-01-17 21:10:45.175508,completed
10838,1372,10,2026-01-27 10:30:30.014194,pending
10839,2462,9,2026-02-04 22:00:57.202664,completed
10840,4857,1,2026-01-13 10:41:24.092889,completed
10841,1330,8,2026-01-15 20:43:00.231850,pending
10842,2477,3,2026-01-16 08:29:54.011206,cancelled
10843,118,1,2026-03-17 20:55:33.394630,pending
10844,4839,8,2026-01-08 22:28:07.217702,completed
10845,4036,10,2026-03-15 15:13:47.106760,pending
10846,1878,1,2026-01-13 02:12:43.745275,pending
10847,1865,7,2026-03-03 05:33:38.138605,completed
10848,1748,9,2026-01-16 09:56:49.231918,cancelled
10849,1909,10,2026-02-23 04:22:42.481446,cancelled
10850,4848,4,2026-02-14 03:11:52.792501,completed
10851,2150,8,2026-03-04 16:09:19.128971,pending
10852,3871,6,2026-01-10 16:30:04.307118,cancelled
10853,2163,5,2026-02-22 08:57:50.599416,pending
10854,3590,2,2026-02-24 21:29:50.535608,pending
10855,1440,6,2026-01-29 20:48:05.142745,cancelled
10856,4342,5,2026-04-06 14:56:42.447715,cancelled
10857,2368,5,2026-03-14 08:27:08.341458,pending
10858,3372,1,2026-03-21 08:15:28.696888,cancelled
10859,4135,9,2026-01-02 16:59:41.150870,completed
10860,2118,10,2026-02-06 00:07:17.079233,pending
10861,3328,3,2026-01-20 16:57:44.299133,cancelled
10862,3886,9,2026-01-24 09:23:34.113232,cancelled
10863,2110,7,2026-03-06 10:14:54.337599,completed
10864,477,9,2026-02-26 08:32:42.629995,cancelled
10865,1993,5,2026-02-21 23:46:40.495457,pending
10866,741,7,2026-03-28 19:17:35.119773,completed
10867,56,2,2026-01-04 14:21:09.705622,completed
10868,3108,6,2026-02-25 21:00:47.046949,cancelled
10869,3524,6,2026-04-02 04:01:16.605796,pending
10870,1104,9,2026-02-05 18:55:44.778185,cancelled
10871,3709,7,2026-01-12 07:04:04.234794,pending
10872,2195,1,2026-01-17 16:43:51.347961,completed
10873,1932,7,2026-01-24 22:00:55.374707,pending
10874,1349,10,2026-01-29 21:49:05.325188,cancelled
10875,2777,6,2026-01-22 17:30:41.454351,cancelled
10876,3795,9,2026-02-04 03:15:01.274503,pending
10877,4095,10,2026-04-04 09:17:54.274865,pending
10878,4299,8,2026-01-10 04:15:47.678158,completed
10879,2127,1,2026-02-28 09:54:44.216614,cancelled
10880,4716,4,2026-01-24 12:44:22.480175,cancelled
10881,2375,5,2026-03-08 14:17:21.517991,cancelled
10882,2968,3,2026-02-01 02:37:09.581861,completed
10883,37,3,2026-03-05 04:32:16.060649,pending
10884,2850,4,2026-02-05 03:30:16.750573,completed
10885,15,4,2026-03-23 11:49:00.359364,pending
10886,2143,6,2026-04-01 05:47:38.540481,pending
10887,4625,2,2026-01-14 15:25:58.399973,cancelled
10888,1009,7,2026-01-04 10:32:19.477431,completed
10889,2625,3,2026-03-09 03:12:14.757773,cancelled
10890,4563,9,2026-01-09 15:29:29.111883,cancelled
10891,3767,6,2026-01-01 16:08:48.875547,completed
10892,4139,3,2026-01-04 15:07:29.588824,completed
10893,4019,4,2026-03-06 17:44:52.600943,completed
10894,4557,5,2026-01-14 10:54:22.424366,cancelled
10895,1911,2,2026-03-02 12:25:26.114821,cancelled
10896,3069,3,2026-02-04 07:57:10.723096,pending
10897,3240,4,2026-03-09 17:44:58.546369,cancelled
10898,4326,6,2026-02-02 13:01:34.362583,completed
10899,1666,4,2026-01-07 18:16:26.930655,completed
10900,1659,7,2026-02-13 05:32:25.881084,completed
10901,1740,6,2026-02-01 23:11:26.574405,pending
10902,2824,5,2026-02-26 10:26:37.669433,cancelled
10903,2745,10,2026-03-06 14:05:49.877578,completed
10904,36,4,2026-02-08 04:26:16.924979,pending
10905,377,10,2026-03-01 07:32:12.334883,completed
10906,4468,3,2026-01-31 08:18:43.072257,cancelled
10907,3898,7,2026-01-27 14:04:35.171273,pending
10908,2338,5,2026-04-04 23:00:11.195738,cancelled
10909,1621,5,2026-03-11 03:21:31.810341,completed
10910,4620,7,2026-03-30 13:20:01.165103,pending
10911,1582,5,2026-03-10 17:58:13.730016,cancelled
10912,4405,2,2026-02-09 00:05:17.582520,completed
10913,1888,1,2026-04-01 08:05:33.646521,cancelled
10914,237,2,2026-03-19 05:53:34.070525,pending
10915,2905,4,2026-03-02 08:31:38.942282,completed
10916,1303,6,2026-02-12 19:43:11.176852,cancelled
10917,2319,5,2026-02-28 08:14:22.966022,completed
10918,4952,4,2026-03-08 05:31:24.047138,pending
10919,1219,2,2026-01-13 20:56:25.055964,completed
10920,1630,2,2026-02-17 18:31:58.604297,cancelled
10921,1638,2,2026-04-07 13:14:47.297485,pending
10922,1783,10,2026-03-10 20:12:40.431821,pending
10923,1375,10,2026-01-02 15:38:33.693578,cancelled
10924,443,6,2026-01-10 04:25:49.699821,completed
10925,4049,6,2026-03-17 21:55:59.349715,pending
10926,762,6,2026-01-25 12:09:58.429486,cancelled
10927,594,10,2026-01-26 22:49:37.063939,completed
10928,1487,2,2026-01-28 18:21:24.812407,completed
10929,216,3,2026-02-13 00:08:08.680971,completed
10930,4282,9,2026-02-06 08:14:46.416631,cancelled
10931,45,4,2026-02-23 19:30:52.863395,cancelled
10932,3349,3,2026-03-05 12:52:01.575772,completed
10933,128,3,2026-03-29 02:14:47.673633,cancelled
10934,880,4,2026-02-08 14:47:51.498119,pending
10935,1609,10,2026-02-12 05:56:31.174923,cancelled
10936,891,5,2026-02-24 23:24:42.809029,pending
10937,123,6,2026-03-08 00:40:43.592219,pending
10938,3988,4,2026-01-22 22:29:57.455595,pending
10939,2153,5,2026-01-14 13:09:09.212064,completed
10940,3916,6,2026-03-17 11:45:27.411462,pending
10941,3678,5,2026-01-17 04:47:29.375782,cancelled
10942,3365,1,2026-01-24 06:48:12.779106,completed
10943,152,5,2026-01-07 03:51:31.371354,completed
10944,1981,3,2026-02-09 10:01:47.925004,pending
10945,1593,10,2026-01-10 10:09:53.872180,completed
10946,948,9,2026-03-15 18:32:20.188917,pending
10947,4838,1,2026-01-27 21:01:02.087461,cancelled
10948,4231,8,2026-02-07 05:27:37.476178,pending
10949,205,8,2026-02-22 07:19:44.868834,pending
10950,1400,1,2026-03-11 13:55:37.564683,completed
10951,3165,3,2026-03-07 08:01:38.669010,cancelled
10952,2782,3,2026-02-16 10:12:57.603596,pending
10953,2941,6,2026-02-19 00:15:07.111987,cancelled
10954,747,3,2026-01-17 04:37:15.516901,pending
10955,275,6,2026-03-10 19:46:01.070537,cancelled
10956,2307,10,2026-03-13 00:48:27.183140,cancelled
10957,1548,6,2026-01-06 13:42:22.217603,pending
10958,3134,2,2026-01-16 13:04:29.156970,cancelled
10959,4736,9,2026-03-19 06:01:08.035820,completed
10960,1468,9,2026-03-23 16:43:02.854938,completed
10961,3020,7,2026-02-25 03:54:44.455990,completed
10962,2469,6,2026-01-24 13:11:09.839828,completed
10963,4299,5,2026-01-15 17:02:47.453769,cancelled
10964,2293,5,2026-03-20 16:08:20.211683,pending
10965,508,7,2026-01-07 00:04:25.780507,completed
10966,4001,8,2026-01-02 20:19:18.104362,completed
10967,2744,8,2026-03-20 01:40:52.789925,pending
10968,4194,6,2026-03-01 10:02:06.037173,completed
10969,4874,7,2026-03-27 05:38:38.252424,cancelled
10970,4427,3,2026-04-03 01:21:03.321956,pending
10971,4881,9,2026-02-22 14:34:01.762846,completed
10972,830,10,2026-03-21 08:29:46.682028,completed
10973,2137,6,2026-02-07 08:59:17.516148,cancelled
10974,3084,10,2026-01-23 14:08:53.290918,pending
10975,2910,1,2026-02-15 04:14:10.547416,cancelled
10976,393,4,2026-03-22 10:31:57.621412,cancelled
10977,1058,5,2026-03-12 15:26:49.449214,completed
10978,1563,5,2026-02-10 04:14:21.791669,completed
10979,4399,4,2026-02-02 11:49:14.077665,pending
10980,1232,10,2026-02-02 16:28:38.762925,pending
10981,108,10,2026-02-03 07:56:57.527931,completed
10982,3737,7,2026-01-08 12:16:55.865796,pending
10983,829,7,2026-02-14 03:47:31.875695,completed
10984,4776,7,2026-01-31 02:25:34.460603,cancelled
10985,1184,3,2026-01-24 00:23:27.023788,cancelled
10986,1697,10,2026-03-12 08:02:04.472947,completed
10987,2337,5,2026-04-05 10:47:20.686492,pending
10988,3320,4,2026-03-11 04:20:48.488452,completed
10989,3723,7,2026-02-22 20:49:06.421507,cancelled
10990,3599,3,2026-01-16 12:31:07.016542,cancelled
10991,2055,10,2026-03-14 01:16:02.985896,pending
10992,1930,9,2026-03-25 11:00:27.403298,completed
10993,4923,6,2026-01-08 06:38:25.903496,completed
10994,1213,4,2026-01-04 10:40:44.824638,cancelled
10995,3693,1,2026-02-03 00:32:50.437555,completed
10996,4610,8,2026-01-26 21:44:24.534052,pending
10997,1326,9,2026-01-22 11:52:30.112673,cancelled
10998,1451,4,2026-02-19 14:09:47.489896,completed
10999,4427,10,2026-02-09 06:01:55.914010,pending
11000,141,1,2026-01-12 01:36:54.089695,completed
11001,371,2,2026-02-24 04:10:48.362901,cancelled
11002,11,1,2026-02-27 22:03:50.347509,cancelled
11003,866,2,2026-03-12 21:01:24.751113,completed
11004,3824,9,2026-01-11 13:48:26.668462,cancelled
11005,3957,8,2026-02-07 04:52:42.053091,completed
11006,1012,6,2026-01-25 20:20:08.868819,completed
11007,385,7,2026-01-30 04:31:41.507571,completed
11008,1026,9,2026-01-26 06:14:18.019371,cancelled
11009,2130,4,2026-03-24 09:22:17.611111,cancelled
11010,1616,4,2026-02-05 18:36:59.676216,pending
11011,261,7,2026-01-16 09:22:19.488476,completed
11012,3618,9,2026-02-11 02:41:06.949615,cancelled
11013,4407,1,2026-01-02 07:05:49.590496,cancelled
11014,4622,3,2026-01-06 04:20:24.390199,cancelled
11015,2491,2,2026-03-20 09:42:11.401614,completed
11016,3144,10,2026-03-10 08:36:21.253457,completed
11017,3571,7,2026-02-13 08:30:14.684234,pending
11018,2795,10,2026-01-13 23:50:04.570196,pending
11019,1731,9,2026-03-29 00:37:49.489223,completed
11020,1108,7,2026-01-15 19:13:26.803287,cancelled
11021,4409,8,2026-03-02 10:02:37.410111,cancelled
11022,3350,1,2026-01-20 14:01:42.699071,cancelled
11023,1181,2,2026-01-05 03:17:48.473543,completed
11024,2476,4,2026-01-29 02:10:31.657273,pending
11025,4573,3,2026-03-10 20:05:08.790727,cancelled
11026,3595,9,2026-01-19 16:18:41.052656,completed
11027,1010,5,2026-03-15 23:25:54.386074,cancelled
11028,109,9,2026-04-07 03:14:12.496274,completed
11029,1870,1,2026-03-31 23:06:45.870892,pending
11030,3837,1,2026-03-04 19:02:26.774655,cancelled
11031,174,3,2026-02-06 19:06:25.812820,cancelled
11032,2553,1,2026-02-11 00:43:49.918144,cancelled
11033,936,6,2026-03-08 01:18:02.537769,completed
11034,4941,8,2026-03-26 09:23:16.030556,cancelled
11035,968,2,2026-02-07 11:44:51.849422,completed
11036,566,9,2026-02-04 13:31:41.401042,cancelled
11037,255,7,2026-03-31 23:33:20.062091,cancelled
11038,4844,10,2026-01-22 22:39:33.100245,cancelled
11039,3664,7,2026-01-01 14:20:14.975925,completed
11040,2709,8,2026-02-05 20:10:42.703740,completed
11041,130,4,2026-02-20 15:26:32.988999,cancelled
11042,342,9,2026-03-04 17:17:39.004858,cancelled
11043,3223,5,2026-03-20 09:59:08.821573,pending
11044,4524,1,2026-03-01 19:34:30.499079,cancelled
11045,1355,9,2026-01-07 06:21:11.425966,completed
11046,799,8,2026-03-22 12:47:33.132346,cancelled
11047,4795,3,2026-01-24 07:58:43.247613,cancelled
11048,1357,1,2026-01-18 06:00:34.821267,pending
11049,311,9,2026-03-21 04:02:33.245687,pending
11050,4196,7,2026-02-13 11:35:27.045593,cancelled
11051,1309,4,2026-02-15 19:24:03.430201,completed
11052,1480,10,2026-03-04 07:37:00.394482,cancelled
11053,949,5,2026-04-01 03:54:50.810171,cancelled
11054,3205,7,2026-02-17 05:03:24.167407,completed
11055,470,5,2026-01-14 09:02:16.301997,completed
11056,580,2,2026-02-10 06:09:53.713392,completed
11057,932,2,2026-03-25 02:13:47.501556,completed
11058,818,1,2026-02-05 17:00:27.872937,pending
11059,2582,3,2026-02-20 05:13:57.251958,cancelled
11060,4202,7,2026-03-29 19:25:18.624077,cancelled
11061,485,4,2026-03-08 11:02:45.214897,pending
11062,1400,5,2026-01-12 23:42:22.834435,cancelled
11063,2133,5,2026-03-25 22:46:57.961271,completed
11064,105,3,2026-03-11 21:13:23.739920,completed
11065,3355,4,2026-02-20 04:23:56.408764,cancelled
11066,2070,5,2026-01-04 16:09:44.834021,cancelled
11067,769,10,2026-01-29 07:42:20.787874,cancelled
11068,79,7,2026-02-09 17:31:22.336677,cancelled
11069,2030,4,2026-01-14 04:19:12.221912,pending
11070,705,7,2026-01-24 05:58:42.286063,pending
11071,2754,1,2026-01-20 14:55:24.498594,completed
11072,3433,3,2026-02-09 00:50:18.042147,pending
11073,437,4,2026-02-02 19:05:55.961489,completed
11074,4712,3,2026-01-31 00:04:46.168936,pending
11075,2492,10,2026-04-04 04:15:08.768176,pending
11076,2708,9,2026-02-21 07:34:06.961466,completed
11077,2351,2,2026-04-06 20:57:34.043942,completed
11078,2728,5,2026-01-30 23:23:37.314982,pending
11079,2910,7,2026-01-05 17:38:02.309153,cancelled
11080,3997,3,2026-03-23 06:32:37.071975,completed
11081,3665,1,2026-01-28 01:13:01.700732,cancelled
11082,1343,2,2026-02-11 07:50:51.413165,pending
11083,3386,2,2026-04-04 04:04:07.731825,pending
11084,2152,9,2026-04-05 02:19:47.646928,cancelled
11085,1546,10,2026-01-17 02:07:01.349649,completed
11086,3097,4,2026-02-02 01:47:17.748713,cancelled
11087,865,8,2026-03-14 05:07:12.158595,pending
11088,4678,4,2026-02-28 18:16:54.262571,completed
11089,4243,7,2026-01-25 20:31:16.702942,completed
11090,2963,9,2026-01-13 21:39:19.248313,cancelled
11091,3109,10,2026-01-12 01:25:49.816057,pending
11092,4098,7,2026-03-10 05:13:51.946624,cancelled
11093,4963,10,2026-02-08 20:07:30.775279,completed
11094,2934,8,2026-04-02 04:05:44.635001,cancelled
11095,660,7,2026-02-17 16:21:59.432685,pending
11096,2549,8,2026-01-10 03:18:05.368162,cancelled
11097,4588,6,2026-01-16 12:57:07.669873,cancelled
11098,3291,8,2026-03-23 02:19:24.766351,cancelled
11099,4973,4,2026-03-06 06:54:19.299226,pending
11100,4633,3,2026-01-05 14:29:25.721295,pending
11101,111,4,2026-01-04 12:40:21.894767,cancelled
11102,3682,10,2026-02-12 10:52:13.381722,completed
11103,1286,1,2026-04-03 15:59:17.405148,completed
11104,3097,8,2026-03-03 12:40:41.722688,cancelled
11105,1991,1,2026-03-11 06:52:49.449247,completed
11106,4230,9,2026-01-15 05:39:22.632231,pending
11107,2494,3,2026-03-13 16:33:50.977780,pending
11108,4798,10,2026-01-26 10:16:14.376858,cancelled
11109,1222,6,2026-03-23 14:45:03.608639,completed
11110,1377,1,2026-01-19 02:02:10.294115,completed
11111,359,1,2026-01-29 15:49:21.984840,cancelled
11112,3578,7,2026-03-24 15:01:53.457451,completed
11113,4976,1,2026-01-14 20:22:12.412816,cancelled
11114,129,7,2026-03-13 15:42:04.813545,completed
11115,691,5,2026-01-15 17:05:53.756066,completed
11116,68,3,2026-01-25 12:51:23.744137,cancelled
11117,1739,2,2026-03-30 03:01:43.511137,completed
11118,2001,2,2026-01-22 15:33:17.867059,cancelled
11119,2847,3,2026-02-21 11:30:45.393282,completed
11120,1903,2,2026-02-08 04:23:27.037209,completed
11121,446,3,2026-01-30 16:55:59.849832,completed
11122,3842,3,2026-02-21 18:58:29.977597,completed
11123,1703,10,2026-01-20 20:36:21.344613,pending
11124,4622,3,2026-04-04 13:25:33.489944,pending
11125,4935,9,2026-01-10 14:40:32.583941,completed
11126,255,5,2026-01-04 19:43:07.194010,cancelled
11127,16,5,2026-01-24 23:08:02.019562,completed
11128,2646,3,2026-01-07 08:50:19.381428,completed
11129,3377,4,2026-02-03 15:53:17.735918,completed
11130,2870,6,2026-03-05 06:54:55.667117,cancelled
11131,670,9,2026-02-22 19:57:08.323620,cancelled
11132,2830,6,2026-01-12 15:52:38.964755,pending
11133,1089,6,2026-03-18 23:27:59.326268,completed
11134,1505,7,2026-04-05 05:13:16.732658,completed
11135,4040,7,2026-04-01 05:30:53.552442,completed
11136,2432,4,2026-03-19 22:45:45.938597,completed
11137,4928,9,2026-01-08 02:19:15.524138,completed
11138,1744,7,2026-03-19 14:09:52.314751,completed
11139,4451,3,2026-02-19 22:18:03.838680,pending
11140,625,4,2026-01-23 12:09:08.232245,completed
11141,217,4,2026-01-21 22:48:38.639605,pending
11142,881,8,2026-03-11 06:07:35.569132,completed
11143,4691,7,2026-01-28 13:59:18.665493,pending
11144,4152,4,2026-02-08 23:27:10.563816,cancelled
11145,4051,9,2026-02-06 23:25:31.114941,cancelled
11146,4836,8,2026-02-18 12:36:46.331801,cancelled
11147,519,9,2026-01-21 08:51:18.976357,completed
11148,1212,5,2026-01-20 03:03:55.894171,pending
11149,218,3,2026-03-18 11:39:58.037453,cancelled
11150,164,9,2026-01-29 01:53:28.984870,completed
11151,1253,9,2026-04-04 01:38:17.808080,completed
11152,3888,3,2026-01-17 19:45:10.965380,completed
11153,642,2,2026-01-15 06:17:10.298320,cancelled
11154,3828,10,2026-02-12 04:27:03.343462,cancelled
11155,3924,4,2026-03-29 22:34:34.399996,completed
11156,4928,1,2026-02-08 20:00:31.518167,completed
11157,681,1,2026-01-18 12:48:39.248004,pending
11158,2424,4,2026-01-13 09:05:09.317691,pending
11159,783,10,2026-03-30 05:32:39.640763,cancelled
11160,3825,7,2026-02-16 05:55:13.280192,completed
11161,4896,10,2026-01-23 16:01:13.993318,pending
11162,3139,3,2026-01-08 15:41:25.735843,cancelled
11163,4685,8,2026-03-26 10:10:54.091316,completed
11164,4965,4,2026-01-06 21:19:37.883890,completed
11165,2678,9,2026-02-02 07:41:15.712878,completed
11166,460,5,2026-01-31 18:47:49.582406,cancelled
11167,868,7,2026-03-18 06:32:03.508078,pending
11168,1016,2,2026-03-25 14:47:14.190759,cancelled
11169,3602,4,2026-02-27 04:29:50.674234,pending
11170,879,5,2026-01-21 23:13:36.773361,completed
11171,3114,4,2026-02-01 12:15:41.584714,pending
11172,3080,9,2026-01-10 09:01:22.837599,completed
11173,775,1,2026-01-02 17:02:15.320989,cancelled
11174,4122,3,2026-02-19 16:49:44.700158,completed
11175,4329,5,2026-03-03 06:00:56.096733,cancelled
11176,1239,3,2026-04-02 17:22:48.891822,pending
11177,1600,6,2026-03-13 23:58:00.264853,pending
11178,1482,7,2026-03-24 00:56:23.079978,cancelled
11179,373,3,2026-04-04 18:53:53.170613,completed
11180,1355,6,2026-03-28 22:09:52.699313,cancelled
11181,2081,4,2026-02-05 15:32:41.348166,cancelled
11182,1118,2,2026-01-04 07:39:57.914773,pending
11183,4493,7,2026-03-29 11:46:01.835820,completed
11184,3274,7,2026-01-20 12:16:06.838043,completed
11185,2359,2,2026-03-17 05:13:40.178198,pending
11186,2869,6,2026-01-29 07:52:00.109418,completed
11187,3876,9,2026-01-20 08:15:02.465534,completed
11188,392,5,2026-01-19 21:14:44.005633,cancelled
11189,2593,10,2026-03-31 06:05:37.373615,cancelled
11190,407,7,2026-01-13 17:51:35.725739,completed
11191,3717,10,2026-02-06 08:30:41.994758,completed
11192,4788,4,2026-01-11 14:30:53.287979,pending
11193,1557,3,2026-04-04 18:49:07.609717,pending
11194,2759,9,2026-01-05 20:30:45.037734,completed
11195,4266,4,2026-02-20 03:35:38.833051,cancelled
11196,4406,9,2026-03-20 06:08:58.641054,pending
11197,4201,5,2026-02-06 18:25:50.701375,cancelled
11198,4336,2,2026-01-15 20:03:32.766310,cancelled
11199,68,1,2026-01-04 19:32:08.250777,cancelled
11200,3505,7,2026-03-22 08:04:39.800009,completed
11201,304,8,2026-02-11 23:48:32.453258,cancelled
11202,407,3,2026-01-29 06:12:01.537037,completed
11203,1775,1,2026-02-02 03:12:29.769015,completed
11204,2427,4,2026-03-06 09:59:04.130000,cancelled
11205,4154,3,2026-01-24 01:48:48.795230,cancelled
11206,879,4,2026-02-26 20:25:52.925995,pending
11207,3301,7,2026-03-28 03:01:09.186989,pending
11208,3062,2,2026-03-22 06:02:12.077672,cancelled
11209,4892,5,2026-03-11 10:23:30.956577,cancelled
11210,1170,3,2026-02-10 10:29:50.835611,cancelled
11211,3366,3,2026-03-29 21:45:26.388902,pending
11212,4560,5,2026-02-22 14:47:44.788920,cancelled
11213,3265,1,2026-03-19 07:37:27.395780,completed
11214,2161,9,2026-02-28 07:26:38.818839,completed
11215,1341,9,2026-03-10 12:37:38.966047,pending
11216,3353,8,2026-02-02 01:41:26.581359,cancelled
11217,4133,4,2026-02-04 13:31:54.700868,cancelled
11218,382,7,2026-02-21 12:01:00.044629,completed
11219,930,1,2026-04-03 21:52:08.438764,pending
11220,303,3,2026-03-14 02:23:23.489482,cancelled
11221,2345,6,2026-01-26 22:37:24.974543,completed
11222,3755,9,2026-03-23 12:16:52.176725,pending
11223,3800,2,2026-01-07 06:52:17.262714,cancelled
11224,861,8,2026-02-27 08:32:51.635450,cancelled
11225,2092,1,2026-01-11 00:33:37.789664,cancelled
11226,1120,4,2026-02-28 13:14:38.962671,cancelled
11227,2977,3,2026-01-20 18:37:29.057468,cancelled
11228,90,4,2026-03-11 13:11:43.738733,pending
11229,1207,8,2026-03-12 20:16:10.721629,pending
11230,3395,7,2026-02-15 16:57:06.689860,completed
11231,2854,6,2026-03-12 13:04:46.064489,pending
11232,996,2,2026-01-07 20:48:02.224841,cancelled
11233,4388,7,2026-01-05 00:44:28.794694,pending
11234,4226,7,2026-01-09 05:54:13.137333,completed
11235,2980,3,2026-03-03 16:27:32.684335,cancelled
11236,944,2,2026-02-27 10:02:14.673389,pending
11237,4098,4,2026-01-11 13:00:12.525835,pending
11238,2298,3,2026-01-08 19:15:40.408855,completed
11239,4215,8,2026-03-22 09:03:04.708117,pending
11240,886,8,2026-02-18 05:58:58.489374,completed
11241,1143,4,2026-02-15 11:47:32.008739,pending
11242,2198,1,2026-01-29 11:57:15.099957,cancelled
11243,2038,8,2026-03-04 10:28:56.493218,completed
11244,153,8,2026-01-25 20:13:31.094888,pending
11245,205,3,2026-02-03 08:17:08.401936,cancelled
11246,2356,5,2026-01-06 00:10:08.690921,pending
11247,3832,1,2026-01-23 05:09:03.463100,cancelled
11248,3381,9,2026-03-17 00:24:35.458980,pending
11249,2941,4,2026-03-07 12:12:04.295517,cancelled
11250,3162,10,2026-02-10 01:24:29.626803,pending
11251,3855,8,2026-02-14 06:22:37.558735,completed
11252,3527,2,2026-01-17 06:24:24.094325,pending
11253,1306,2,2026-01-18 16:32:09.547068,cancelled
11254,4729,10,2026-02-24 23:59:17.683434,cancelled
11255,3097,2,2026-04-01 12:44:01.331597,cancelled
11256,3160,8,2026-04-06 19:38:58.061941,pending
11257,652,4,2026-02-16 16:02:48.982548,completed
11258,4073,10,2026-01-28 22:29:21.787703,completed
11259,2472,6,2026-01-08 12:42:33.550778,pending
11260,2023,10,2026-01-29 17:39:06.221316,completed
11261,3073,1,2026-03-15 10:32:22.089215,cancelled
11262,739,6,2026-02-27 22:11:49.450111,completed
11263,2777,10,2026-03-25 05:46:36.086233,cancelled
11264,2257,7,2026-03-12 12:03:23.637737,pending
11265,3205,6,2026-03-22 08:51:43.978369,completed
11266,4457,9,2026-02-19 14:58:27.393034,pending
11267,2408,3,2026-03-20 15:24:48.745568,pending
11268,3671,6,2026-01-24 19:41:26.935006,completed
11269,1942,3,2026-02-28 20:02:38.542181,cancelled
11270,3665,9,2026-03-30 07:37:31.008284,cancelled
11271,4058,1,2026-02-07 03:17:02.087834,pending
11272,103,4,2026-03-24 02:56:13.407695,pending
11273,463,8,2026-02-24 05:57:04.697175,completed
11274,4249,9,2026-02-15 00:04:04.196912,pending
11275,3364,6,2026-01-22 17:27:44.131295,cancelled
11276,4536,4,2026-03-18 01:47:34.405642,pending
11277,2654,6,2026-02-03 21:15:58.401990,cancelled
11278,1128,4,2026-01-03 18:35:12.233918,pending
11279,4886,8,2026-01-04 18:40:09.222280,completed
11280,2734,6,2026-02-15 05:19:25.066552,pending
11281,335,5,2026-03-26 05:22:11.193455,pending
11282,4037,5,2026-03-04 00:09:24.039474,pending
11283,3282,8,2026-03-18 00:35:32.709002,pending
11284,1462,3,2026-02-13 16:26:33.147832,completed
11285,1051,1,2026-02-20 10:52:21.052900,cancelled
11286,2390,10,2026-03-09 15:41:53.761317,completed
11287,3124,7,2026-04-05 11:17:46.136203,pending
11288,675,8,2026-02-05 01:51:42.917848,completed
11289,2929,6,2026-02-07 03:06:34.937289,completed
11290,4521,8,2026-02-17 01:37:23.697739,cancelled
11291,2067,9,2026-01-25 16:18:58.915864,cancelled
11292,4440,1,2026-03-23 16:36:09.233772,completed
11293,901,1,2026-02-25 07:13:29.849138,pending
11294,2558,3,2026-03-28 17:15:52.097800,pending
11295,3811,5,2026-02-09 07:52:21.171245,pending
11296,4814,6,2026-04-03 21:24:47.746417,pending
11297,62,3,2026-01-26 10:14:47.442250,cancelled
11298,3743,2,2026-02-03 15:41:49.995951,cancelled
11299,3730,5,2026-03-24 16:28:27.757895,cancelled
11300,3101,4,2026-02-11 01:28:18.265481,pending
11301,170,7,2026-03-12 15:49:37.559263,cancelled
11302,572,1,2026-01-15 20:02:14.786728,cancelled
11303,3935,2,2026-01-23 15:12:50.355295,pending
11304,1433,9,2026-03-21 11:22:51.217602,cancelled
11305,425,4,2026-03-18 09:05:47.799157,completed
11306,1735,3,2026-03-07 12:21:19.792924,cancelled
11307,1064,4,2026-03-16 02:27:22.898472,cancelled
11308,2284,3,2026-02-05 11:08:42.554472,cancelled
11309,2415,4,2026-03-13 00:32:09.399720,cancelled
11310,2959,6,2026-01-05 16:15:00.643596,pending
11311,1333,7,2026-02-15 08:43:57.736278,pending
11312,1706,10,2026-01-24 10:22:42.300439,completed
11313,4953,8,2026-02-15 12:15:15.142194,completed
11314,936,6,2026-02-01 15:01:42.211432,cancelled
11315,2160,7,2026-01-09 17:54:58.898158,pending
11316,1174,2,2026-03-28 14:15:26.655130,completed
11317,2893,4,2026-01-01 06:49:20.979867,cancelled
11318,3336,2,2026-03-21 03:32:52.871405,pending
11319,1149,9,2026-02-05 13:08:48.610835,pending
11320,3903,7,2026-01-20 20:18:11.669091,completed
11321,1388,10,2026-02-09 12:43:23.017560,cancelled
11322,4204,1,2026-03-08 19:53:48.619044,cancelled
11323,1288,9,2026-02-19 16:59:16.806394,cancelled
11324,834,4,2026-02-21 22:46:07.645590,cancelled
11325,3473,1,2026-03-16 04:20:32.789266,pending
11326,3888,6,2026-03-03 20:44:53.938008,completed
11327,4541,10,2026-01-08 12:59:41.255288,pending
11328,1043,5,2026-04-05 03:24:09.573667,cancelled
11329,3874,1,2026-01-14 15:23:17.801076,pending
11330,1770,10,2026-04-03 14:16:00.029412,cancelled
11331,3218,10,2026-03-08 17:33:01.352232,cancelled
11332,2688,4,2026-03-11 05:48:10.330495,completed
11333,3557,8,2026-03-17 09:50:26.970713,pending
11334,444,7,2026-01-14 18:16:13.250768,pending
11335,274,3,2026-01-30 15:17:27.913887,completed
11336,1663,10,2026-01-31 23:47:18.232368,cancelled
11337,2500,6,2026-03-27 00:10:59.496328,completed
11338,2164,10,2026-01-06 01:29:51.898297,completed
11339,4225,10,2026-04-07 03:27:33.663688,cancelled
11340,1867,3,2026-01-08 11:41:41.781856,pending
11341,4931,2,2026-02-23 06:08:38.282128,cancelled
11342,2222,7,2026-03-30 01:08:16.590200,cancelled
11343,4794,3,2026-02-28 08:13:37.843036,pending
11344,1179,5,2026-01-12 00:17:54.690258,cancelled
11345,4827,4,2026-02-24 17:19:36.031707,cancelled
11346,925,8,2026-01-04 03:09:34.165847,completed
11347,4275,5,2026-01-21 03:39:38.619179,cancelled
11348,2745,2,2026-02-17 13:14:39.720793,cancelled
11349,2700,5,2026-03-11 07:34:09.725308,completed
11350,4760,9,2026-01-15 09:58:16.299103,pending
11351,3927,7,2026-03-26 23:31:58.172870,completed
11352,1403,4,2026-03-12 16:06:46.622238,completed
11353,4198,5,2026-03-22 06:59:35.247582,completed
11354,3144,2,2026-02-11 08:01:56.424878,cancelled
11355,4185,5,2026-04-04 13:54:14.211103,completed
11356,735,8,2026-04-04 11:50:45.761522,pending
11357,2800,6,2026-02-24 18:51:26.276716,pending
11358,3590,10,2026-02-28 14:31:12.991324,completed
11359,2543,6,2026-03-11 00:13:45.090436,pending
11360,4629,8,2026-03-05 21:27:03.635603,cancelled
11361,1783,7,2026-03-07 05:41:29.275528,cancelled
11362,3996,6,2026-01-18 10:37:06.146263,cancelled
11363,2330,5,2026-01-10 07:51:29.115861,pending
11364,2688,6,2026-01-22 07:21:16.407751,pending
11365,40,6,2026-03-13 18:04:12.520521,pending
11366,3529,10,2026-03-28 09:51:45.735408,completed
11367,3710,9,2026-01-08 16:38:13.545466,completed
11368,3625,4,2026-03-31 22:35:15.897935,cancelled
11369,3479,2,2026-03-14 22:45:15.868346,completed
11370,2452,7,2026-01-03 07:56:43.550896,completed
11371,2411,2,2026-04-05 09:07:40.676368,cancelled
11372,713,1,2026-01-14 07:13:52.297342,pending
11373,400,7,2026-04-01 14:55:03.239468,completed
11374,2885,10,2026-04-01 22:51:08.170410,pending
11375,521,6,2026-02-03 01:22:54.599010,cancelled
11376,4996,7,2026-03-16 22:10:19.140688,pending
11377,2154,1,2026-03-13 01:24:34.206134,pending
11378,1123,4,2026-01-18 18:02:33.356447,cancelled
11379,1363,4,2026-02-21 11:28:05.867394,cancelled
11380,3643,7,2026-03-23 03:54:11.781435,pending
11381,1798,3,2026-01-18 03:03:44.898036,completed
11382,342,4,2026-01-09 11:27:09.598377,completed
11383,691,4,2026-02-26 23:55:22.561840,pending
11384,2438,4,2026-02-21 04:00:18.170491,cancelled
11385,2430,6,2026-01-07 12:40:20.305267,completed
11386,4187,5,2026-02-17 02:14:06.182945,pending
11387,3570,4,2026-03-23 04:51:18.871422,pending
11388,3650,5,2026-01-07 04:22:21.498686,cancelled
11389,3725,10,2026-02-03 22:46:28.419895,completed
11390,770,2,2026-02-14 15:52:30.162593,pending
11391,941,5,2026-02-09 09:42:40.775228,pending
11392,3434,3,2026-03-04 15:07:33.513979,pending
11393,2905,9,2026-02-11 09:11:50.033368,pending
11394,4545,3,2026-02-27 06:05:21.503174,completed
11395,4049,6,2026-03-18 07:28:19.576007,pending
11396,2087,2,2026-03-25 09:26:10.993839,pending
11397,2628,6,2026-01-04 13:44:32.922191,cancelled
11398,3415,3,2026-01-12 16:19:31.145373,pending
11399,3671,10,2026-01-19 06:38:44.119498,completed
11400,1025,5,2026-01-24 20:55:19.528483,completed
11401,1425,3,2026-01-24 22:04:49.740517,cancelled
11402,2872,8,2026-02-16 02:11:40.643863,completed
11403,3971,9,2026-02-01 08:12:22.867385,cancelled
11404,3324,3,2026-02-15 05:49:48.186450,pending
11405,4127,4,2026-03-30 15:01:20.167298,pending
11406,3720,5,2026-02-16 23:53:53.630363,pending
11407,1705,7,2026-02-12 13:28:46.268303,pending
11408,2825,8,2026-03-21 04:18:56.684213,pending
11409,1817,2,2026-01-30 13:30:46.751794,completed
11410,4858,9,2026-03-09 09:06:25.519969,cancelled
11411,4819,10,2026-04-05 00:21:55.478705,pending
11412,937,5,2026-04-07 14:59:54.752876,pending
11413,840,7,2026-03-06 08:38:36.078410,completed
11414,2744,9,2026-02-11 18:34:29.199011,completed
11415,3,7,2026-02-06 05:10:38.786435,pending
11416,3946,8,2026-03-17 06:58:19.263462,pending
11417,592,4,2026-02-19 00:25:05.483163,pending
11418,1585,1,2026-02-05 13:20:43.023896,cancelled
11419,159,6,2026-01-04 23:12:09.501585,pending
11420,1700,10,2026-03-29 13:28:49.827186,completed
11421,1818,3,2026-03-03 04:13:56.559628,cancelled
11422,4345,5,2026-03-19 12:42:41.820983,cancelled
11423,1802,5,2026-01-08 07:12:16.957040,cancelled
11424,2698,5,2026-02-26 16:34:14.524392,pending
11425,3671,6,2026-03-30 13:23:29.532975,cancelled
11426,4609,3,2026-03-02 11:29:57.688258,pending
11427,4820,5,2026-02-02 12:38:33.426334,pending
11428,3507,1,2026-01-21 16:22:27.242081,cancelled
11429,829,8,2026-02-08 23:33:26.266730,pending
11430,1742,4,2026-01-29 21:21:27.293606,completed
11431,4186,2,2026-02-24 15:50:51.877659,completed
11432,647,10,2026-03-10 07:05:12.983948,completed
11433,1198,2,2026-02-21 06:33:26.993922,cancelled
11434,2016,1,2026-02-11 11:24:06.251950,completed
11435,2403,10,2026-04-04 00:24:42.329155,completed
11436,4909,6,2026-03-06 05:12:50.243592,cancelled
11437,4993,4,2026-02-03 23:31:10.816931,pending
11438,108,2,2026-04-04 13:28:37.002950,cancelled
11439,4371,10,2026-02-09 03:16:14.469249,cancelled
11440,3196,3,2026-01-10 13:21:52.336377,cancelled
11441,2260,5,2026-02-11 19:51:44.231455,completed
11442,992,2,2026-03-01 10:39:28.139437,pending
11443,796,3,2026-04-06 01:08:28.481729,cancelled
11444,3808,2,2026-02-24 18:04:19.943699,pending
11445,4695,3,2026-02-13 16:17:10.532101,cancelled
11446,4967,5,2026-01-02 20:51:12.761355,pending
11447,4715,9,2026-03-05 23:27:46.479175,pending
11448,1435,1,2026-01-25 19:34:47.774946,completed
11449,3581,8,2026-03-03 10:21:12.672996,pending
11450,44,4,2026-01-24 07:27:23.105849,pending
11451,1732,8,2026-01-31 16:47:21.616685,completed
11452,2161,10,2026-03-24 23:34:37.981167,cancelled
11453,1865,7,2026-02-23 18:38:26.085267,completed
11454,1389,7,2026-02-27 15:41:01.211068,completed
11455,1163,5,2026-03-27 23:03:23.533636,cancelled
11456,883,2,2026-03-17 04:23:40.582378,pending
11457,455,3,2026-01-31 17:08:02.993189,pending
11458,4048,6,2026-02-19 12:52:16.562441,cancelled
11459,1788,6,2026-03-05 11:50:40.947840,completed
11460,661,10,2026-03-16 10:57:26.071563,completed
11461,2043,8,2026-03-19 00:04:20.245514,completed
11462,1523,10,2026-03-12 11:51:42.610089,pending
11463,826,4,2026-01-11 20:26:14.053458,completed
11464,3600,4,2026-03-16 15:18:55.239959,pending
11465,656,2,2026-04-04 17:02:22.689150,cancelled
11466,2479,10,2026-02-23 19:57:38.688776,cancelled
11467,1840,6,2026-02-07 03:25:39.373517,cancelled
11468,435,2,2026-03-17 00:23:51.548523,cancelled
11469,2319,3,2026-03-09 06:04:05.432341,completed
11470,3629,5,2026-03-18 05:27:47.170051,cancelled
11471,1125,10,2026-03-15 06:01:22.470575,pending
11472,767,1,2026-01-23 02:31:56.190801,completed
11473,1294,10,2026-03-07 07:48:58.556522,cancelled
11474,4955,7,2026-01-29 13:56:57.809719,completed
11475,835,6,2026-03-13 02:54:50.889540,cancelled
11476,4846,6,2026-03-06 04:29:59.340972,completed
11477,2424,9,2026-01-05 14:37:41.648187,completed
11478,798,4,2026-01-25 19:29:31.466743,cancelled
11479,3196,5,2026-04-03 12:39:18.345572,completed
11480,3286,4,2026-01-06 05:45:57.919321,pending
11481,3753,1,2026-02-11 00:14:39.948049,cancelled
11482,4619,3,2026-03-23 21:26:06.394171,pending
11483,1422,2,2026-03-17 07:26:49.041383,completed
11484,4059,8,2026-03-26 18:42:10.239995,cancelled
11485,4049,6,2026-01-15 21:30:55.851459,pending
11486,2728,1,2026-02-16 02:12:38.019385,completed
11487,599,7,2026-01-02 22:32:07.785004,cancelled
11488,976,4,2026-02-04 02:24:55.816656,completed
11489,2018,1,2026-04-05 23:43:12.928045,completed
11490,3074,8,2026-02-21 20:29:50.831264,pending
11491,1332,6,2026-04-06 01:59:00.656697,pending
11492,4290,9,2026-04-04 10:58:31.218832,completed
11493,3606,1,2026-03-13 10:06:19.075658,cancelled
11494,4222,1,2026-03-31 06:53:39.099401,cancelled
11495,2637,2,2026-02-18 09:00:57.627779,completed
11496,1369,8,2026-03-27 08:30:16.316006,cancelled
11497,107,3,2026-04-01 14:00:43.981087,pending
11498,3048,8,2026-03-10 01:05:03.047162,pending
11499,2723,6,2026-01-10 09:18:26.393142,pending
11500,565,10,2026-03-28 15:10:36.562261,cancelled
11501,3337,6,2026-01-30 21:57:06.103838,pending
11502,4510,2,2026-02-01 14:35:02.597721,completed
11503,4507,5,2026-02-24 13:09:28.318935,pending
11504,3654,3,2026-03-06 19:39:51.897108,completed
11505,4528,1,2026-02-06 02:55:21.012231,completed
11506,1411,10,2026-03-28 11:45:58.977660,pending
11507,20,4,2026-02-23 17:53:24.246061,completed
11508,1500,7,2026-02-26 10:32:34.955520,cancelled
11509,3469,3,2026-01-30 13:35:16.456497,completed
11510,3384,4,2026-03-18 10:07:24.138481,completed
11511,649,10,2026-01-25 13:42:43.715736,cancelled
11512,4277,9,2026-03-25 05:28:43.304938,pending
11513,703,8,2026-02-24 04:14:17.517716,completed
11514,4612,1,2026-01-29 01:01:39.579639,completed
11515,4483,7,2026-04-05 14:57:15.743062,completed
11516,4014,6,2026-02-21 15:31:21.282846,completed
11517,2721,5,2026-03-24 03:12:50.776540,pending
11518,1672,10,2026-01-18 02:46:10.918368,cancelled
11519,4487,8,2026-01-12 16:09:20.663528,completed
11520,3115,4,2026-01-30 21:43:27.480580,cancelled
11521,1542,1,2026-02-28 20:11:00.534559,cancelled
11522,3692,2,2026-01-19 18:51:39.261961,completed
11523,3120,10,2026-02-13 08:25:22.764425,cancelled
11524,3358,2,2026-03-08 05:45:41.668827,pending
11525,1889,10,2026-01-06 04:05:18.299067,cancelled
11526,3919,10,2026-03-28 21:41:09.742640,cancelled
11527,4923,5,2026-03-28 12:34:55.758176,completed
11528,4245,2,2026-03-08 22:40:27.187413,completed
11529,1275,1,2026-01-25 15:48:57.234131,pending
11530,711,2,2026-03-24 10:42:43.437353,pending
11531,3640,1,2026-01-22 19:30:46.827568,pending
11532,2272,8,2026-03-11 10:34:01.181232,cancelled
11533,519,5,2026-02-07 04:25:51.161842,cancelled
11534,3158,7,2026-04-06 09:26:13.643972,cancelled
11535,4794,5,2026-03-05 23:55:59.579808,cancelled
11536,884,8,2026-03-30 11:03:07.507871,completed
11537,2367,10,2026-02-17 17:51:54.059006,cancelled
11538,3514,4,2026-03-17 12:03:08.356504,pending
11539,220,6,2026-02-24 04:20:49.870030,completed
11540,2858,7,2026-01-07 21:21:41.136393,cancelled
11541,1378,4,2026-01-18 03:03:33.892896,cancelled
11542,2064,6,2026-04-01 03:14:31.143554,pending
11543,1527,7,2026-03-19 16:21:05.676746,pending
11544,3488,9,2026-01-19 15:31:57.826804,pending
11545,2026,1,2026-02-01 18:47:35.004526,cancelled
11546,3158,3,2026-02-09 07:32:09.230155,cancelled
11547,3917,6,2026-02-07 21:03:19.503226,completed
11548,818,5,2026-01-08 10:47:41.372852,pending
11549,3978,5,2026-01-01 21:07:25.971740,cancelled
11550,4948,8,2026-03-24 18:25:18.579191,pending
11551,3854,3,2026-03-18 02:34:43.388160,cancelled
11552,1208,4,2026-02-05 21:25:51.814627,cancelled
11553,4102,1,2026-02-28 01:49:53.453830,pending
11554,2898,2,2026-02-22 22:37:32.902257,completed
11555,4006,6,2026-02-05 01:46:39.232247,pending
11556,1286,5,2026-03-15 11:01:35.353576,completed
11557,3900,1,2026-03-01 15:25:55.721541,pending
11558,1917,4,2026-02-04 11:00:23.954560,pending
11559,881,5,2026-03-13 23:00:36.323833,completed
11560,1932,9,2026-03-04 14:16:32.836163,cancelled
11561,2901,2,2026-02-28 23:08:10.350228,completed
11562,4873,8,2026-01-02 18:36:29.804261,completed
11563,2799,6,2026-03-30 18:56:41.982956,cancelled
11564,2491,9,2026-01-14 15:48:19.128561,cancelled
11565,1870,5,2026-03-10 14:21:30.969117,cancelled
11566,4612,9,2026-03-23 19:01:28.861701,pending
11567,596,4,2026-03-26 15:46:39.071763,pending
11568,472,9,2026-01-30 00:06:57.104959,completed
11569,229,4,2026-02-15 01:41:53.538171,cancelled
11570,1209,1,2026-02-14 20:31:42.317008,completed
11571,1621,5,2026-01-16 20:32:29.265583,completed
11572,1743,7,2026-02-03 03:44:39.818357,pending
11573,890,5,2026-02-08 23:04:53.707701,completed
11574,686,6,2026-02-25 07:03:35.006317,completed
11575,4306,9,2026-02-01 13:11:01.302353,cancelled
11576,3074,8,2026-01-08 15:47:56.458678,cancelled
11577,392,9,2026-01-19 03:48:29.723505,pending
11578,373,5,2026-02-06 20:27:00.070520,pending
11579,1680,5,2026-01-30 00:49:33.181340,completed
11580,245,4,2026-02-10 12:18:37.917272,completed
11581,2876,6,2026-02-05 18:13:45.397876,cancelled
11582,4733,5,2026-02-26 19:02:57.874253,completed
11583,689,7,2026-02-03 07:29:44.817285,completed
11584,377,10,2026-04-05 21:15:29.073548,completed
11585,3306,6,2026-02-01 17:48:42.648505,pending
11586,4921,5,2026-02-10 08:41:48.579994,cancelled
11587,389,5,2026-01-01 05:26:50.535947,completed
11588,2383,7,2026-01-26 00:55:42.928929,completed
11589,2944,1,2026-01-05 17:51:02.503670,pending
11590,3625,4,2026-03-28 01:29:43.346864,pending
11591,4296,2,2026-03-01 08:44:17.298273,pending
11592,2773,6,2026-02-01 20:22:22.438544,cancelled
11593,2627,4,2026-01-16 03:56:44.243970,pending
11594,806,7,2026-01-06 19:35:05.360497,cancelled
11595,1344,6,2026-01-28 17:23:58.730428,cancelled
11596,2730,7,2026-03-25 15:58:47.119775,completed
11597,2549,9,2026-03-30 19:36:33.805364,pending
11598,491,5,2026-02-14 02:23:48.453202,pending
11599,3115,6,2026-03-07 07:18:26.075492,cancelled
11600,4020,2,2026-03-31 12:21:42.351159,cancelled
11601,728,10,2026-01-28 00:07:46.029041,cancelled
11602,4912,8,2026-02-22 12:58:16.479851,cancelled
11603,1845,10,2026-02-15 06:33:51.685485,pending
11604,3102,4,2026-01-06 16:02:31.012522,cancelled
11605,2384,2,2026-03-24 17:29:57.848583,cancelled
11606,4750,8,2026-02-01 18:33:53.626075,pending
11607,4921,6,2026-01-30 18:27:26.929339,pending
11608,4726,8,2026-03-04 00:30:40.010278,pending
11609,3930,1,2026-04-07 11:30:12.305599,pending
11610,1607,2,2026-03-09 01:49:32.339458,pending
11611,3337,7,2026-02-13 13:47:08.537618,cancelled
11612,2781,1,2026-03-08 22:54:07.690701,cancelled
11613,2330,6,2026-01-09 19:25:26.509698,completed
11614,2376,10,2026-02-20 07:39:02.055890,pending
11615,3300,5,2026-01-04 21:13:55.267866,completed
11616,1139,8,2026-02-22 10:05:15.785040,cancelled
11617,2837,8,2026-01-06 16:57:25.059777,pending
11618,4041,8,2026-04-04 22:21:59.700630,cancelled
11619,4136,1,2026-01-24 06:50:21.752119,completed
11620,3902,7,2026-03-22 09:14:51.587331,cancelled
11621,3980,5,2026-01-05 19:47:03.519137,cancelled
11622,1830,9,2026-01-15 06:17:36.844788,pending
11623,3688,9,2026-02-27 02:31:55.185408,pending
11624,484,3,2026-02-17 21:28:26.863992,pending
11625,972,8,2026-02-17 19:44:45.160146,pending
11626,1374,8,2026-02-12 14:41:03.637921,completed
11627,4302,7,2026-03-20 06:08:13.425705,pending
11628,4566,9,2026-01-18 21:32:41.261786,pending
11629,1611,6,2026-03-01 12:57:59.170935,pending
11630,1240,8,2026-03-29 06:22:39.846013,pending
11631,3299,8,2026-04-03 08:25:51.793779,cancelled
11632,4825,9,2026-01-03 18:46:53.207860,pending
11633,2892,7,2026-01-10 04:16:59.073257,pending
11634,149,2,2026-02-25 06:54:40.753559,pending
11635,3527,1,2026-02-21 14:42:56.078015,completed
11636,2988,9,2026-01-15 20:48:33.020873,cancelled
11637,1672,6,2026-01-10 12:47:38.608993,completed
11638,2324,8,2026-03-01 06:14:06.533758,pending
11639,4030,8,2026-02-25 13:15:14.879829,completed
11640,726,10,2026-01-02 07:52:55.789082,completed
11641,4530,4,2026-04-03 20:17:39.725946,completed
11642,1973,6,2026-03-24 21:19:44.904283,completed
11643,745,1,2026-02-11 15:58:22.636568,completed
11644,778,4,2026-02-04 16:43:13.209215,pending
11645,1796,2,2026-03-24 05:35:28.527003,cancelled
11646,84,2,2026-01-27 10:07:00.168651,cancelled
11647,155,3,2026-01-02 21:09:59.691968,cancelled
11648,1493,6,2026-03-15 02:26:21.193466,completed
11649,4737,7,2026-01-17 19:59:41.327530,cancelled
11650,4156,9,2026-03-24 18:19:34.626328,cancelled
11651,4289,5,2026-02-12 15:27:24.640042,completed
11652,337,7,2026-03-24 02:47:11.109830,completed
11653,4762,7,2026-03-03 17:34:00.116582,completed
11654,3354,5,2026-02-22 15:11:57.280042,cancelled
11655,3437,2,2026-03-19 23:52:45.591144,cancelled
11656,1436,3,2026-03-26 16:02:00.936289,completed
11657,3815,1,2026-01-24 15:04:34.835477,completed
11658,584,6,2026-03-15 02:24:05.319480,cancelled
11659,2704,6,2026-02-22 16:39:21.989549,pending
11660,2568,9,2026-03-08 17:53:34.210053,completed
11661,1098,2,2026-03-13 20:40:52.857587,cancelled
11662,3609,1,2026-01-05 03:14:08.249948,completed
11663,4077,7,2026-03-11 00:13:54.222872,pending
11664,102,3,2026-03-10 08:39:27.169318,cancelled
11665,2653,2,2026-03-29 17:53:19.798597,cancelled
11666,2115,9,2026-02-21 04:15:40.828647,completed
11667,4422,6,2026-03-22 02:41:36.886563,cancelled
11668,2678,8,2026-02-07 15:47:44.361284,cancelled
11669,4233,8,2026-04-05 04:34:00.289189,cancelled
11670,3123,9,2026-02-09 02:27:02.710157,cancelled
11671,1218,8,2026-01-31 23:40:13.777386,pending
11672,579,10,2026-02-21 13:04:49.565644,pending
11673,1544,6,2026-03-15 11:24:22.895319,cancelled
11674,3736,7,2026-01-13 07:05:27.000124,pending
11675,4937,4,2026-04-01 22:11:33.970142,cancelled
11676,711,1,2026-02-01 15:02:08.577635,pending
11677,2074,9,2026-02-09 06:46:09.654564,pending
11678,999,6,2026-02-25 09:51:41.024206,pending
11679,230,3,2026-03-12 19:40:40.084972,completed
11680,1786,8,2026-02-14 08:52:40.092854,cancelled
11681,2424,10,2026-03-08 09:27:18.249515,pending
11682,3113,2,2026-03-13 00:29:57.058824,completed
11683,3835,6,2026-01-30 10:59:06.827178,pending
11684,1246,3,2026-02-13 17:30:01.975794,cancelled
11685,3070,4,2026-01-09 14:18:44.176019,cancelled
11686,1436,8,2026-01-30 17:24:40.959374,cancelled
11687,3995,9,2026-01-15 06:01:38.834436,completed
11688,655,10,2026-03-07 15:12:37.603201,cancelled
11689,1141,2,2026-02-19 12:05:05.847291,cancelled
11690,4185,6,2026-03-15 14:55:51.708004,pending
11691,3976,8,2026-02-04 19:14:59.243296,pending
11692,4474,7,2026-02-26 17:58:05.975851,cancelled
11693,1387,8,2026-02-23 05:52:04.034511,cancelled
11694,2213,6,2026-02-11 20:28:44.520477,cancelled
11695,4390,4,2026-03-30 17:25:24.393606,completed
11696,1329,3,2026-01-20 14:53:42.801901,completed
11697,3505,8,2026-03-28 00:42:12.122273,completed
11698,2122,7,2026-03-12 13:32:38.468722,cancelled
11699,4234,5,2026-02-27 10:17:26.763552,pending
11700,3557,2,2026-03-01 15:05:28.679832,cancelled
11701,1878,2,2026-03-15 18:48:17.621892,cancelled
11702,1914,8,2026-02-27 14:04:47.135560,completed
11703,3717,5,2026-02-08 17:18:03.520064,cancelled
11704,2269,8,2026-01-07 05:35:48.313111,completed
11705,667,2,2026-02-07 08:37:29.276202,completed
11706,4591,5,2026-01-02 00:00:30.009317,pending
11707,2109,3,2026-03-11 06:13:49.590935,pending
11708,3286,9,2026-01-12 09:07:08.679636,pending
11709,2305,7,2026-03-27 05:19:34.679686,cancelled
11710,4072,8,2026-03-28 12:39:14.535529,completed
11711,2283,5,2026-01-12 12:46:38.063309,pending
11712,2722,10,2026-01-30 01:59:30.562469,pending
11713,770,9,2026-04-01 02:21:26.256030,cancelled
11714,1002,8,2026-04-03 17:42:27.387920,cancelled
11715,2107,6,2026-01-11 16:47:11.589736,cancelled
11716,3254,1,2026-02-04 06:17:49.420817,cancelled
11717,467,8,2026-02-19 02:52:48.484511,cancelled
11718,1451,6,2026-03-18 15:54:28.467018,pending
11719,2051,7,2026-01-24 04:45:09.988384,completed
11720,4584,1,2026-02-12 21:51:50.228846,completed
11721,4137,8,2026-02-22 15:39:56.332990,pending
11722,1651,8,2026-02-12 04:46:45.413433,cancelled
11723,1266,4,2026-01-02 17:08:40.669680,completed
11724,1826,6,2026-03-11 20:21:56.832026,completed
11725,11,8,2026-03-18 01:25:45.176767,cancelled
11726,4475,7,2026-02-20 17:26:44.589596,pending
11727,1766,1,2026-03-12 06:04:59.076686,cancelled
11728,1269,3,2026-01-07 12:07:33.682348,completed
11729,1209,3,2026-02-13 17:17:14.657460,completed
11730,1271,6,2026-01-29 04:43:52.620564,pending
11731,4567,5,2026-02-20 19:41:28.423950,completed
11732,1964,2,2026-02-22 23:43:09.220421,cancelled
11733,1558,10,2026-03-06 08:33:13.312807,pending
11734,233,10,2026-01-16 16:23:33.549252,cancelled
11735,1963,6,2026-04-03 14:49:15.724636,completed
11736,4471,9,2026-03-04 20:35:08.057047,pending
11737,924,7,2026-01-24 19:31:44.050160,pending
11738,3764,4,2026-04-03 02:27:35.179651,completed
11739,1236,9,2026-01-25 04:06:42.610802,pending
11740,627,7,2026-01-30 22:36:12.957455,cancelled
11741,3634,10,2026-02-17 22:56:07.585381,completed
11742,1138,2,2026-01-04 21:01:15.976592,cancelled
11743,4761,1,2026-02-23 07:07:50.924189,completed
11744,2239,8,2026-02-02 21:07:10.884883,pending
11745,1197,7,2026-01-05 19:14:26.764488,completed
11746,4936,9,2026-01-22 23:47:37.846242,pending
11747,3556,8,2026-04-06 05:02:24.813928,completed
11748,3432,7,2026-01-10 04:58:00.693043,pending
11749,928,2,2026-01-10 17:35:12.379546,cancelled
11750,1872,4,2026-04-06 06:27:13.455265,cancelled
11751,2348,3,2026-01-17 01:28:31.128258,cancelled
11752,4506,10,2026-02-16 21:53:11.325299,cancelled
11753,4766,10,2026-02-03 03:31:33.640259,cancelled
11754,139,9,2026-03-20 12:15:14.638634,cancelled
11755,2789,8,2026-03-04 04:29:11.426694,cancelled
11756,3050,5,2026-02-14 23:50:22.101320,pending
11757,4407,3,2026-03-28 18:33:22.741011,pending
11758,3985,6,2026-02-07 08:14:13.439282,pending
11759,2393,7,2026-03-11 04:26:34.896637,cancelled
11760,2341,6,2026-03-25 11:20:39.034094,completed
11761,4191,5,2026-04-01 13:42:28.383370,pending
11762,1195,6,2026-03-12 22:42:01.578863,pending
11763,1557,9,2026-02-04 18:14:27.393439,cancelled
11764,1635,3,2026-01-08 11:33:00.350932,completed
11765,423,8,2026-01-09 00:09:43.610991,cancelled
11766,4043,4,2026-03-05 05:17:18.793971,completed
11767,4453,8,2026-03-29 00:24:56.042906,cancelled
11768,3774,2,2026-01-16 14:25:33.852593,completed
11769,4289,4,2026-01-19 19:36:18.805690,pending
11770,1698,3,2026-03-06 22:35:09.615509,cancelled
11771,4363,10,2026-01-06 15:52:13.745351,completed
11772,4278,1,2026-02-19 13:55:26.083977,pending
11773,4943,5,2026-02-11 09:29:55.135718,pending
11774,2601,6,2026-01-08 19:42:27.575713,cancelled
11775,2638,5,2026-02-14 19:39:57.524566,completed
11776,3179,2,2026-02-14 04:39:12.950311,cancelled
11777,3855,6,2026-04-05 15:17:20.169667,cancelled
11778,1584,1,2026-02-27 17:21:40.208735,pending
11779,189,9,2026-01-15 03:10:38.485739,completed
11780,4420,1,2026-03-01 03:29:40.486006,pending
11781,4442,2,2026-03-20 21:46:15.275786,pending
11782,1548,9,2026-03-31 17:04:25.826772,cancelled
11783,1446,7,2026-02-27 05:10:41.176287,cancelled
11784,4348,9,2026-02-20 21:42:49.817318,cancelled
11785,150,2,2026-01-02 07:45:59.482358,completed
11786,4280,4,2026-01-26 11:48:40.067056,cancelled
11787,4626,1,2026-01-13 02:53:17.122656,completed
11788,1781,1,2026-02-25 04:24:29.235348,completed
11789,2122,8,2026-01-17 13:06:27.376592,cancelled
11790,3387,4,2026-03-07 14:41:55.403648,pending
11791,1463,9,2026-03-11 21:29:59.935512,pending
11792,3822,6,2026-03-06 07:09:39.562924,completed
11793,758,3,2026-03-11 23:31:17.528201,cancelled
11794,4190,1,2026-02-23 20:40:13.875528,pending
11795,2398,10,2026-04-01 13:11:47.931705,pending
11796,350,6,2026-01-10 14:13:13.790416,cancelled
11797,3321,2,2026-03-24 03:20:11.755988,cancelled
11798,2438,5,2026-03-24 20:29:02.898821,cancelled
11799,2406,3,2026-03-09 15:13:16.515385,completed
11800,2786,10,2026-04-03 01:17:01.834493,cancelled
11801,1814,10,2026-02-08 18:30:40.939218,pending
11802,4291,5,2026-02-15 12:19:02.877845,cancelled
11803,1738,2,2026-04-06 22:17:53.451159,pending
11804,1320,5,2026-01-21 17:00:37.149462,pending
11805,2223,8,2026-03-26 13:30:46.810241,completed
11806,4099,7,2026-03-12 22:24:26.791168,completed
11807,4541,6,2026-02-21 17:25:58.651827,cancelled
11808,4046,5,2026-03-05 06:03:56.265058,pending
11809,201,2,2026-03-28 13:16:42.981882,pending
11810,3889,8,2026-04-02 00:09:50.751816,completed
11811,361,5,2026-02-19 22:34:49.273410,cancelled
11812,3418,2,2026-01-05 22:03:15.432110,cancelled
11813,3991,2,2026-03-08 01:30:36.813617,cancelled
11814,3307,10,2026-01-04 19:13:25.098548,cancelled
11815,3617,2,2026-01-18 00:34:24.589922,pending
11816,3467,8,2026-01-19 11:15:39.375827,cancelled
11817,2533,3,2026-01-18 00:51:24.819810,completed
11818,336,3,2026-02-09 17:03:16.445158,cancelled
11819,1836,9,2026-01-13 13:02:02.320610,pending
11820,3809,10,2026-04-07 01:32:51.810414,completed
11821,2912,5,2026-03-26 23:37:20.390527,pending
11822,846,3,2026-01-04 00:58:02.327287,cancelled
11823,4455,7,2026-03-30 16:00:57.412835,cancelled
11824,3422,2,2026-03-12 20:36:40.588131,cancelled
11825,4141,2,2026-03-15 20:02:57.813823,completed
11826,3917,10,2026-01-23 01:22:29.652999,completed
11827,4944,2,2026-01-25 16:46:13.383312,pending
11828,2280,6,2026-02-20 14:11:04.789902,pending
11829,1138,1,2026-02-24 15:02:42.004904,completed
11830,4158,1,2026-02-14 17:40:43.258487,cancelled
11831,1741,9,2026-03-01 13:53:20.009428,cancelled
11832,3755,10,2026-03-04 12:33:48.136532,pending
11833,4935,5,2026-01-08 08:25:01.670089,cancelled
11834,626,9,2026-01-28 11:32:20.105178,pending
11835,2907,4,2026-02-24 00:33:52.580622,pending
11836,4055,9,2026-01-29 09:47:17.641225,pending
11837,2461,10,2026-04-01 13:22:16.803088,completed
11838,1715,5,2026-03-08 17:43:58.474205,completed
11839,4476,10,2026-01-30 17:31:43.621919,pending
11840,3534,2,2026-01-22 15:28:28.561649,pending
11841,4277,9,2026-01-28 15:00:11.964108,cancelled
11842,2895,2,2026-01-08 03:24:22.522145,completed
11843,3873,3,2026-02-07 16:12:58.370134,completed
11844,2723,1,2026-01-21 08:44:59.484595,pending
11845,201,10,2026-03-19 07:34:56.844152,pending
11846,1898,4,2026-01-06 10:47:56.436792,pending
11847,3352,8,2026-02-04 21:48:19.808736,completed
11848,385,2,2026-02-17 19:54:59.694833,cancelled
11849,637,2,2026-01-16 03:30:14.694295,cancelled
11850,3526,3,2026-02-01 04:03:23.069687,completed
11851,2049,9,2026-03-29 05:19:05.504598,cancelled
11852,625,6,2026-03-05 10:03:45.617328,cancelled
11853,2741,5,2026-01-02 00:05:52.163705,completed
11854,1890,3,2026-01-28 19:37:28.512249,cancelled
11855,2961,8,2026-03-15 08:31:59.056608,pending
11856,1188,7,2026-03-30 04:56:06.236212,cancelled
11857,461,7,2026-02-13 22:31:09.848181,pending
11858,2334,2,2026-03-16 14:50:39.383777,cancelled
11859,3503,6,2026-03-16 16:24:37.883443,pending
11860,1746,6,2026-04-03 04:25:52.387735,pending
11861,4915,7,2026-04-07 04:53:25.076147,completed
11862,1190,5,2026-02-23 13:09:16.450129,completed
11863,1095,10,2026-03-02 11:46:53.562721,cancelled
11864,1945,8,2026-02-03 19:38:40.303290,cancelled
11865,2571,1,2026-03-05 07:16:34.620578,pending
11866,1338,3,2026-02-03 22:27:31.751265,cancelled
11867,1627,4,2026-02-24 05:43:00.003413,completed
11868,1253,7,2026-03-11 07:55:13.612174,pending
11869,3954,9,2026-03-23 16:46:06.014279,completed
11870,1854,8,2026-03-17 12:50:54.613522,pending
11871,737,4,2026-01-22 12:16:52.401985,pending
11872,2363,2,2026-02-02 07:58:51.315242,completed
11873,3312,10,2026-02-17 09:08:17.764912,completed
11874,3430,8,2026-04-02 03:03:09.095166,pending
11875,2086,7,2026-02-26 00:30:16.070327,completed
11876,41,4,2026-03-04 22:07:22.169464,pending
11877,747,6,2026-02-16 09:00:51.183840,pending
11878,4982,5,2026-01-23 06:12:32.792789,cancelled
11879,4779,3,2026-03-04 05:34:16.917268,pending
11880,4396,5,2026-03-10 10:03:03.068331,pending
11881,3408,1,2026-03-15 04:39:23.531687,cancelled
11882,4410,4,2026-01-16 16:22:25.612652,pending
11883,4667,4,2026-03-01 21:32:21.570343,pending
11884,3963,1,2026-01-21 18:35:42.374177,cancelled
11885,1399,2,2026-01-22 05:48:17.320276,cancelled
11886,242,8,2026-01-23 08:02:24.610002,completed
11887,3465,7,2026-03-13 08:45:30.049481,completed
11888,1650,8,2026-03-16 21:58:48.484988,cancelled
11889,857,5,2026-01-01 20:24:37.659382,cancelled
11890,984,3,2026-04-06 12:06:52.387296,completed
11891,2752,5,2026-03-30 15:58:33.461138,cancelled
11892,4319,5,2026-04-02 14:13:15.111955,pending
11893,949,1,2026-01-22 01:56:11.395979,cancelled
11894,4578,10,2026-02-16 05:59:14.061216,completed
11895,3571,5,2026-01-01 01:44:50.212613,cancelled
11896,1682,6,2026-02-09 07:57:17.415210,pending
11897,662,9,2026-03-08 15:19:53.499992,cancelled
11898,825,3,2026-02-07 11:31:23.988566,cancelled
11899,4833,5,2026-02-14 00:12:26.722639,pending
11900,897,3,2026-03-24 04:00:47.858806,completed
11901,1732,10,2026-01-28 07:53:49.729732,pending
11902,2811,10,2026-03-21 02:16:43.160978,pending
11903,4365,1,2026-02-18 10:59:13.940874,pending
11904,1683,7,2026-03-03 12:03:32.909370,cancelled
11905,416,5,2026-03-11 05:08:37.173088,cancelled
11906,2304,3,2026-03-09 10:46:40.648556,completed
11907,4144,6,2026-03-11 00:56:41.633189,pending
11908,3,6,2026-01-14 21:54:53.962180,pending
11909,4659,1,2026-01-17 23:33:23.394165,cancelled
11910,1017,9,2026-01-30 06:42:40.401665,cancelled
11911,2235,10,2026-03-22 20:59:45.064934,completed
11912,1200,7,2026-02-25 16:25:14.253749,pending
11913,2187,8,2026-03-13 23:11:38.932361,pending
11914,4281,3,2026-01-28 09:24:53.001745,completed
11915,4799,8,2026-03-26 19:31:47.459438,cancelled
11916,79,9,2026-02-08 11:58:49.124965,completed
11917,1430,9,2026-02-26 01:49:07.520757,pending
11918,4125,9,2026-01-06 15:50:32.522408,completed
11919,1440,2,2026-02-09 10:37:45.922245,completed
11920,3822,6,2026-04-05 03:02:15.088828,pending
11921,1697,8,2026-02-26 21:46:21.957212,completed
11922,4938,8,2026-01-16 08:38:25.469235,cancelled
11923,485,7,2026-03-17 20:31:02.319541,cancelled
11924,2350,5,2026-03-05 18:57:49.059737,pending
11925,391,10,2026-03-09 03:58:16.356535,pending
11926,1654,2,2026-01-23 05:11:30.801168,pending
11927,238,5,2026-02-19 18:56:28.243597,cancelled
11928,3753,10,2026-02-13 08:53:39.452820,pending
11929,3778,1,2026-02-21 12:32:04.702795,cancelled
11930,3947,4,2026-01-31 16:38:38.257626,cancelled
11931,1569,4,2026-03-12 13:35:15.005142,cancelled
11932,2914,3,2026-04-01 09:52:30.377737,cancelled
11933,1464,3,2026-04-03 08:10:46.493693,pending
11934,3841,8,2026-01-14 11:56:37.482603,completed
11935,4892,8,2026-03-18 17:43:32.457580,cancelled
11936,2226,6,2026-01-23 07:19:52.690373,cancelled
11937,1029,5,2026-01-23 04:50:01.692428,completed
11938,3098,9,2026-02-16 13:30:41.204451,pending
11939,3801,10,2026-01-03 05:39:49.505691,completed
11940,1226,9,2026-01-31 15:48:49.498856,pending
11941,1084,10,2026-03-27 22:09:07.704246,cancelled
11942,1251,3,2026-02-18 01:09:33.645167,pending
11943,3478,7,2026-01-06 19:52:54.203500,completed
11944,4684,7,2026-01-11 17:30:22.793057,pending
11945,304,2,2026-02-21 02:45:45.246638,completed
11946,1615,9,2026-01-08 02:39:56.908159,cancelled
11947,4710,1,2026-01-12 22:56:57.478371,pending
11948,3529,2,2026-03-21 18:21:22.477373,pending
11949,2765,8,2026-04-02 10:10:12.171573,pending
11950,885,7,2026-02-28 19:40:57.228189,completed
11951,3237,1,2026-02-27 22:26:01.250000,completed
11952,2335,1,2026-02-04 18:36:45.591995,pending
11953,2769,6,2026-01-18 03:01:47.887232,completed
11954,523,3,2026-01-22 01:46:56.894197,pending
11955,957,10,2026-03-10 13:39:35.452490,pending
11956,4366,9,2026-02-19 07:02:38.487774,pending
11957,153,4,2026-04-06 10:54:37.260243,completed
11958,1783,4,2026-03-19 20:20:58.315050,pending
11959,378,9,2026-02-11 03:03:48.280461,cancelled
11960,1954,7,2026-02-21 21:02:10.714609,cancelled
11961,3294,2,2026-02-04 19:17:47.238356,completed
11962,2974,7,2026-03-06 10:21:37.059054,pending
11963,2966,6,2026-01-08 12:34:28.782305,completed
11964,478,4,2026-01-28 18:34:31.644671,completed
11965,4367,1,2026-02-21 04:11:13.452472,pending
11966,277,9,2026-01-09 08:51:18.034501,pending
11967,1358,4,2026-02-05 07:50:26.001819,cancelled
11968,529,8,2026-01-12 07:31:41.837852,completed
11969,984,7,2026-04-02 06:50:40.688365,cancelled
11970,4737,10,2026-03-09 11:47:09.893420,pending
11971,3234,9,2026-03-26 18:32:23.670710,pending
11972,4013,10,2026-01-15 05:00:58.455203,pending
11973,4475,6,2026-01-16 20:53:32.763567,cancelled
11974,2037,7,2026-03-12 08:34:11.529430,pending
11975,1522,2,2026-01-25 15:41:20.217549,cancelled
11976,2542,4,2026-03-12 10:47:32.931078,cancelled
11977,1941,1,2026-03-02 20:43:56.408807,cancelled
11978,3731,5,2026-03-03 04:53:50.486016,completed
11979,2079,8,2026-01-29 04:32:06.410331,cancelled
11980,3508,6,2026-03-11 15:09:27.765682,cancelled
11981,4209,10,2026-03-26 09:56:13.556045,pending
11982,387,2,2026-02-04 10:16:15.796731,pending
11983,3935,8,2026-02-05 19:05:19.772403,cancelled
11984,3720,7,2026-01-20 12:40:55.177798,pending
11985,21,9,2026-03-07 00:29:14.927040,pending
11986,643,3,2026-02-06 12:41:24.764496,pending
11987,3647,2,2026-01-09 12:03:48.090146,completed
11988,4266,8,2026-03-30 00:02:34.690761,completed
11989,1392,2,2026-02-11 02:09:00.433157,cancelled
11990,642,6,2026-02-08 06:41:15.645208,cancelled
11991,4297,7,2026-01-30 22:36:35.095201,cancelled
11992,1845,1,2026-03-28 10:06:08.046182,pending
11993,1368,1,2026-03-06 11:18:17.370351,cancelled
11994,1328,5,2026-03-12 18:24:55.939200,cancelled
11995,3523,7,2026-02-14 08:17:59.334666,cancelled
11996,1673,9,2026-03-27 13:24:32.586450,pending
11997,2871,9,2026-04-03 05:27:02.235017,completed
11998,93,9,2026-01-27 14:18:13.070196,completed
11999,1352,7,2026-02-10 08:14:01.010352,pending
12000,3959,4,2026-03-20 06:57:43.056694,completed
12001,1784,5,2026-02-08 13:52:36.991001,cancelled
12002,4496,7,2026-01-12 02:12:48.241110,pending
12003,4486,4,2026-03-13 20:24:30.964180,cancelled
12004,2796,1,2026-03-06 01:58:45.566241,pending
12005,3834,5,2026-01-25 22:32:30.803864,completed
12006,525,6,2026-02-01 04:19:51.516657,pending
12007,3859,1,2026-02-20 22:42:03.236276,completed
12008,2462,6,2026-01-15 09:55:03.219465,cancelled
12009,2390,3,2026-03-21 21:33:45.931378,completed
12010,854,9,2026-03-18 11:28:55.608092,completed
12011,4579,1,2026-02-19 18:19:14.643830,completed
12012,2235,7,2026-03-16 08:38:38.877041,pending
12013,3338,1,2026-01-25 00:31:46.339315,pending
12014,4516,8,2026-03-07 15:57:11.119411,completed
12015,229,2,2026-04-01 15:16:57.539579,pending
12016,4193,7,2026-02-25 10:24:28.360225,cancelled
12017,2416,9,2026-01-16 08:13:44.160921,completed
12018,4184,1,2026-03-07 04:36:41.623973,cancelled
12019,3506,6,2026-01-18 18:41:10.545751,cancelled
12020,1829,7,2026-01-02 17:36:29.277211,pending
12021,482,6,2026-01-07 05:38:07.177717,cancelled
12022,3676,7,2026-04-05 13:08:30.269602,cancelled
12023,3280,8,2026-02-24 08:57:25.719548,completed
12024,2181,9,2026-02-17 16:52:28.197800,cancelled
12025,872,3,2026-01-10 22:33:21.932301,cancelled
12026,1204,10,2026-01-03 08:10:27.220032,completed
12027,4463,3,2026-02-14 22:45:13.861588,completed
12028,1459,3,2026-01-12 00:31:06.864085,cancelled
12029,1602,1,2026-03-27 21:04:18.990449,pending
12030,4317,10,2026-03-22 07:37:06.791882,pending
12031,1606,1,2026-04-04 19:18:25.347274,completed
12032,3360,9,2026-02-16 19:01:03.235154,pending
12033,484,5,2026-01-29 22:36:24.948656,cancelled
12034,4037,5,2026-04-05 17:58:14.821476,pending
12035,4092,9,2026-03-07 15:47:10.333777,cancelled
12036,402,3,2026-02-15 07:30:45.519435,completed
12037,1325,6,2026-03-21 19:15:33.798221,completed
12038,4549,8,2026-03-05 11:57:28.500228,completed
12039,2286,2,2026-03-06 11:48:57.689890,pending
12040,2221,4,2026-01-01 17:57:19.433648,completed
12041,4707,3,2026-03-06 13:54:09.654869,completed
12042,1490,6,2026-03-12 04:20:05.130878,pending
12043,2439,1,2026-03-29 08:03:07.006685,cancelled
12044,4837,2,2026-01-04 05:02:51.379984,pending
12045,3798,7,2026-01-20 02:27:56.312879,cancelled
12046,823,6,2026-03-04 01:49:29.335710,pending
12047,3595,5,2026-02-12 07:23:23.720700,pending
12048,4373,5,2026-03-17 20:56:01.120106,pending
12049,859,9,2026-03-19 00:57:27.983633,cancelled
12050,2256,4,2026-02-12 03:49:44.706104,cancelled
12051,1863,1,2026-04-05 18:21:14.710483,cancelled
12052,1027,3,2026-02-12 17:59:29.423283,cancelled
12053,4391,10,2026-02-07 12:24:24.257185,cancelled
12054,99,7,2026-04-06 07:12:22.915879,completed
12055,2451,4,2026-02-24 05:39:22.985031,completed
12056,1275,4,2026-03-29 06:14:23.621936,cancelled
12057,3348,8,2026-01-23 06:29:50.389041,completed
12058,4267,2,2026-03-15 08:01:05.991028,pending
12059,1081,6,2026-01-02 01:43:06.442003,pending
12060,386,3,2026-03-28 08:06:16.409974,pending
12061,701,6,2026-01-03 14:36:56.478559,pending
12062,4817,7,2026-02-06 08:39:52.462255,pending
12063,2736,2,2026-02-09 07:35:28.469385,pending
12064,442,8,2026-03-09 14:45:45.179035,completed
12065,4324,4,2026-01-26 04:52:36.720589,cancelled
12066,3359,3,2026-01-13 11:57:00.428764,completed
12067,4519,9,2026-03-10 16:25:53.924010,cancelled
12068,3161,7,2026-03-08 02:49:15.382051,completed
12069,2598,6,2026-03-20 19:05:14.423543,completed
12070,388,9,2026-02-16 19:21:13.457628,completed
12071,4898,10,2026-01-09 11:17:05.141332,cancelled
12072,2416,3,2026-01-15 22:57:22.692507,pending
12073,3841,3,2026-01-01 03:26:50.424678,pending
12074,1760,6,2026-03-14 09:16:49.603810,pending
12075,3812,2,2026-03-02 15:38:02.829883,pending
12076,4029,7,2026-02-24 03:28:11.910402,completed
12077,4001,8,2026-02-02 00:22:28.275914,cancelled
12078,456,7,2026-01-11 09:10:16.082557,completed
12079,313,8,2026-01-16 17:01:06.500104,completed
12080,4155,7,2026-02-08 00:24:08.682691,cancelled
12081,4286,8,2026-01-13 17:38:28.848616,pending
12082,4617,8,2026-01-31 05:11:19.345155,pending
12083,565,5,2026-01-05 11:44:19.171361,pending
12084,1089,5,2026-02-16 01:11:21.734546,cancelled
12085,4465,5,2026-02-27 11:47:44.218433,pending
12086,3171,5,2026-02-05 15:32:53.720716,pending
12087,3460,4,2026-03-28 07:04:59.913186,pending
12088,3462,4,2026-01-23 03:27:22.912920,pending
12089,1895,6,2026-02-06 23:08:12.114704,completed
12090,3952,10,2026-01-23 12:58:50.634668,cancelled
12091,311,3,2026-02-10 22:36:56.693206,completed
12092,2773,8,2026-03-31 12:04:19.245186,cancelled
12093,2940,5,2026-01-31 07:35:58.740172,cancelled
12094,237,7,2026-01-05 11:34:16.890890,completed
12095,465,7,2026-01-11 03:11:58.140509,pending
12096,2775,4,2026-03-07 13:09:45.184406,pending
12097,3387,10,2026-01-28 14:05:29.572624,pending
12098,393,1,2026-03-19 00:02:55.612880,pending
12099,3198,9,2026-02-11 06:00:07.331202,cancelled
12100,2198,5,2026-02-20 02:33:14.291695,pending
12101,4687,5,2026-01-30 07:25:28.400172,completed
12102,4770,9,2026-03-06 11:11:36.945227,pending
12103,2900,10,2026-01-13 04:06:33.733081,pending
12104,1601,7,2026-03-09 15:01:59.058722,pending
12105,407,4,2026-01-24 19:11:24.828010,pending
12106,2395,6,2026-02-02 08:07:32.653850,pending
12107,2704,10,2026-03-19 08:17:38.828836,pending
12108,1997,2,2026-02-23 04:09:20.635213,pending
12109,3960,9,2026-03-31 12:01:43.665405,cancelled
12110,2476,8,2026-03-15 23:48:18.997864,pending
12111,1227,8,2026-03-11 21:35:57.261025,completed
12112,4795,7,2026-03-21 08:22:55.596722,completed
12113,4779,5,2026-02-08 07:53:23.103864,completed
12114,2123,7,2026-03-13 21:53:54.931831,completed
12115,3330,6,2026-01-10 12:38:31.548085,pending
12116,3415,3,2026-03-15 13:08:29.617176,cancelled
12117,4478,10,2026-02-17 21:51:13.827939,cancelled
12118,1317,10,2026-02-06 14:41:26.352153,cancelled
12119,3483,1,2026-02-14 18:42:29.811040,pending
12120,986,1,2026-03-22 02:57:55.808435,pending
12121,1836,1,2026-02-28 06:24:33.203997,completed
12122,4776,8,2026-02-20 23:12:01.728860,pending
12123,3816,9,2026-01-14 14:45:40.482975,pending
12124,4876,10,2026-03-22 02:14:32.193753,cancelled
12125,4738,8,2026-01-24 04:43:22.819006,pending
12126,2272,4,2026-03-30 10:56:49.906157,completed
12127,2450,2,2026-04-03 16:54:15.612943,completed
12128,2721,8,2026-03-13 18:05:51.662115,cancelled
12129,3923,5,2026-02-01 01:03:44.126870,cancelled
12130,3619,6,2026-03-26 23:42:11.575557,completed
12131,4741,2,2026-02-19 04:30:00.859296,completed
12132,111,5,2026-01-09 00:37:17.855526,pending
12133,982,1,2026-02-27 19:21:02.865463,cancelled
12134,1403,7,2026-02-15 11:49:54.766857,cancelled
12135,569,10,2026-03-14 08:03:26.158639,cancelled
12136,4735,9,2026-02-04 08:32:45.804860,completed
12137,2230,10,2026-01-01 05:16:44.942774,pending
12138,2543,4,2026-02-14 17:47:06.326152,completed
12139,1003,1,2026-02-28 21:19:54.136835,cancelled
12140,377,4,2026-03-06 01:33:43.709237,pending
12141,3634,9,2026-01-10 22:42:45.767104,completed
12142,4429,8,2026-03-08 12:09:46.954227,pending
12143,2890,5,2026-02-09 15:56:21.798861,cancelled
12144,4797,6,2026-02-25 18:01:27.579779,completed
12145,3742,5,2026-01-07 20:05:12.032368,cancelled
12146,172,5,2026-02-14 09:13:11.770628,cancelled
12147,1572,2,2026-03-05 07:59:09.133904,cancelled
12148,1770,2,2026-03-20 13:17:25.299800,completed
12149,4443,10,2026-03-20 15:41:48.654878,cancelled
12150,2709,6,2026-03-01 15:08:45.073080,pending
12151,2000,8,2026-02-03 01:08:36.515645,pending
12152,3819,3,2026-01-16 03:42:15.805755,pending
12153,997,6,2026-02-18 02:02:19.862917,pending
12154,4361,9,2026-01-02 08:12:50.500204,cancelled
12155,300,2,2026-01-18 02:07:39.140838,completed
12156,4530,8,2026-02-20 12:47:38.752768,completed
12157,2697,9,2026-03-12 01:29:02.613505,completed
12158,3104,10,2026-04-04 09:50:06.554734,cancelled
12159,2365,7,2026-02-26 03:18:13.684345,pending
12160,4860,1,2026-03-03 13:24:01.710790,pending
12161,3891,1,2026-01-15 21:39:03.757666,cancelled
12162,3864,3,2026-01-14 04:13:15.253539,cancelled
12163,4980,3,2026-01-20 21:41:55.663551,cancelled
12164,2184,8,2026-03-04 03:02:56.201357,pending
12165,2967,6,2026-02-20 01:07:44.388981,cancelled
12166,2616,8,2026-04-02 00:31:06.010711,completed
12167,4835,5,2026-02-24 22:45:52.632156,completed
12168,1977,10,2026-03-28 16:15:29.611502,completed
12169,1272,4,2026-03-14 15:29:39.242821,pending
12170,602,4,2026-04-01 09:19:05.482589,cancelled
12171,1430,2,2026-03-01 13:57:09.715669,completed
12172,584,8,2026-01-29 21:35:04.530015,cancelled
12173,3246,1,2026-02-20 08:35:30.983981,completed
12174,3868,6,2026-03-17 02:30:53.375091,cancelled
12175,2996,1,2026-02-08 23:19:35.351268,completed
12176,4215,2,2026-03-07 13:53:58.524328,completed
12177,701,7,2026-03-01 20:21:48.739603,pending
12178,1882,9,2026-01-24 17:13:50.280522,cancelled
12179,4666,5,2026-03-05 21:54:08.887205,pending
12180,2538,9,2026-03-31 11:03:23.876362,completed
12181,3095,5,2026-01-26 19:02:43.009958,cancelled
12182,4636,1,2026-03-08 00:01:28.526285,completed
12183,4331,8,2026-03-11 23:31:33.987567,cancelled
12184,4060,1,2026-03-01 20:14:40.263564,completed
12185,1960,9,2026-04-01 04:22:21.679940,pending
12186,4847,8,2026-02-01 15:12:36.096499,cancelled
12187,509,7,2026-04-04 01:50:45.675688,completed
12188,4442,4,2026-03-21 16:51:42.021792,completed
12189,1700,7,2026-02-08 13:53:30.750122,pending
12190,2156,6,2026-02-08 01:04:44.080507,completed
12191,982,3,2026-02-20 06:39:07.516203,completed
12192,1836,5,2026-01-11 01:24:16.252573,pending
12193,504,8,2026-01-05 14:01:28.899165,pending
12194,804,4,2026-01-20 23:49:16.954332,cancelled
12195,3764,1,2026-02-21 16:29:19.736474,completed
12196,3973,10,2026-01-15 15:42:07.013551,pending
12197,1881,1,2026-04-04 04:13:12.774424,pending
12198,881,2,2026-02-05 07:45:16.658799,cancelled
12199,3576,1,2026-01-28 21:55:36.845285,pending
12200,2969,7,2026-04-03 23:07:37.211994,cancelled
12201,4688,4,2026-03-31 23:14:46.936419,pending
12202,1601,4,2026-03-14 21:52:30.254276,pending
12203,4512,2,2026-02-28 22:40:59.259618,cancelled
12204,3086,10,2026-02-16 00:19:36.163413,completed
12205,3256,6,2026-03-16 10:47:58.587932,pending
12206,2795,9,2026-03-15 17:36:44.922904,completed
12207,553,5,2026-04-04 18:23:39.180587,pending
12208,2201,9,2026-03-14 09:11:58.752903,completed
12209,4134,10,2026-03-29 06:13:50.057019,cancelled
12210,4700,5,2026-03-25 19:20:14.898099,completed
12211,2272,9,2026-02-11 16:29:04.677718,pending
12212,4589,7,2026-02-21 15:54:40.818481,completed
12213,649,3,2026-03-02 00:42:46.494513,completed
12214,4951,5,2026-03-05 09:54:42.303783,cancelled
12215,2280,5,2026-02-22 22:09:37.501003,cancelled
12216,758,9,2026-01-22 15:32:49.671566,completed
12217,1018,3,2026-02-02 09:04:50.874029,cancelled
12218,847,9,2026-04-06 19:15:46.576454,cancelled
12219,3785,2,2026-03-20 06:58:50.685180,pending
12220,2952,7,2026-03-30 23:59:51.900645,cancelled
12221,3290,8,2026-03-25 04:21:22.488024,pending
12222,4389,6,2026-04-03 20:30:47.905687,pending
12223,1414,7,2026-01-22 06:00:36.021920,pending
12224,3534,3,2026-01-18 05:49:39.082371,pending
12225,788,2,2026-02-13 04:47:32.126702,pending
12226,1859,3,2026-04-06 11:17:10.205302,completed
12227,4634,2,2026-02-14 14:20:32.554175,pending
12228,3298,6,2026-02-09 22:25:34.621086,pending
12229,535,3,2026-02-02 18:28:05.094982,pending
12230,3243,10,2026-01-09 11:04:25.570659,completed
12231,679,6,2026-02-04 17:24:58.021529,pending
12232,147,1,2026-01-21 07:00:09.092709,completed
12233,1803,1,2026-01-21 12:49:13.908261,pending
12234,570,3,2026-03-25 04:28:59.511322,cancelled
12235,2105,1,2026-01-17 15:11:36.480308,pending
12236,1590,10,2026-03-17 01:30:33.606577,cancelled
12237,3416,8,2026-04-03 20:21:44.740063,pending
12238,4499,4,2026-01-24 14:13:52.176248,cancelled
12239,1403,2,2026-03-24 12:09:12.978264,cancelled
12240,4000,10,2026-01-24 13:12:33.362230,pending
12241,2599,9,2026-01-27 05:40:32.504732,pending
12242,1577,10,2026-02-27 15:43:57.253321,cancelled
12243,2544,8,2026-01-15 22:04:51.262586,pending
12244,1962,9,2026-02-25 14:48:12.884906,pending
12245,2897,3,2026-02-25 23:15:25.763593,completed
12246,1982,6,2026-03-07 03:31:34.028404,completed
12247,2238,1,2026-02-19 00:24:41.197927,pending
12248,2721,9,2026-04-02 21:58:12.583520,cancelled
12249,4566,2,2026-03-02 00:33:02.923410,completed
12250,3967,5,2026-02-06 13:20:40.745336,completed
12251,4071,10,2026-02-03 23:39:02.449365,completed
12252,264,6,2026-02-26 11:23:32.858981,pending
12253,145,7,2026-03-02 10:01:18.891566,pending
12254,1186,6,2026-01-02 04:05:48.636820,cancelled
12255,4599,4,2026-03-24 03:38:16.886797,completed
12256,4821,2,2026-02-03 05:03:39.128816,completed
12257,1351,10,2026-04-02 03:13:38.164493,cancelled
12258,3160,10,2026-03-19 02:44:27.573239,pending
12259,3310,6,2026-03-12 03:28:19.365005,pending
12260,929,4,2026-01-12 04:57:00.535360,pending
12261,4987,4,2026-04-05 21:26:41.263686,pending
12262,993,1,2026-02-04 19:56:43.375128,cancelled
12263,295,7,2026-02-19 21:25:48.197502,completed
12264,2851,6,2026-03-11 21:06:42.758740,pending
12265,567,10,2026-02-25 04:13:46.019620,pending
12266,2421,4,2026-03-02 23:07:48.922406,cancelled
12267,2086,8,2026-02-07 10:26:23.147486,pending
12268,3135,4,2026-03-03 11:29:16.533171,cancelled
12269,3533,4,2026-02-23 10:26:24.121445,pending
12270,760,10,2026-01-16 10:31:41.807774,completed
12271,4202,5,2026-02-02 15:43:06.145610,pending
12272,3862,5,2026-01-07 18:04:27.767390,completed
12273,1031,9,2026-01-13 22:08:57.767386,completed
12274,4493,10,2026-02-27 15:26:33.233681,pending
12275,1825,4,2026-02-19 10:12:48.333735,completed
12276,216,2,2026-01-11 04:48:11.544668,cancelled
12277,1668,2,2026-03-24 00:18:20.108299,cancelled
12278,3669,5,2026-01-22 11:40:03.096406,completed
12279,228,3,2026-03-15 04:15:36.570533,cancelled
12280,753,7,2026-01-04 18:14:32.187575,completed
12281,1990,9,2026-03-31 15:35:00.064048,cancelled
12282,4464,6,2026-02-18 03:35:55.454721,completed
12283,4392,10,2026-02-20 06:31:10.967069,completed
12284,2302,6,2026-04-05 04:50:42.580573,completed
12285,1467,5,2026-02-05 13:53:26.815174,pending
12286,3118,9,2026-02-04 12:05:02.856180,cancelled
12287,4961,8,2026-03-02 17:16:51.834950,cancelled
12288,1015,3,2026-02-17 05:10:05.485101,completed
12289,4081,7,2026-03-12 14:47:39.208159,completed
12290,650,7,2026-03-15 04:36:12.234957,completed
12291,569,8,2026-01-10 00:15:30.961515,completed
12292,2052,6,2026-01-23 07:45:22.579146,completed
12293,2135,7,2026-01-01 18:20:15.752356,cancelled
12294,1427,5,2026-02-09 10:15:20.425922,pending
12295,4317,10,2026-04-02 18:43:17.951883,pending
12296,1892,4,2026-01-28 09:46:49.544654,cancelled
12297,4066,9,2026-03-22 03:00:51.504064,cancelled
12298,4033,4,2026-02-13 14:25:26.659196,pending
12299,1771,1,2026-03-29 02:10:16.794528,pending
12300,4074,3,2026-02-24 23:32:41.136992,pending
12301,2583,5,2026-02-21 23:34:37.608812,completed
12302,1158,1,2026-02-16 08:11:57.469432,completed
12303,3278,8,2026-03-23 13:43:14.470382,completed
12304,81,9,2026-02-22 13:32:21.810299,completed
12305,913,7,2026-03-23 02:12:08.556985,pending
12306,453,8,2026-03-03 03:24:34.448658,completed
12307,2422,7,2026-03-01 15:12:51.142513,pending
12308,651,6,2026-02-23 22:22:14.419405,cancelled
12309,3470,9,2026-03-13 15:34:47.465988,pending
12310,3223,8,2026-03-19 08:48:04.875358,pending
12311,2198,5,2026-01-31 03:33:58.256243,cancelled
12312,4052,3,2026-03-07 01:10:23.985310,cancelled
12313,2687,1,2026-01-09 12:48:19.996350,completed
12314,480,3,2026-01-09 17:14:18.001256,pending
12315,3074,5,2026-01-29 13:50:10.867500,cancelled
12316,4179,10,2026-01-27 21:29:42.590043,pending
12317,4693,3,2026-03-01 11:25:21.138276,pending
12318,2925,5,2026-01-01 17:05:25.513506,completed
12319,17,2,2026-02-16 20:16:48.628214,completed
12320,809,7,2026-04-06 13:19:13.121867,cancelled
12321,2220,7,2026-02-19 01:54:11.537333,cancelled
12322,2980,6,2026-02-07 02:39:47.878174,completed
12323,3547,10,2026-03-26 19:49:31.863319,completed
12324,1472,5,2026-02-01 14:36:14.612951,pending
12325,4455,8,2026-03-26 04:38:46.191894,cancelled
12326,1447,9,2026-01-20 11:39:44.519945,completed
12327,1994,10,2026-04-07 03:56:25.905712,completed
12328,2368,5,2026-02-24 04:45:42.300423,cancelled
12329,478,3,2026-01-13 21:37:51.216763,completed
12330,4694,10,2026-01-24 19:47:01.780627,cancelled
12331,3023,1,2026-03-18 17:49:57.628430,cancelled
12332,3721,2,2026-03-10 05:44:33.449981,pending
12333,2691,7,2026-01-12 20:56:03.642721,cancelled
12334,1114,5,2026-01-14 07:27:08.206518,pending
12335,1751,4,2026-04-01 00:59:11.207662,pending
12336,1804,4,2026-01-11 21:57:04.321056,completed
12337,1801,3,2026-03-09 14:24:13.030244,pending
12338,769,6,2026-02-03 09:41:17.185572,pending
12339,744,9,2026-02-03 20:49:44.361463,cancelled
12340,4807,1,2026-03-26 12:12:04.179651,pending
12341,4648,8,2026-01-21 06:38:41.162565,cancelled
12342,3517,7,2026-03-23 06:38:00.644574,cancelled
12343,2244,6,2026-03-19 13:20:09.891475,pending
12344,1769,6,2026-01-15 05:33:25.117505,pending
12345,3114,3,2026-01-09 05:33:13.876737,pending
12346,3621,10,2026-04-06 14:50:08.450963,cancelled
12347,1703,8,2026-02-12 14:48:16.166277,cancelled
12348,4640,6,2026-01-24 12:41:33.695445,completed
12349,3638,4,2026-02-03 02:13:20.710045,cancelled
12350,2293,10,2026-02-09 07:10:45.460179,pending
12351,2173,1,2026-04-07 04:09:00.402764,pending
12352,3338,9,2026-02-22 07:57:10.880567,completed
12353,3620,5,2026-01-26 07:34:04.958539,cancelled
12354,873,5,2026-01-01 05:26:20.091217,pending
12355,1092,10,2026-03-19 23:15:41.942413,completed
12356,3965,7,2026-04-04 20:03:43.726793,completed
12357,2181,6,2026-02-09 13:53:37.501940,pending
12358,3534,3,2026-03-17 11:47:01.746607,pending
12359,4796,3,2026-02-05 22:18:11.266406,completed
12360,2671,6,2026-02-28 14:54:57.341579,completed
12361,4765,9,2026-03-30 17:23:52.141046,pending
12362,697,8,2026-01-28 19:27:04.928238,cancelled
12363,3322,8,2026-01-04 02:33:08.645861,completed
12364,2318,10,2026-02-15 21:14:46.852237,pending
12365,3783,6,2026-01-02 16:33:18.311014,pending
12366,2829,9,2026-01-07 08:51:28.625888,completed
12367,2687,2,2026-01-04 00:16:13.158695,completed
12368,4375,8,2026-03-31 15:34:57.181315,pending
12369,4486,10,2026-01-27 15:03:41.166884,completed
12370,2281,8,2026-04-03 00:37:54.145669,cancelled
12371,2143,4,2026-03-17 12:32:49.082733,pending
12372,4324,1,2026-04-05 18:28:38.883558,cancelled
12373,1607,1,2026-03-20 20:07:00.516519,cancelled
12374,3453,8,2026-01-17 08:40:06.255481,cancelled
12375,2426,5,2026-03-25 10:21:56.737680,pending
12376,1234,7,2026-01-06 15:52:53.332954,cancelled
12377,1853,5,2026-01-09 23:51:28.027895,pending
12378,4683,7,2026-02-13 19:00:46.823538,pending
12379,3551,2,2026-03-30 02:02:40.529592,pending
12380,1044,4,2026-02-24 21:26:34.096912,cancelled
12381,2319,1,2026-03-29 23:56:41.440573,cancelled
12382,2946,7,2026-02-10 05:29:09.074968,pending
12383,266,10,2026-02-19 01:39:46.796419,completed
12384,370,2,2026-03-22 19:04:16.014591,cancelled
12385,3393,8,2026-02-16 03:45:11.991539,pending
12386,545,7,2026-03-06 23:56:41.516961,completed
12387,2373,8,2026-03-07 08:08:15.823656,completed
12388,4922,10,2026-02-03 08:17:35.520282,pending
12389,2749,8,2026-02-19 18:01:57.347303,completed
12390,4227,4,2026-01-30 05:16:11.426275,pending
12391,642,6,2026-03-30 11:44:23.828425,completed
12392,739,6,2026-03-12 00:35:00.140139,pending
12393,161,10,2026-03-16 04:55:22.250230,cancelled
12394,1476,5,2026-03-19 19:44:19.848675,completed
12395,836,9,2026-02-17 21:51:41.661689,pending
12396,4206,7,2026-02-13 19:52:11.214738,completed
12397,1422,10,2026-02-22 11:40:10.388844,pending
12398,719,1,2026-03-02 23:03:26.994167,completed
12399,3483,1,2026-03-20 15:43:08.096110,completed
12400,1389,6,2026-03-23 20:09:11.242205,pending
12401,3799,3,2026-02-12 23:45:40.729536,cancelled
12402,877,9,2026-01-12 21:07:09.198193,cancelled
12403,3852,1,2026-02-05 07:59:50.914600,cancelled
12404,4024,5,2026-01-06 02:00:52.033796,cancelled
12405,1124,3,2026-03-30 11:05:34.753983,completed
12406,2062,3,2026-04-07 15:10:37.150038,completed
12407,2902,2,2026-03-21 12:32:53.544133,pending
12408,682,10,2026-02-02 05:55:31.063586,pending
12409,4961,9,2026-02-02 15:39:32.909654,pending
12410,2277,5,2026-03-02 00:55:18.593481,completed
12411,873,1,2026-01-17 00:57:39.203375,completed
12412,4262,2,2026-04-02 10:51:12.065550,cancelled
12413,2365,10,2026-01-25 18:16:50.480369,cancelled
12414,2666,8,2026-02-15 23:23:41.869310,cancelled
12415,2187,10,2026-02-12 09:22:33.687487,cancelled
12416,752,7,2026-01-14 22:08:16.953985,pending
12417,1598,6,2026-01-28 03:20:57.892665,pending
12418,1265,3,2026-03-23 16:58:18.563885,pending
12419,2398,10,2026-01-05 17:19:08.412488,completed
12420,1812,7,2026-01-31 13:42:12.484148,pending
12421,4595,7,2026-02-18 19:33:42.900960,completed
12422,3874,1,2026-04-07 04:03:34.623838,pending
12423,1208,4,2026-01-26 22:53:18.078870,completed
12424,4623,2,2026-03-20 11:44:03.991043,pending
12425,599,2,2026-03-12 16:05:59.739775,cancelled
12426,4037,7,2026-01-28 23:23:06.453587,pending
12427,4071,2,2026-03-12 15:15:31.771940,completed
12428,4052,8,2026-02-19 08:22:04.478275,completed
12429,3170,3,2026-03-18 14:58:37.451043,completed
12430,3899,8,2026-02-12 22:07:38.815360,completed
12431,3921,7,2026-03-27 14:06:17.483345,completed
12432,241,6,2026-01-13 10:33:15.074230,cancelled
12433,434,1,2026-04-07 12:45:57.085741,completed
12434,137,7,2026-01-21 23:54:59.369667,cancelled
12435,2730,3,2026-01-06 02:23:14.074509,cancelled
12436,3135,9,2026-01-29 03:46:25.420526,cancelled
12437,3926,10,2026-02-21 07:16:01.131105,pending
12438,523,4,2026-01-12 19:15:10.659092,completed
12439,4353,2,2026-03-08 07:22:04.514987,cancelled
12440,3805,1,2026-01-11 10:30:20.958464,cancelled
12441,4977,10,2026-04-02 12:26:34.216580,cancelled
12442,3242,9,2026-02-02 23:07:31.808843,completed
12443,4609,2,2026-02-22 22:24:04.614573,cancelled
12444,3623,4,2026-03-09 17:17:18.825860,completed
12445,2717,2,2026-01-07 01:53:05.108637,cancelled
12446,3772,7,2026-03-15 01:58:28.016424,completed
12447,2482,2,2026-01-03 05:21:34.808552,pending
12448,670,2,2026-01-20 02:00:31.621542,completed
12449,4454,3,2026-01-18 21:11:20.681076,completed
12450,1295,7,2026-03-06 05:08:09.278596,cancelled
12451,2431,9,2026-04-02 20:35:39.415301,cancelled
12452,1558,6,2026-03-04 18:09:15.652487,completed
12453,2053,8,2026-02-22 02:20:56.767133,completed
12454,383,7,2026-03-11 15:36:59.173921,completed
12455,2670,8,2026-01-17 16:31:01.123240,pending
12456,1,8,2026-03-04 13:25:30.312096,pending
12457,3225,9,2026-03-18 20:00:00.903889,pending
12458,3590,5,2026-03-07 10:57:03.073185,cancelled
12459,4612,6,2026-02-14 03:06:21.846593,pending
12460,330,7,2026-02-04 01:54:27.702310,pending
12461,3903,5,2026-04-06 18:51:21.763677,completed
12462,77,7,2026-02-23 14:28:55.460938,completed
12463,1905,7,2026-02-18 00:38:22.909767,pending
12464,3701,9,2026-03-30 22:42:43.172409,cancelled
12465,4359,10,2026-02-11 12:30:24.147336,pending
12466,1524,5,2026-01-05 23:06:20.436933,cancelled
12467,652,7,2026-01-07 03:53:53.930747,pending
12468,179,3,2026-02-09 22:41:05.294805,pending
12469,2915,5,2026-02-25 23:30:06.079451,pending
12470,1337,7,2026-01-07 13:32:50.653344,pending
12471,2812,2,2026-02-16 07:44:40.006338,pending
12472,1577,5,2026-03-31 00:29:46.645987,pending
12473,3791,2,2026-01-26 07:20:47.067970,pending
12474,2368,5,2026-04-04 20:50:29.569355,completed
12475,4019,10,2026-03-25 03:02:01.987734,pending
12476,4997,3,2026-04-03 02:25:17.971837,pending
12477,3600,5,2026-04-01 12:35:12.817529,completed
12478,4447,2,2026-03-20 22:25:22.715992,completed
12479,1983,10,2026-03-28 09:07:21.999360,pending
12480,824,3,2026-02-02 14:45:39.425301,completed
12481,2173,4,2026-01-10 21:06:48.472269,cancelled
12482,2212,6,2026-01-11 18:20:41.828867,pending
12483,1204,4,2026-02-10 10:20:27.462443,pending
12484,2303,5,2026-03-26 19:53:21.357778,completed
12485,1130,2,2026-02-10 17:05:12.576977,completed
12486,1723,10,2026-03-04 04:54:44.390479,pending
12487,2740,9,2026-01-22 10:25:10.706500,completed
12488,2545,6,2026-03-06 01:16:05.586585,completed
12489,28,3,2026-03-01 09:57:54.249490,cancelled
12490,1352,9,2026-03-04 13:54:40.989962,completed
12491,913,2,2026-04-03 00:22:03.600253,cancelled
12492,4701,6,2026-01-16 17:28:21.565396,pending
12493,1927,7,2026-01-28 01:43:29.283644,pending
12494,2667,4,2026-01-20 13:08:39.881068,pending
12495,330,1,2026-02-08 23:58:05.849881,pending
12496,3746,9,2026-02-22 13:23:14.848406,pending
12497,1760,8,2026-02-26 13:40:57.519299,cancelled
12498,2569,5,2026-02-24 10:01:35.508781,cancelled
12499,1128,6,2026-02-21 09:58:36.991581,completed
12500,3545,8,2026-01-12 03:13:50.996851,completed
12501,2491,4,2026-02-22 20:39:58.833561,cancelled
12502,325,3,2026-01-11 12:24:02.140410,cancelled
12503,3208,3,2026-02-06 08:56:53.350488,pending
12504,3576,9,2026-01-02 21:59:20.863620,pending
12505,2165,3,2026-01-05 16:48:50.968670,cancelled
12506,1335,2,2026-02-27 10:21:43.273278,cancelled
12507,3587,7,2026-03-17 21:00:18.717197,pending
12508,2754,10,2026-03-07 11:50:27.266407,pending
12509,1364,2,2026-01-23 06:07:46.418848,cancelled
12510,3613,9,2026-01-09 15:27:26.377389,completed
12511,3416,8,2026-02-26 22:59:56.600138,pending
12512,3020,6,2026-03-30 10:45:49.557282,cancelled
12513,1432,3,2026-01-14 22:11:29.961445,pending
12514,4679,1,2026-03-24 11:41:58.892299,completed
12515,1516,3,2026-02-06 08:50:04.815239,pending
12516,2890,8,2026-02-27 21:15:05.591252,pending
12517,274,1,2026-03-11 16:27:55.273612,completed
12518,2651,3,2026-01-13 04:08:37.502836,cancelled
12519,287,8,2026-02-17 08:35:21.721533,completed
12520,1733,3,2026-03-05 02:20:44.707223,completed
12521,3673,10,2026-03-02 13:39:32.828798,pending
12522,2629,4,2026-01-02 05:19:11.724723,completed
12523,409,3,2026-02-20 05:37:58.877052,completed
12524,189,2,2026-04-02 02:03:18.068606,cancelled
12525,815,4,2026-01-22 21:58:29.309088,pending
12526,1023,2,2026-03-24 22:02:13.669891,cancelled
12527,921,3,2026-03-07 17:50:03.131100,completed
12528,1876,4,2026-01-26 00:43:15.738499,completed
12529,4902,2,2026-01-31 02:13:06.104643,cancelled
12530,4254,8,2026-01-03 11:23:59.876949,completed
12531,2768,9,2026-01-24 09:34:10.492545,cancelled
12532,4902,2,2026-03-21 12:25:03.541133,completed
12533,1098,8,2026-01-11 13:43:20.952406,pending
12534,948,7,2026-03-31 04:38:11.870604,completed
12535,3590,9,2026-02-01 07:00:37.191011,pending
12536,3708,3,2026-03-05 06:08:07.932165,cancelled
12537,2228,5,2026-03-22 13:02:48.584389,pending
12538,4935,3,2026-01-14 07:21:28.475912,cancelled
12539,2108,2,2026-04-05 17:12:37.757430,completed
12540,686,3,2026-03-07 09:17:43.407436,pending
12541,4846,2,2026-01-20 18:30:23.598196,completed
12542,2659,3,2026-03-06 11:23:47.428660,cancelled
12543,2389,8,2026-04-02 17:47:45.747630,cancelled
12544,2379,2,2026-04-01 09:11:13.288752,pending
12545,4865,4,2026-01-10 08:33:09.911628,pending
12546,4082,5,2026-02-27 03:34:56.657137,cancelled
12547,1339,2,2026-02-22 08:00:39.294373,cancelled
12548,4809,7,2026-03-07 09:04:54.303265,cancelled
12549,2889,10,2026-02-09 06:44:24.133593,cancelled
12550,2336,8,2026-02-21 11:32:50.157217,cancelled
12551,3928,4,2026-03-15 05:43:10.316393,pending
12552,3300,4,2026-02-23 23:08:26.258076,cancelled
12553,284,9,2026-03-02 03:49:03.816194,pending
12554,4890,2,2026-02-14 21:08:48.320571,completed
12555,569,7,2026-02-17 01:22:45.344959,cancelled
12556,1485,6,2026-01-25 01:11:52.153164,pending
12557,1871,6,2026-02-19 10:59:52.218629,pending
12558,1699,2,2026-03-11 05:02:54.394541,pending
12559,1498,1,2026-02-06 03:58:02.165441,cancelled
12560,505,9,2026-03-11 05:10:10.120616,completed
12561,1991,4,2026-03-19 13:03:16.896409,completed
12562,1502,2,2026-04-04 01:04:49.861993,cancelled
12563,3845,1,2026-02-12 19:33:38.235487,cancelled
12564,3609,9,2026-02-15 10:36:18.317137,completed
12565,3289,5,2026-01-25 21:52:07.926024,pending
12566,4891,1,2026-03-21 09:40:14.674516,pending
12567,2957,5,2026-01-30 02:10:30.891385,pending
12568,1831,5,2026-01-16 06:22:58.086904,completed
12569,2718,6,2026-03-14 10:28:07.337568,pending
12570,4557,5,2026-04-03 23:00:34.824987,completed
12571,4145,1,2026-01-04 17:26:56.794774,cancelled
12572,2137,1,2026-02-05 03:01:09.094659,completed
12573,932,4,2026-01-31 15:09:22.873413,completed
12574,2112,8,2026-02-13 04:14:19.573381,cancelled
12575,974,8,2026-02-27 08:21:04.238527,pending
12576,4743,2,2026-02-12 02:24:07.345887,pending
12577,1148,2,2026-02-18 23:23:35.314498,pending
12578,3581,4,2026-01-31 09:54:10.600360,completed
12579,4076,1,2026-02-05 20:36:56.762359,completed
12580,3030,4,2026-01-01 07:38:34.937309,pending
12581,3232,10,2026-04-01 09:52:38.097238,pending
12582,1728,10,2026-02-03 21:53:12.674603,cancelled
12583,4763,5,2026-01-21 19:52:34.217176,cancelled
12584,3713,3,2026-02-14 16:23:46.166156,pending
12585,4321,2,2026-01-22 22:58:25.552788,completed
12586,3469,10,2026-03-07 19:29:50.576740,pending
12587,1108,9,2026-02-07 01:52:08.381473,pending
12588,4526,9,2026-01-13 04:03:06.561255,cancelled
12589,4802,5,2026-02-10 19:21:52.623502,pending
12590,3413,4,2026-03-20 06:17:12.086272,completed
12591,3422,4,2026-02-25 04:33:50.206142,completed
12592,1885,1,2026-04-04 19:13:58.480719,cancelled
12593,2586,8,2026-01-13 15:02:07.812443,cancelled
12594,2898,5,2026-02-11 12:50:40.033835,completed
12595,1871,8,2026-02-15 21:24:39.949675,completed
12596,2384,8,2026-02-09 06:08:08.197127,completed
12597,339,5,2026-01-28 10:42:33.367829,pending
12598,3275,1,2026-02-25 22:32:05.298756,cancelled
12599,2989,4,2026-01-03 13:39:25.057009,pending
12600,41,7,2026-01-18 08:51:40.482170,cancelled
12601,1362,4,2026-01-22 18:32:20.960507,completed
12602,2596,6,2026-02-22 21:30:21.170979,completed
12603,4095,5,2026-03-26 02:12:49.113080,pending
12604,1333,3,2026-01-02 04:15:31.513819,cancelled
12605,1309,9,2026-01-31 18:13:37.793829,pending
12606,2381,7,2026-03-22 02:50:36.627348,cancelled
12607,3064,7,2026-01-01 19:19:36.958882,completed
12608,2239,8,2026-03-18 02:14:27.189840,completed
12609,117,3,2026-02-04 01:39:31.029299,completed
12610,449,10,2026-03-31 16:18:31.808142,completed
12611,686,5,2026-03-12 23:22:50.004180,cancelled
12612,316,6,2026-04-01 23:04:25.914668,completed
12613,4283,7,2026-03-22 06:44:26.243530,completed
12614,913,1,2026-03-11 04:52:20.430273,completed
12615,4365,2,2026-04-06 20:00:23.948664,cancelled
12616,4250,8,2026-02-28 09:09:20.691146,cancelled
12617,3499,4,2026-01-28 01:59:51.387349,cancelled
12618,1012,5,2026-02-02 08:27:11.865763,completed
12619,575,7,2026-03-19 12:22:13.236228,completed
12620,1911,3,2026-03-27 03:11:49.822996,cancelled
12621,1571,5,2026-01-28 07:03:42.687507,pending
12622,3128,7,2026-03-05 22:34:16.213904,cancelled
12623,1465,5,2026-01-10 16:57:09.981784,cancelled
12624,2245,1,2026-01-11 19:27:51.231035,cancelled
12625,1763,4,2026-01-02 19:11:57.652690,pending
12626,3425,5,2026-03-08 14:21:56.530491,completed
12627,659,4,2026-02-02 06:26:45.336166,cancelled
12628,2234,7,2026-02-17 05:29:42.266959,completed
12629,287,3,2026-03-10 09:54:11.718903,pending
12630,3610,4,2026-01-20 13:57:38.058076,pending
12631,3521,9,2026-03-06 00:23:04.346051,completed
12632,1311,5,2026-01-01 13:51:17.947594,cancelled
12633,4132,3,2026-03-31 09:23:23.254633,cancelled
12634,2833,10,2026-01-09 13:37:18.685790,completed
12635,1154,1,2026-03-11 08:30:19.423684,cancelled
12636,3906,10,2026-03-07 04:19:30.427545,completed
12637,2637,9,2026-01-16 03:43:03.290234,pending
12638,711,9,2026-02-02 12:31:21.338294,pending
12639,2045,7,2026-03-10 23:45:05.818969,pending
12640,190,3,2026-01-07 01:31:17.326718,cancelled
12641,64,9,2026-02-28 18:53:38.047584,completed
12642,2706,6,2026-01-17 23:34:10.384229,pending
12643,4523,2,2026-01-19 10:28:25.179866,cancelled
12644,2536,8,2026-02-10 01:59:04.272377,pending
12645,4436,2,2026-02-15 23:59:07.813876,completed
12646,601,8,2026-01-10 13:17:07.208511,pending
12647,1216,7,2026-04-05 11:08:54.567965,cancelled
12648,1129,5,2026-03-06 15:41:42.278706,completed
12649,2758,5,2026-03-22 20:18:11.748892,completed
12650,2976,2,2026-03-28 02:53:04.376375,completed
12651,4500,2,2026-02-23 14:51:40.545815,pending
12652,174,2,2026-03-27 18:17:26.166219,completed
12653,1420,10,2026-02-16 07:12:30.217419,pending
12654,3196,7,2026-01-30 12:00:12.958512,pending
12655,4865,10,2026-03-04 17:18:59.111115,completed
12656,269,3,2026-02-26 04:06:47.244909,pending
12657,3657,7,2026-03-31 01:07:47.456859,pending
12658,1299,8,2026-03-25 03:02:38.910149,pending
12659,365,9,2026-02-09 23:19:11.696311,pending
12660,4835,7,2026-02-01 03:03:00.610171,pending
12661,3672,9,2026-03-27 15:38:55.200474,pending
12662,2846,7,2026-03-21 03:03:02.727925,cancelled
12663,3409,6,2026-02-09 02:57:33.478662,cancelled
12664,4116,1,2026-02-24 21:47:09.673046,pending
12665,1107,3,2026-04-07 14:14:28.391485,completed
12666,8,3,2026-01-30 16:54:46.516147,pending
12667,96,10,2026-03-22 21:39:37.190881,cancelled
12668,2604,4,2026-02-05 07:03:36.067850,cancelled
12669,4619,1,2026-01-02 00:53:00.154433,pending
12670,3315,4,2026-03-17 11:52:11.215057,pending
12671,647,9,2026-03-04 07:54:24.944861,cancelled
12672,48,10,2026-01-10 23:37:18.599276,cancelled
12673,2863,10,2026-03-22 05:41:22.482475,cancelled
12674,4581,2,2026-02-27 23:48:57.453892,cancelled
12675,4882,9,2026-02-26 21:14:18.652232,cancelled
12676,1091,2,2026-03-05 06:06:45.760043,pending
12677,4047,4,2026-01-05 04:17:43.614501,pending
12678,524,9,2026-01-03 22:05:39.030476,completed
12679,3178,7,2026-02-17 19:00:44.150877,cancelled
12680,2029,2,2026-04-05 02:29:29.682601,pending
12681,4655,3,2026-02-17 13:17:37.995420,pending
12682,2573,2,2026-03-13 10:23:28.141274,pending
12683,140,8,2026-03-07 19:45:36.152525,cancelled
12684,2346,5,2026-02-08 02:27:04.429207,pending
12685,3281,5,2026-02-05 14:20:08.975693,completed
12686,654,7,2026-03-14 20:47:59.170824,cancelled
12687,3234,10,2026-01-08 08:22:06.350244,pending
12688,757,5,2026-02-06 15:37:31.390837,completed
12689,4129,2,2026-02-04 06:08:57.913704,pending
12690,2191,1,2026-02-13 09:30:51.481252,pending
12691,2281,8,2026-04-04 14:46:32.050446,pending
12692,775,5,2026-02-13 02:57:27.317008,pending
12693,3601,7,2026-01-19 18:13:49.836868,cancelled
12694,2900,5,2026-02-01 01:10:55.338442,pending
12695,1128,5,2026-01-07 17:21:12.634371,completed
12696,226,1,2026-01-21 23:54:38.755172,cancelled
12697,141,4,2026-03-14 00:58:56.119411,completed
12698,2117,2,2026-03-01 09:09:55.208731,completed
12699,830,6,2026-03-20 11:49:57.279113,pending
12700,2247,7,2026-02-04 05:05:14.601979,completed
12701,4353,3,2026-03-01 15:27:07.539351,cancelled
12702,1846,5,2026-01-20 11:28:48.526947,pending
12703,2651,6,2026-03-13 08:32:56.793204,pending
12704,4687,1,2026-03-31 14:59:54.718301,completed
12705,1231,5,2026-02-27 21:49:15.266696,completed
12706,431,5,2026-01-20 11:39:37.603822,cancelled
12707,3711,9,2026-03-16 06:23:42.444192,cancelled
12708,63,3,2026-03-03 13:18:36.388612,completed
12709,1566,6,2026-02-04 08:05:47.576215,cancelled
12710,1949,9,2026-02-03 06:14:23.918351,pending
12711,2211,3,2026-04-07 09:18:00.389221,cancelled
12712,715,6,2026-01-31 13:15:59.868993,pending
12713,1193,2,2026-04-05 21:04:59.956963,pending
12714,105,4,2026-01-30 18:23:43.972415,cancelled
12715,293,1,2026-01-22 12:45:18.528231,cancelled
12716,179,5,2026-03-06 12:43:20.327288,cancelled
12717,181,5,2026-04-02 15:10:35.404444,completed
12718,3398,6,2026-02-15 11:53:55.940116,cancelled
12719,3482,6,2026-04-03 13:02:14.249494,pending
12720,2565,10,2026-01-15 02:48:46.828452,pending
12721,3898,7,2026-02-06 03:50:12.150736,cancelled
12722,170,2,2026-03-13 22:46:24.758504,pending
12723,3015,7,2026-03-02 17:41:19.331900,completed
12724,3373,2,2026-03-01 04:37:37.140655,pending
12725,2743,3,2026-03-23 02:39:39.278367,cancelled
12726,4461,3,2026-01-26 18:52:17.453161,pending
12727,717,2,2026-01-13 10:46:55.217722,pending
12728,436,1,2026-01-13 18:58:25.306174,cancelled
12729,2321,4,2026-03-19 10:07:29.339401,cancelled
12730,4745,9,2026-04-01 17:04:45.463387,cancelled
12731,4110,9,2026-03-09 11:48:21.424584,completed
12732,4344,2,2026-01-31 01:55:19.756083,completed
12733,2660,5,2026-01-26 01:03:41.023266,completed
12734,2062,3,2026-03-02 08:58:52.555805,cancelled
12735,580,6,2026-02-21 22:50:33.684283,cancelled
12736,1488,3,2026-02-21 20:56:37.387929,cancelled
12737,3671,7,2026-02-12 23:51:59.389456,completed
12738,776,7,2026-02-14 15:25:24.496028,cancelled
12739,1830,6,2026-01-17 09:57:31.435303,pending
12740,2828,4,2026-01-08 10:21:51.831523,pending
12741,4220,1,2026-01-28 16:33:01.540722,cancelled
12742,3809,6,2026-01-21 15:05:43.431587,completed
12743,1591,8,2026-01-22 13:48:22.268534,completed
12744,1635,6,2026-01-18 22:40:59.859619,cancelled
12745,326,5,2026-03-09 06:11:34.401028,pending
12746,4585,6,2026-03-04 18:06:05.087428,pending
12747,1738,2,2026-02-04 16:06:31.691981,cancelled
12748,503,3,2026-03-16 15:05:52.451346,completed
12749,633,8,2026-03-22 13:23:32.769807,completed
12750,4283,7,2026-01-15 05:57:36.595439,cancelled
12751,2635,5,2026-01-22 11:48:38.603387,cancelled
12752,1970,1,2026-03-27 19:37:47.995374,cancelled
12753,1872,7,2026-01-18 04:09:25.102106,pending
12754,770,2,2026-02-06 10:47:38.584960,completed
12755,2483,3,2026-01-08 15:58:56.141308,pending
12756,1962,7,2026-03-02 01:12:54.802023,cancelled
12757,223,5,2026-03-08 08:07:37.310018,cancelled
12758,4607,6,2026-03-17 16:41:55.060672,pending
12759,827,10,2026-01-11 20:02:38.907213,cancelled
12760,3577,9,2026-02-24 16:34:46.239143,pending
12761,2662,3,2026-02-07 18:54:35.220198,cancelled
12762,1060,2,2026-03-02 20:11:12.116038,completed
12763,2978,7,2026-03-13 16:53:25.138231,pending
12764,3146,6,2026-01-15 15:29:53.089366,pending
12765,59,6,2026-01-18 15:11:34.571396,pending
12766,4389,2,2026-03-08 05:16:55.487229,completed
12767,1332,9,2026-03-21 12:38:55.498620,completed
12768,226,7,2026-02-12 12:22:18.645853,pending
12769,4787,6,2026-03-23 17:15:16.836361,pending
12770,4329,2,2026-03-21 00:22:10.147681,cancelled
12771,3436,1,2026-02-05 15:00:54.608922,completed
12772,4944,1,2026-03-05 03:28:29.502257,pending
12773,2329,8,2026-03-23 07:52:15.188654,completed
12774,3780,2,2026-02-12 22:15:01.870744,cancelled
12775,2910,5,2026-02-27 11:12:47.160789,pending
12776,3866,6,2026-03-03 02:28:57.083642,cancelled
12777,3760,5,2026-03-19 05:46:07.012198,cancelled
12778,2150,6,2026-02-12 12:26:33.407987,cancelled
12779,3929,2,2026-03-16 19:45:12.475985,pending
12780,3659,2,2026-01-04 01:28:59.833339,completed
12781,1371,3,2026-03-22 15:17:59.175021,cancelled
12782,1377,3,2026-01-27 02:38:31.522637,completed
12783,850,8,2026-02-16 03:36:12.032885,pending
12784,1663,4,2026-01-07 09:10:49.354213,completed
12785,4047,6,2026-03-14 02:30:24.934307,completed
12786,87,1,2026-02-20 00:02:14.875250,cancelled
12787,3859,6,2026-01-22 08:17:28.009689,pending
12788,79,6,2026-03-01 02:26:30.092475,completed
12789,4882,5,2026-03-25 11:52:39.329467,pending
12790,3435,4,2026-03-10 01:23:21.715446,pending
12791,4469,7,2026-02-16 10:00:31.493619,cancelled
12792,2403,3,2026-03-22 13:59:17.490277,completed
12793,1923,8,2026-01-02 16:04:08.081519,pending
12794,2871,4,2026-02-06 20:35:51.797376,completed
12795,4136,2,2026-01-22 20:47:54.079644,completed
12796,600,1,2026-01-25 02:11:32.346191,completed
12797,1574,8,2026-02-16 01:33:15.670321,pending
12798,4075,10,2026-02-04 00:14:08.492781,cancelled
12799,1293,8,2026-03-20 09:29:06.058729,pending
12800,2478,3,2026-02-08 19:05:00.375712,cancelled
12801,4742,6,2026-02-21 07:48:01.273668,completed
12802,2718,6,2026-02-22 23:11:02.035002,pending
12803,3577,9,2026-01-20 05:55:51.336130,pending
12804,2765,8,2026-03-06 03:20:26.427650,pending
12805,1336,1,2026-03-25 01:15:57.666216,pending
12806,1734,6,2026-02-23 00:29:19.964727,completed
12807,1599,2,2026-03-30 18:12:09.116948,cancelled
12808,340,8,2026-03-18 01:56:11.596068,cancelled
12809,3284,5,2026-02-01 17:20:14.493700,pending
12810,1963,5,2026-02-16 08:41:38.345555,pending
12811,834,2,2026-03-25 03:39:07.156130,cancelled
12812,609,4,2026-03-28 23:20:56.478088,cancelled
12813,1851,6,2026-01-21 04:16:07.817298,pending
12814,3350,9,2026-03-16 22:12:26.433373,pending
12815,3883,4,2026-02-26 13:19:15.726191,cancelled
12816,3376,8,2026-01-22 06:22:05.747093,pending
12817,422,3,2026-01-05 21:06:04.248728,completed
12818,399,2,2026-02-08 13:00:56.329845,pending
12819,2182,5,2026-03-26 16:18:10.023357,completed
12820,4257,3,2026-02-10 08:00:20.146675,pending
12821,330,5,2026-02-14 23:07:49.757377,pending
12822,416,8,2026-02-05 15:55:51.684999,pending
12823,1794,3,2026-02-10 17:30:32.243391,completed
12824,3011,9,2026-03-23 14:29:12.904560,pending
12825,362,2,2026-03-16 02:39:16.442449,pending
12826,1813,9,2026-02-16 20:40:14.507678,completed
12827,4197,8,2026-02-21 04:03:42.594730,completed
12828,4219,3,2026-01-06 05:02:17.919358,pending
12829,4590,3,2026-03-31 04:37:52.593979,cancelled
12830,953,8,2026-04-05 00:29:15.780689,completed
12831,2268,5,2026-01-06 20:29:11.982638,completed
12832,3849,2,2026-03-12 13:51:11.396728,cancelled
12833,4420,5,2026-02-07 15:06:58.329941,cancelled
12834,4292,9,2026-03-24 03:38:19.246344,pending
12835,877,10,2026-02-10 08:29:07.231494,cancelled
12836,1028,6,2026-01-26 15:19:11.188100,completed
12837,1774,9,2026-02-08 15:51:59.449374,completed
12838,587,1,2026-01-07 02:06:26.772223,cancelled
12839,2463,6,2026-03-06 22:30:08.935719,cancelled
12840,3017,3,2026-01-16 17:33:47.779112,pending
12841,4788,2,2026-01-04 23:54:42.783682,cancelled
12842,2328,7,2026-03-14 11:50:14.131117,cancelled
12843,1912,1,2026-03-15 18:43:08.910019,cancelled
12844,2102,9,2026-02-19 05:34:55.213534,cancelled
12845,3154,5,2026-01-27 08:58:20.854966,cancelled
12846,4835,7,2026-01-25 09:21:19.590131,cancelled
12847,2986,8,2026-03-11 09:20:44.715347,cancelled
12848,3600,6,2026-02-15 21:00:56.911276,pending
12849,1100,7,2026-03-13 21:24:43.847188,pending
12850,3448,6,2026-03-17 16:43:04.803838,completed
12851,4354,6,2026-03-25 17:56:54.744961,pending
12852,2652,4,2026-01-22 02:45:38.371498,cancelled
12853,837,10,2026-01-18 13:57:19.342981,pending
12854,2732,10,2026-02-17 14:17:44.750527,completed
12855,4671,7,2026-01-21 02:46:45.266563,cancelled
12856,833,4,2026-04-04 10:50:23.690898,cancelled
12857,2322,10,2026-03-06 04:09:44.980811,completed
12858,3938,1,2026-01-23 20:00:54.582952,cancelled
12859,2573,9,2026-01-16 10:18:22.937727,completed
12860,1739,5,2026-01-22 19:31:36.237428,cancelled
12861,1999,6,2026-04-01 09:50:45.440508,pending
12862,2457,9,2026-02-07 21:53:41.147080,completed
12863,1124,7,2026-02-11 00:53:28.863954,completed
12864,4377,6,2026-02-03 14:54:44.747977,pending
12865,4257,8,2026-03-29 08:54:36.713107,pending
12866,2979,5,2026-03-02 13:14:08.828321,completed
12867,2998,4,2026-03-26 05:06:15.612072,cancelled
12868,4414,2,2026-03-27 17:16:40.148659,cancelled
12869,3833,6,2026-04-04 19:26:36.197744,cancelled
12870,2017,7,2026-03-10 20:36:00.161274,pending
12871,2352,2,2026-03-30 17:51:09.938425,completed
12872,2689,6,2026-02-01 04:52:09.986531,pending
12873,2489,3,2026-01-18 00:42:04.434855,completed
12874,3591,1,2026-03-03 05:42:06.130448,completed
12875,1275,10,2026-01-18 01:37:02.509504,completed
12876,3316,3,2026-02-17 14:07:38.201442,pending
12877,4064,2,2026-03-02 07:34:07.256953,completed
12878,3483,1,2026-01-30 14:16:49.507145,completed
12879,3177,5,2026-02-22 16:58:56.840082,pending
12880,2450,5,2026-01-08 16:39:52.013427,completed
12881,2185,8,2026-03-18 13:29:04.611052,completed
12882,1278,1,2026-01-20 02:57:44.623807,completed
12883,1860,7,2026-03-29 19:57:02.462208,pending
12884,4003,10,2026-03-20 13:32:25.668677,completed
12885,3390,2,2026-03-04 00:03:19.125794,cancelled
12886,1256,7,2026-03-25 15:35:27.986269,completed
12887,4429,10,2026-01-25 08:06:01.898911,cancelled
12888,1929,2,2026-03-07 06:24:13.728543,cancelled
12889,4285,6,2026-02-15 21:21:24.633572,cancelled
12890,4382,8,2026-03-05 15:57:20.368663,completed
12891,3093,1,2026-03-22 23:50:27.217569,pending
12892,770,1,2026-03-28 00:07:52.230185,completed
12893,549,9,2026-02-06 06:05:24.144860,cancelled
12894,1393,3,2026-01-09 17:22:01.177951,completed
12895,2624,10,2026-01-18 05:09:31.898747,cancelled
12896,4494,1,2026-01-17 08:37:26.267068,cancelled
12897,111,9,2026-02-12 09:50:58.513572,completed
12898,4832,8,2026-01-13 20:39:01.508929,pending
12899,1339,8,2026-03-29 00:45:54.127436,pending
12900,4849,7,2026-03-23 12:19:33.417166,cancelled
12901,3896,7,2026-04-04 23:39:18.935925,cancelled
12902,1845,4,2026-02-02 01:06:11.448060,cancelled
12903,749,5,2026-02-05 13:32:28.098094,cancelled
12904,4659,9,2026-03-19 00:27:39.585053,completed
12905,3410,10,2026-02-02 08:27:10.797354,pending
12906,3090,4,2026-04-06 22:38:09.122699,cancelled
12907,3893,6,2026-02-10 07:26:02.027581,completed
12908,1606,8,2026-03-20 23:15:16.834205,pending
12909,3246,7,2026-03-01 20:40:34.344954,cancelled
12910,1187,4,2026-01-15 01:39:02.308037,completed
12911,3707,3,2026-03-10 13:02:08.259116,completed
12912,4226,7,2026-03-31 19:39:18.229247,cancelled
12913,2159,2,2026-03-09 19:17:55.558317,cancelled
12914,2410,3,2026-02-26 11:43:37.389857,pending
12915,1907,4,2026-01-21 05:51:20.784255,pending
12916,1486,1,2026-01-31 22:10:02.425689,completed
12917,3125,9,2026-04-06 15:51:37.411840,pending
12918,4138,8,2026-03-04 06:18:13.702254,completed
12919,1742,2,2026-02-20 13:43:26.916198,cancelled
12920,3309,2,2026-03-10 02:13:43.590237,completed
12921,3867,6,2026-01-06 14:44:55.427510,pending
12922,271,6,2026-03-30 03:38:43.141330,pending
12923,3712,9,2026-02-05 09:00:25.574392,completed
12924,1548,10,2026-02-22 21:22:00.030318,pending
12925,4962,3,2026-01-20 01:21:14.075454,cancelled
12926,4541,10,2026-03-09 22:38:36.256087,pending
12927,2931,6,2026-01-21 06:32:55.053271,cancelled
12928,1636,2,2026-04-02 01:19:44.760796,pending
12929,3779,2,2026-03-15 08:07:33.892834,cancelled
12930,813,3,2026-03-18 11:12:56.436351,pending
12931,58,4,2026-01-22 03:17:17.360276,cancelled
12932,4508,7,2026-01-31 18:28:00.688514,completed
12933,1220,1,2026-03-31 13:52:41.065350,pending
12934,2115,8,2026-03-06 14:49:55.228411,completed
12935,1117,6,2026-01-12 13:21:33.087964,pending
12936,1859,8,2026-03-20 09:09:17.415093,pending
12937,1618,5,2026-02-06 10:44:27.450974,completed
12938,4566,4,2026-01-28 18:59:04.598010,cancelled
12939,1187,2,2026-02-26 19:29:07.724919,pending
12940,4347,8,2026-01-06 20:19:50.402825,cancelled
12941,3582,6,2026-02-23 16:51:47.795290,pending
12942,274,4,2026-02-27 19:46:37.362714,cancelled
12943,4032,2,2026-03-10 19:31:57.990142,completed
12944,4871,10,2026-01-16 15:30:44.622163,cancelled
12945,2846,5,2026-02-14 19:59:28.377652,cancelled
12946,2405,8,2026-01-20 18:16:30.583414,pending
12947,4809,6,2026-03-01 21:39:05.570881,completed
12948,1814,2,2026-03-25 20:05:52.507196,completed
12949,1507,5,2026-01-09 04:32:48.010532,completed
12950,1704,9,2026-03-12 23:48:11.274776,cancelled
12951,2397,4,2026-02-25 07:06:46.182010,cancelled
12952,4362,8,2026-02-14 14:13:48.352202,completed
12953,4591,6,2026-03-06 02:48:40.901655,cancelled
12954,4982,2,2026-04-05 17:59:12.420838,completed
12955,2046,5,2026-03-02 22:57:33.283799,cancelled
12956,1062,3,2026-01-13 15:48:21.584572,cancelled
12957,3149,10,2026-02-16 12:31:00.121505,pending
12958,1426,4,2026-01-03 14:41:49.439983,cancelled
12959,2970,5,2026-04-06 20:12:41.024439,cancelled
12960,4057,5,2026-02-01 07:09:29.083873,cancelled
12961,4178,3,2026-02-14 11:28:27.102213,pending
12962,4174,4,2026-03-18 02:56:26.712466,completed
12963,411,10,2026-01-18 22:00:37.945967,completed
12964,1016,7,2026-02-19 00:09:04.573336,completed
12965,327,4,2026-04-03 11:21:23.720791,pending
12966,610,3,2026-02-23 08:14:40.242624,pending
12967,517,4,2026-04-01 23:55:44.181957,cancelled
12968,1700,10,2026-02-28 00:19:58.882432,cancelled
12969,4948,8,2026-01-16 09:56:16.713343,cancelled
12970,4426,5,2026-04-01 15:02:41.337227,pending
12971,3438,2,2026-02-25 18:29:25.925201,cancelled
12972,3439,1,2026-02-11 21:10:36.060894,pending
12973,2521,9,2026-03-13 17:19:24.255240,pending
12974,2368,6,2026-01-23 07:49:10.525368,pending
12975,1228,8,2026-04-04 02:06:31.102665,completed
12976,3014,10,2026-01-01 02:43:01.482160,pending
12977,300,2,2026-01-19 00:13:27.468380,pending
12978,3172,3,2026-01-19 18:41:09.635137,completed
12979,633,4,2026-01-13 07:44:00.051971,cancelled
12980,2513,5,2026-03-19 13:53:42.176636,completed
12981,4373,3,2026-03-04 04:33:30.448665,completed
12982,4117,2,2026-03-29 19:12:26.188051,cancelled
12983,77,2,2026-02-07 05:46:39.477807,pending
12984,864,9,2026-02-05 01:48:17.036770,pending
12985,1603,8,2026-03-02 07:18:31.581069,completed
12986,1167,4,2026-03-04 16:43:13.914734,completed
12987,2743,6,2026-02-10 15:37:55.231198,pending
12988,469,8,2026-02-27 06:37:54.072875,pending
12989,4311,10,2026-01-03 01:49:12.049748,completed
12990,2252,2,2026-02-09 14:33:33.719164,pending
12991,523,3,2026-03-10 11:28:59.996338,completed
12992,3383,7,2026-02-13 20:39:35.038097,cancelled
12993,3134,5,2026-03-24 22:47:59.849505,completed
12994,3155,6,2026-02-04 21:38:24.153281,cancelled
12995,107,3,2026-01-10 17:11:20.839936,completed
12996,762,9,2026-03-18 09:35:05.111342,completed
12997,2907,2,2026-01-22 17:45:13.487266,pending
12998,323,9,2026-01-14 05:17:38.665925,completed
12999,685,5,2026-01-07 12:04:00.535887,pending
13000,2411,2,2026-02-22 15:51:13.600344,cancelled
13001,2660,3,2026-03-23 04:14:09.863976,completed
13002,3929,8,2026-01-14 22:26:01.744757,cancelled
13003,4167,7,2026-03-01 17:03:18.448581,cancelled
13004,3208,6,2026-03-08 16:11:07.967695,pending
13005,4309,5,2026-01-21 09:59:15.262953,pending
13006,1757,4,2026-02-06 15:01:41.908257,pending
13007,1980,5,2026-01-30 23:03:28.506776,cancelled
13008,1660,9,2026-03-31 10:07:48.145449,pending
13009,537,6,2026-02-16 05:18:09.825674,cancelled
13010,327,5,2026-03-17 10:03:50.886669,completed
13011,2325,7,2026-02-11 20:48:41.701075,completed
13012,3101,5,2026-03-20 12:40:02.642970,pending
13013,2851,9,2026-01-10 00:37:53.595575,completed
13014,40,5,2026-03-16 14:14:46.805815,completed
13015,180,5,2026-03-25 12:28:28.403637,cancelled
13016,3148,3,2026-03-28 08:33:26.336949,completed
13017,156,5,2026-02-10 20:15:20.166783,completed
13018,1684,6,2026-01-08 04:14:25.306331,completed
13019,989,2,2026-03-04 09:51:01.445560,cancelled
13020,823,3,2026-02-06 17:53:50.685451,cancelled
13021,1730,9,2026-04-02 23:37:37.546952,pending
13022,3230,3,2026-01-25 11:55:38.570748,cancelled
13023,2854,1,2026-02-03 11:50:59.682995,pending
13024,4841,1,2026-01-11 16:15:22.473588,cancelled
13025,25,6,2026-03-08 09:31:27.565139,pending
13026,4426,10,2026-02-25 01:24:43.194723,cancelled
13027,4867,2,2026-03-08 15:15:48.816133,completed
13028,2134,4,2026-01-30 20:33:29.147821,completed
13029,927,7,2026-01-10 18:49:10.059973,pending
13030,3041,2,2026-03-08 00:06:28.025212,completed
13031,3149,3,2026-02-03 10:01:05.554395,completed
13032,1427,7,2026-03-28 00:02:43.687494,cancelled
13033,3647,8,2026-01-25 01:02:07.286342,pending
13034,590,1,2026-03-16 04:27:05.236539,completed
13035,259,8,2026-03-08 19:51:07.428449,cancelled
13036,494,7,2026-03-08 09:06:59.954427,pending
13037,2602,8,2026-01-21 21:09:52.822286,cancelled
13038,3455,2,2026-03-16 12:03:24.496269,cancelled
13039,6,3,2026-01-19 02:29:21.020927,pending
13040,4439,2,2026-02-02 18:36:51.817816,completed
13041,1389,2,2026-02-27 21:52:19.113667,completed
13042,4331,7,2026-02-10 10:04:45.578457,completed
13043,4358,2,2026-01-14 14:53:26.701250,cancelled
13044,1901,6,2026-02-21 09:13:24.121139,cancelled
13045,4853,3,2026-01-12 13:49:59.874547,pending
13046,3590,10,2026-03-06 18:43:39.914760,cancelled
13047,2154,6,2026-02-23 13:06:23.693554,completed
13048,214,4,2026-01-01 05:14:49.013238,cancelled
13049,1941,1,2026-04-04 04:10:27.247576,pending
13050,3072,9,2026-03-29 22:59:54.334171,completed
13051,4807,7,2026-03-09 22:38:00.980213,pending
13052,4577,5,2026-01-11 13:49:27.459963,pending
13053,2918,2,2026-01-09 00:21:16.841268,pending
13054,3537,8,2026-02-02 03:58:20.102793,completed
13055,3583,1,2026-03-03 06:49:51.317874,completed
13056,1097,9,2026-03-02 02:56:04.960419,completed
13057,1587,6,2026-03-03 19:04:24.877991,cancelled
13058,3998,4,2026-01-31 18:55:25.390712,pending
13059,2816,9,2026-04-01 15:40:57.986196,completed
13060,4918,3,2026-01-25 01:37:14.418429,completed
13061,4982,9,2026-03-04 06:07:18.551973,cancelled
13062,3013,1,2026-01-26 04:58:18.037963,completed
13063,3677,7,2026-02-15 10:34:36.039476,completed
13064,129,1,2026-01-04 08:05:41.552833,cancelled
13065,2093,6,2026-03-28 14:47:11.089622,completed
13066,2692,1,2026-04-04 23:31:06.875900,pending
13067,4820,9,2026-01-07 07:59:34.020136,cancelled
13068,515,7,2026-03-23 08:39:56.347451,completed
13069,2844,9,2026-02-17 01:03:25.658914,cancelled
13070,1680,3,2026-02-13 07:33:25.583527,completed
13071,2586,5,2026-01-01 15:56:32.057118,cancelled
13072,2220,4,2026-03-11 15:55:28.771935,completed
13073,4053,3,2026-01-15 06:38:08.972569,cancelled
13074,3102,8,2026-03-30 16:30:56.385859,pending
13075,1246,2,2026-03-27 13:41:38.934175,cancelled
13076,4733,4,2026-02-24 21:54:51.669268,cancelled
13077,2834,1,2026-03-14 22:45:53.879222,pending
13078,4210,7,2026-03-21 03:51:59.006707,cancelled
13079,4479,9,2026-02-18 20:09:36.826994,pending
13080,2385,9,2026-02-02 00:02:41.374058,cancelled
13081,61,9,2026-03-08 11:08:38.088843,cancelled
13082,2475,5,2026-02-14 00:51:35.786677,completed
13083,1776,1,2026-03-02 07:16:44.240449,completed
13084,4660,5,2026-03-11 22:54:43.717622,cancelled
13085,978,10,2026-01-12 00:48:32.085663,cancelled
13086,283,9,2026-01-22 11:47:33.203118,completed
13087,2013,1,2026-01-18 06:31:28.974979,completed
13088,4412,4,2026-03-25 11:04:59.433619,pending
13089,14,8,2026-03-01 22:34:42.112413,cancelled
13090,879,10,2026-01-31 14:09:07.023000,cancelled
13091,236,8,2026-03-23 20:20:53.903697,cancelled
13092,4221,1,2026-01-31 18:36:22.411993,completed
13093,2503,4,2026-04-01 06:48:36.187593,pending
13094,4683,3,2026-01-03 18:30:15.824003,pending
13095,4431,5,2026-03-06 16:49:41.588240,pending
13096,3512,10,2026-01-08 20:52:46.425591,cancelled
13097,3531,1,2026-02-20 05:57:36.403574,cancelled
13098,1985,4,2026-03-30 21:26:11.284839,pending
13099,969,5,2026-01-22 18:11:26.661780,cancelled
13100,4454,2,2026-02-22 06:22:54.656796,pending
13101,3059,8,2026-03-30 10:54:17.729174,pending
13102,4322,1,2026-03-19 01:22:03.275455,completed
13103,721,1,2026-02-21 20:08:37.651912,pending
13104,2370,9,2026-01-22 19:10:19.310879,cancelled
13105,1746,2,2026-02-03 02:47:38.832442,pending
13106,3840,9,2026-03-29 02:29:12.503340,cancelled
13107,3002,10,2026-02-16 05:48:52.756804,completed
13108,2161,8,2026-01-22 10:31:18.604375,completed
13109,4698,8,2026-01-26 19:43:36.264436,cancelled
13110,562,3,2026-01-19 20:15:13.648815,completed
13111,4471,10,2026-02-15 12:41:51.072803,cancelled
13112,51,6,2026-02-16 02:31:21.877531,pending
13113,1930,2,2026-01-24 08:15:52.890836,cancelled
13114,1421,2,2026-03-06 21:27:54.185050,completed
13115,4950,7,2026-02-20 10:43:40.390090,completed
13116,2528,1,2026-01-06 18:33:43.127217,cancelled
13117,521,10,2026-01-24 23:50:38.296839,pending
13118,4626,9,2026-03-25 04:14:39.102344,completed
13119,3801,7,2026-03-12 12:09:10.028007,pending
13120,2385,10,2026-04-01 20:06:37.675905,completed
13121,3687,8,2026-02-04 16:50:24.214976,cancelled
13122,147,7,2026-02-20 00:12:06.680322,completed
13123,1376,2,2026-01-13 11:22:13.589784,pending
13124,3268,10,2026-03-26 12:03:01.784320,pending
13125,2654,7,2026-03-03 08:12:31.074768,pending
13126,3787,5,2026-01-30 02:39:54.944674,completed
13127,2608,3,2026-01-07 03:56:52.366287,completed
13128,610,2,2026-01-01 07:13:29.779722,completed
13129,594,5,2026-01-03 00:13:27.359687,completed
13130,2314,9,2026-02-06 18:27:07.835536,completed
13131,4712,3,2026-02-19 01:16:48.926007,pending
13132,3121,6,2026-04-02 14:38:13.113522,pending
13133,4247,2,2026-03-06 07:21:33.547127,cancelled
13134,4053,4,2026-03-02 17:26:49.713681,pending
13135,974,2,2026-01-06 01:59:57.244035,completed
13136,3924,6,2026-01-25 03:35:14.691117,cancelled
13137,4104,10,2026-02-24 20:48:14.837357,cancelled
13138,2926,2,2026-04-04 22:34:57.878396,cancelled
13139,2697,4,2026-02-07 18:44:38.680753,completed
13140,345,4,2026-01-01 22:23:23.942247,cancelled
13141,4625,7,2026-01-02 18:04:52.075526,cancelled
13142,3203,6,2026-01-04 13:50:59.621637,cancelled
13143,1557,9,2026-03-29 01:55:31.012504,pending
13144,977,10,2026-01-04 22:47:14.281269,completed
13145,2207,3,2026-01-02 18:56:10.832254,cancelled
13146,1774,6,2026-01-16 07:45:28.774849,pending
13147,3865,6,2026-02-15 11:15:31.254772,completed
13148,1813,9,2026-01-23 15:57:55.395463,completed
13149,3954,3,2026-03-13 02:29:15.541220,cancelled
13150,4969,6,2026-03-18 20:21:50.858531,pending
13151,717,6,2026-01-02 13:09:26.742801,cancelled
13152,4817,10,2026-01-02 08:23:21.162795,cancelled
13153,3009,6,2026-02-28 00:03:58.836716,completed
13154,1912,6,2026-03-17 11:14:30.481309,pending
13155,412,7,2026-03-13 00:09:08.768240,cancelled
13156,1972,9,2026-03-02 11:52:21.969194,pending
13157,2576,7,2026-01-01 14:23:05.802225,pending
13158,1226,6,2026-03-06 13:21:03.602953,pending
13159,2999,9,2026-02-21 16:31:42.219164,pending
13160,4404,5,2026-02-14 12:16:41.758574,completed
13161,4340,1,2026-03-04 21:09:02.338527,completed
13162,4155,1,2026-03-14 06:01:33.193434,pending
13163,2981,9,2026-03-21 15:48:27.476102,cancelled
13164,4860,4,2026-01-08 12:55:59.288331,pending
13165,1276,8,2026-02-06 18:10:24.891964,pending
13166,4157,10,2026-02-28 16:20:32.592575,cancelled
13167,4670,4,2026-01-02 17:28:44.576518,completed
13168,845,10,2026-01-16 22:55:36.623683,cancelled
13169,1821,10,2026-01-26 13:26:29.049837,completed
13170,3334,2,2026-03-28 16:03:08.306859,pending
13171,3198,4,2026-02-16 11:44:20.492975,pending
13172,2823,1,2026-03-16 01:54:17.152355,pending
13173,3449,2,2026-01-20 18:34:41.261435,pending
13174,2106,9,2026-01-23 00:33:05.729792,pending
13175,177,4,2026-01-09 20:16:07.385960,completed
13176,1164,1,2026-02-12 11:45:10.038539,completed
13177,3498,8,2026-02-11 20:15:41.933101,pending
13178,1525,8,2026-01-13 06:17:51.445183,pending
13179,2696,8,2026-03-26 19:08:55.634595,cancelled
13180,4945,3,2026-03-29 19:25:10.350949,pending
13181,562,10,2026-04-01 17:45:17.947467,cancelled
13182,4862,7,2026-02-02 14:57:37.734788,completed
13183,4006,9,2026-03-10 02:26:49.090104,completed
13184,649,6,2026-03-24 17:12:11.395142,cancelled
13185,590,4,2026-03-05 16:26:44.244085,pending
13186,3831,10,2026-03-21 00:45:32.877423,pending
13187,2722,10,2026-01-04 21:37:16.831305,completed
13188,1704,3,2026-01-29 22:02:31.922956,completed
13189,4467,7,2026-02-21 08:16:05.753871,pending
13190,1844,1,2026-02-19 20:43:57.328413,completed
13191,1026,8,2026-01-31 07:04:51.728968,completed
13192,4659,2,2026-01-08 15:48:53.938094,cancelled
13193,1638,2,2026-02-15 06:32:15.991210,cancelled
13194,3048,4,2026-02-25 16:43:07.400288,completed
13195,3930,9,2026-02-25 23:01:28.052532,pending
13196,3519,8,2026-02-11 19:44:36.455091,cancelled
13197,4258,2,2026-01-30 07:01:24.719349,pending
13198,4143,6,2026-02-04 08:39:05.989140,cancelled
13199,3249,1,2026-02-17 05:43:50.405741,pending
13200,3404,2,2026-03-06 13:10:40.840900,completed
13201,2277,7,2026-02-13 02:37:59.436835,cancelled
13202,583,10,2026-02-05 14:25:28.943558,pending
13203,598,10,2026-01-11 03:22:44.743807,completed
13204,2959,5,2026-01-07 06:02:35.108963,pending
13205,4170,1,2026-03-01 18:46:07.008483,cancelled
13206,3525,10,2026-02-28 01:56:09.600432,completed
13207,205,1,2026-02-09 09:35:35.824120,completed
13208,2245,2,2026-03-05 03:33:47.219016,cancelled
13209,3945,1,2026-02-07 18:22:42.599950,cancelled
13210,114,10,2026-02-18 15:30:55.795324,cancelled
13211,4110,9,2026-01-11 04:06:25.925205,cancelled
13212,2418,6,2026-03-12 02:22:01.163663,pending
13213,3218,2,2026-02-28 23:05:56.734195,pending
13214,2268,4,2026-02-06 21:35:04.649612,completed
13215,1651,8,2026-02-19 18:10:24.062355,cancelled
13216,1075,3,2026-02-19 12:49:57.105690,cancelled
13217,284,8,2026-02-24 02:59:30.069051,completed
13218,2124,8,2026-02-11 21:46:50.001157,pending
13219,4573,3,2026-01-30 23:50:06.331455,pending
13220,1371,2,2026-01-29 23:49:42.047409,completed
13221,606,8,2026-01-02 14:09:46.926664,completed
13222,4929,2,2026-02-01 08:44:11.782933,completed
13223,3266,7,2026-03-30 10:44:05.429936,pending
13224,2640,6,2026-02-24 13:17:32.382068,completed
13225,3979,1,2026-02-25 02:44:28.241846,pending
13226,4973,9,2026-02-12 20:18:27.566605,completed
13227,3162,5,2026-03-07 11:43:25.230707,cancelled
13228,959,7,2026-03-15 23:21:27.600893,cancelled
13229,2039,4,2026-02-11 16:19:12.699058,cancelled
13230,2235,4,2026-01-09 17:45:58.475631,cancelled
13231,2879,3,2026-02-18 08:32:07.063985,pending
13232,2600,7,2026-01-17 04:31:47.842564,cancelled
13233,2496,7,2026-03-05 16:17:01.227737,cancelled
13234,2047,8,2026-04-03 02:28:15.379341,pending
13235,4316,3,2026-02-17 11:29:15.498163,cancelled
13236,4832,1,2026-04-01 07:27:21.619784,completed
13237,4018,7,2026-01-31 20:03:23.672169,pending
13238,2962,3,2026-03-29 03:05:11.995412,completed
13239,581,5,2026-02-27 06:07:44.189927,completed
13240,3255,10,2026-04-01 10:19:21.910431,pending
13241,3071,4,2026-03-12 06:37:52.032864,pending
13242,1267,1,2026-01-25 04:53:46.390356,pending
13243,3729,10,2026-01-14 20:58:28.392614,pending
13244,2623,8,2026-03-12 02:35:41.278348,cancelled
13245,2788,10,2026-02-21 09:15:39.221684,cancelled
13246,602,4,2026-03-28 22:13:08.208862,completed
13247,1116,5,2026-02-05 08:09:41.347722,cancelled
13248,498,2,2026-02-03 06:21:31.297805,completed
13249,4678,1,2026-01-12 02:02:23.237463,pending
13250,2568,10,2026-02-27 15:54:28.500241,cancelled
13251,3085,5,2026-01-01 06:53:29.639970,completed
13252,684,2,2026-02-11 08:21:19.833920,completed
13253,4152,7,2026-03-13 17:28:15.136188,cancelled
13254,237,3,2026-02-23 16:58:55.660637,completed
13255,2848,5,2026-03-22 13:44:06.149010,cancelled
13256,508,5,2026-02-02 10:42:18.762883,cancelled
13257,960,1,2026-02-17 01:45:58.499419,cancelled
13258,1316,3,2026-04-04 15:23:37.862345,cancelled
13259,4012,5,2026-03-10 14:24:09.123991,cancelled
13260,4867,1,2026-03-03 12:24:03.405437,pending
13261,119,3,2026-01-12 20:58:26.504890,pending
13262,1560,2,2026-02-02 16:11:49.244948,pending
13263,841,1,2026-02-03 04:30:23.598486,cancelled
13264,615,8,2026-01-21 15:31:00.605908,cancelled
13265,3479,5,2026-01-22 14:58:40.666069,cancelled
13266,1322,6,2026-03-29 22:20:45.966449,pending
13267,4673,8,2026-03-07 04:52:09.622720,pending
13268,2167,10,2026-04-02 08:18:06.381767,completed
13269,3675,3,2026-01-07 05:25:06.303071,pending
13270,4729,2,2026-03-16 13:05:48.199081,cancelled
13271,1118,7,2026-02-02 09:36:07.162842,pending
13272,2220,5,2026-02-06 12:51:47.263941,cancelled
13273,2364,5,2026-02-18 22:17:59.337711,cancelled
13274,3848,2,2026-03-09 13:11:40.798140,cancelled
13275,3938,4,2026-01-11 23:32:36.060244,cancelled
13276,777,2,2026-02-18 04:19:41.434144,completed
13277,240,8,2026-03-22 16:14:54.729335,cancelled
13278,1452,2,2026-02-03 09:32:18.838714,cancelled
13279,476,7,2026-02-24 08:19:27.128400,cancelled
13280,4636,4,2026-04-01 04:53:34.099922,cancelled
13281,4445,8,2026-02-06 04:57:27.600687,cancelled
13282,1622,6,2026-03-01 23:24:14.263222,completed
13283,4209,5,2026-01-27 09:29:52.261604,cancelled
13284,2464,3,2026-02-01 19:40:42.730125,completed
13285,4195,6,2026-02-15 23:27:10.968376,cancelled
13286,4445,5,2026-01-31 12:37:02.340158,completed
13287,4916,4,2026-03-15 04:18:59.948964,completed
13288,4733,9,2026-03-03 22:58:34.045598,completed
13289,3914,1,2026-03-09 23:15:51.214017,pending
13290,1286,1,2026-03-05 03:11:25.739099,pending
13291,4133,4,2026-03-28 23:12:09.583417,cancelled
13292,4053,10,2026-01-18 01:15:25.063534,completed
13293,1945,3,2026-01-04 21:30:50.719327,pending
13294,2019,5,2026-02-09 12:38:42.718551,completed
13295,3453,4,2026-03-29 04:02:54.272259,completed
13296,2068,9,2026-02-21 09:41:30.283343,pending
13297,134,8,2026-03-18 08:08:57.379240,cancelled
13298,4461,6,2026-01-21 14:18:04.701498,pending
13299,4158,1,2026-03-14 04:55:40.442203,completed
13300,3597,10,2026-01-19 12:26:00.789584,completed
13301,159,7,2026-02-27 19:35:26.896121,pending
13302,1060,6,2026-02-03 20:57:03.451661,completed
13303,592,8,2026-04-02 09:09:53.000572,completed
13304,3369,9,2026-02-11 00:00:08.861939,pending
13305,4691,1,2026-04-07 00:26:12.401957,pending
13306,3449,3,2026-01-19 06:48:32.063504,cancelled
13307,2940,4,2026-02-04 02:38:49.648388,pending
13308,2023,1,2026-01-26 19:54:37.031621,pending
13309,1578,10,2026-03-18 21:02:13.331774,cancelled
13310,278,2,2026-03-24 14:51:02.777007,pending
13311,2640,2,2026-03-18 03:52:01.382752,cancelled
13312,2232,8,2026-02-12 05:41:40.107807,completed
13313,3143,2,2026-01-04 15:51:20.504467,completed
13314,1893,10,2026-01-07 07:36:54.300438,completed
13315,4869,7,2026-02-08 00:02:39.444211,cancelled
13316,416,8,2026-03-15 00:41:36.169258,pending
13317,2720,6,2026-03-08 16:54:02.583700,completed
13318,1972,8,2026-01-27 19:44:54.568374,completed
13319,135,5,2026-01-09 23:34:09.178204,completed
13320,4261,5,2026-01-07 13:47:07.582985,pending
13321,4947,10,2026-01-24 15:00:52.491451,completed
13322,781,1,2026-03-04 02:04:24.798707,completed
13323,1852,5,2026-03-31 16:47:54.946367,cancelled
13324,4135,4,2026-03-27 14:17:17.677670,cancelled
13325,4095,6,2026-03-03 07:13:01.418794,pending
13326,3858,5,2026-01-05 04:11:55.575447,pending
13327,1511,5,2026-02-06 01:34:51.284165,cancelled
13328,3055,4,2026-03-23 19:13:11.848281,pending
13329,2011,9,2026-01-27 15:09:12.680499,completed
13330,3847,2,2026-01-31 15:09:50.565412,completed
13331,850,2,2026-02-08 15:25:57.795866,completed
13332,2541,6,2026-01-29 11:50:05.615172,pending
13333,3071,7,2026-01-01 00:01:27.583692,pending
13334,1799,4,2026-01-05 03:47:44.726376,completed
13335,71,3,2026-03-01 23:06:11.060444,completed
13336,3628,10,2026-04-03 02:30:24.811589,cancelled
13337,3783,9,2026-02-15 21:11:01.281442,completed
13338,2975,2,2026-03-08 15:03:28.345743,completed
13339,885,7,2026-01-30 16:43:38.747167,completed
13340,3862,9,2026-03-26 15:44:07.587277,completed
13341,4059,10,2026-03-15 00:37:52.509470,pending
13342,2552,1,2026-03-17 06:08:39.820451,pending
13343,3178,5,2026-04-05 14:01:11.383430,cancelled
13344,1636,10,2026-01-08 13:15:56.835059,completed
13345,1820,3,2026-01-28 21:01:45.367527,pending
13346,52,9,2026-03-02 11:41:33.310485,cancelled
13347,2505,2,2026-02-08 04:00:03.461526,pending
13348,845,4,2026-04-02 12:21:13.716843,cancelled
13349,2600,2,2026-01-08 01:58:07.098746,cancelled
13350,2923,2,2026-02-01 22:59:46.523404,cancelled
13351,804,10,2026-01-05 16:26:04.177667,pending
13352,158,3,2026-02-27 14:55:11.358050,completed
13353,1397,2,2026-03-02 13:27:08.741880,cancelled
13354,1638,2,2026-03-10 12:00:10.095188,cancelled
13355,799,5,2026-03-14 18:08:15.856348,cancelled
13356,3720,4,2026-03-17 23:02:39.218908,cancelled
13357,54,6,2026-03-09 17:34:12.656799,cancelled
13358,4919,9,2026-02-25 04:38:24.772189,cancelled
13359,1314,5,2026-02-22 20:21:27.885905,cancelled
13360,4725,2,2026-01-20 08:35:39.879106,pending
13361,4638,3,2026-04-04 04:16:49.336463,completed
13362,4128,6,2026-03-31 16:55:35.945632,cancelled
13363,920,7,2026-03-27 15:35:57.235198,pending
13364,1415,2,2026-03-02 19:27:02.471469,pending
13365,3912,2,2026-02-06 16:56:02.152903,cancelled
13366,467,4,2026-03-24 01:43:50.715632,cancelled
13367,117,10,2026-03-17 01:38:24.699276,pending
13368,4879,7,2026-01-01 06:37:53.787901,pending
13369,1013,3,2026-03-18 06:22:04.244029,pending
13370,789,6,2026-03-06 08:24:04.864137,completed
13371,4306,9,2026-03-13 05:09:08.260958,completed
13372,4447,3,2026-04-06 06:30:58.181180,cancelled
13373,1344,8,2026-03-21 23:08:49.552973,completed
13374,3162,10,2026-02-24 07:45:45.950479,completed
13375,4454,10,2026-02-16 18:26:12.889608,cancelled
13376,2857,6,2026-03-24 02:14:46.009425,completed
13377,3918,4,2026-01-25 11:40:58.597894,pending
13378,717,1,2026-01-10 06:23:52.079116,cancelled
13379,258,2,2026-01-05 00:19:46.740790,pending
13380,1712,1,2026-03-01 22:00:47.199243,cancelled
13381,123,3,2026-02-11 19:15:50.249337,pending
13382,1086,6,2026-01-28 01:11:14.559669,cancelled
13383,801,9,2026-01-24 09:36:06.457120,pending
13384,433,5,2026-03-08 17:07:49.025353,pending
13385,628,2,2026-01-06 05:17:02.516374,cancelled
13386,1529,8,2026-01-22 14:11:52.334467,pending
13387,4559,4,2026-02-01 10:41:58.202301,cancelled
13388,2910,5,2026-03-05 21:41:27.882754,pending
13389,2378,10,2026-03-23 16:57:06.038722,cancelled
13390,1185,10,2026-03-25 02:53:15.922279,cancelled
13391,2468,5,2026-01-25 19:03:44.898091,pending
13392,1035,8,2026-01-06 01:32:26.545194,completed
13393,1681,5,2026-03-20 18:32:49.784700,cancelled
13394,740,4,2026-01-20 00:16:47.938777,cancelled
13395,2211,9,2026-01-02 00:22:16.281194,pending
13396,4112,9,2026-01-06 19:13:41.041093,cancelled
13397,3539,9,2026-03-23 18:16:35.292486,completed
13398,4349,2,2026-01-12 23:24:48.996937,pending
13399,119,5,2026-02-02 16:42:40.594803,cancelled
13400,3298,5,2026-03-19 12:57:02.537587,cancelled
13401,2953,2,2026-02-17 17:31:59.412342,pending
13402,3371,1,2026-03-12 00:09:42.707821,completed
13403,2712,1,2026-01-13 02:35:44.426318,pending
13404,636,10,2026-02-28 22:27:34.257342,cancelled
13405,908,7,2026-01-24 20:25:38.908619,completed
13406,1089,5,2026-01-14 22:11:28.516338,completed
13407,4663,8,2026-03-31 18:19:57.531589,cancelled
13408,5000,9,2026-03-30 14:52:52.170200,completed
13409,3090,3,2026-04-02 08:39:22.056401,pending
13410,4593,8,2026-03-13 23:38:59.264900,completed
13411,1088,8,2026-01-17 05:54:59.101930,completed
13412,4318,1,2026-03-16 13:59:36.229681,pending
13413,4003,9,2026-03-05 11:58:11.826413,pending
13414,4817,2,2026-01-10 07:18:33.640152,pending
13415,2259,5,2026-01-27 15:30:30.113097,completed
13416,1846,4,2026-03-09 13:12:55.161852,cancelled
13417,1682,3,2026-04-03 07:51:58.917417,completed
13418,3835,2,2026-01-21 09:54:35.287749,cancelled
13419,3842,5,2026-02-21 22:38:24.081681,completed
13420,4564,9,2026-03-29 14:03:11.631080,completed
13421,1220,5,2026-02-09 20:42:40.987394,cancelled
13422,2418,9,2026-01-20 15:34:33.065458,pending
13423,2410,1,2026-01-06 10:50:26.903412,completed
13424,866,5,2026-02-18 00:33:20.769413,cancelled
13425,2955,3,2026-03-02 10:08:27.268640,pending
13426,4432,9,2026-04-05 13:29:30.910783,pending
13427,3234,2,2026-03-07 00:50:38.183855,pending
13428,2686,7,2026-04-02 06:08:01.022138,completed
13429,410,7,2026-02-28 17:35:57.350075,completed
13430,2403,9,2026-01-13 08:50:49.430171,completed
13431,2012,4,2026-02-27 06:26:33.434231,completed
13432,2842,7,2026-03-08 18:56:14.533960,completed
13433,3215,4,2026-02-22 06:11:05.803742,completed
13434,3037,4,2026-01-31 01:14:00.141958,pending
13435,2903,2,2026-01-28 13:37:36.750296,cancelled
13436,3063,3,2026-01-27 20:47:36.689749,cancelled
13437,807,10,2026-04-05 22:12:03.313748,completed
13438,1107,7,2026-01-31 10:40:01.893660,completed
13439,1233,4,2026-03-27 16:21:22.230392,completed
13440,292,9,2026-01-25 01:16:33.436422,cancelled
13441,438,1,2026-03-04 14:25:25.382873,pending
13442,2750,2,2026-03-15 01:02:07.735574,cancelled
13443,1930,7,2026-04-05 14:59:44.945142,pending
13444,4566,9,2026-04-03 19:38:15.004277,cancelled
13445,1328,10,2026-03-26 21:36:25.237076,pending
13446,4600,10,2026-03-15 04:35:25.439883,cancelled
13447,2426,2,2026-02-15 03:44:02.109123,completed
13448,649,6,2026-01-27 16:48:26.286969,completed
13449,4569,8,2026-01-21 11:15:00.982114,cancelled
13450,1509,10,2026-04-02 14:28:31.047921,completed
13451,2544,8,2026-03-19 12:49:06.948623,pending
13452,1496,3,2026-02-23 07:18:17.934450,cancelled
13453,2636,4,2026-02-04 21:13:27.813601,cancelled
13454,2500,9,2026-01-25 10:29:51.778488,cancelled
13455,3401,10,2026-02-23 11:15:52.533269,cancelled
13456,2942,10,2026-03-19 03:35:28.852234,cancelled
13457,1134,4,2026-01-03 04:07:11.501064,pending
13458,2609,7,2026-01-21 23:53:43.546241,pending
13459,3513,8,2026-03-21 16:57:40.507972,cancelled
13460,4997,4,2026-01-30 11:07:41.477742,completed
13461,2914,1,2026-03-14 08:01:01.287209,completed
13462,1162,10,2026-01-11 10:38:31.630876,pending
13463,3686,7,2026-01-02 07:54:52.603132,completed
13464,2429,9,2026-03-11 19:18:54.669339,completed
13465,4805,7,2026-04-05 17:49:00.822793,pending
13466,3504,5,2026-02-15 19:18:05.195678,pending
13467,2813,2,2026-01-14 22:33:39.569539,completed
13468,2959,7,2026-03-21 23:22:45.794879,pending
13469,1125,6,2026-02-05 06:30:29.257027,completed
13470,2340,4,2026-03-03 19:40:18.083319,completed
13471,3268,8,2026-01-10 15:54:14.981888,cancelled
13472,4666,8,2026-03-05 01:00:17.860665,completed
13473,4789,3,2026-03-15 03:16:20.062862,completed
13474,4643,2,2026-02-03 00:07:36.299243,pending
13475,2753,9,2026-03-05 08:11:03.866703,cancelled
13476,2403,10,2026-02-02 11:14:25.814448,completed
13477,1275,1,2026-02-14 06:09:14.530844,pending
13478,1608,3,2026-02-18 06:21:01.655386,cancelled
13479,1283,3,2026-04-06 12:14:14.366962,cancelled
13480,1339,5,2026-01-01 23:50:41.732649,pending
13481,4305,1,2026-01-26 17:29:03.964773,completed
13482,450,3,2026-01-30 17:26:47.966513,cancelled
13483,2782,5,2026-03-07 08:28:11.410013,cancelled
13484,2457,7,2026-01-17 19:10:15.435623,pending
13485,3730,5,2026-01-30 20:46:47.068387,pending
13486,1523,1,2026-01-24 10:19:17.107460,completed
13487,721,9,2026-02-04 04:54:05.244573,completed
13488,4143,7,2026-02-27 01:40:22.025156,pending
13489,1351,5,2026-02-10 00:08:54.478571,cancelled
13490,3600,4,2026-01-11 09:16:23.830176,cancelled
13491,770,7,2026-01-01 15:31:11.312527,completed
13492,3137,2,2026-02-02 11:48:01.311446,pending
13493,3773,8,2026-03-16 21:44:11.103046,cancelled
13494,3542,10,2026-04-02 04:13:44.289167,cancelled
13495,2619,3,2026-03-25 10:02:20.065501,cancelled
13496,4080,6,2026-02-13 08:21:43.625270,pending
13497,3734,8,2026-03-19 22:39:12.346684,pending
13498,2455,4,2026-01-03 11:45:17.314766,completed
13499,1780,8,2026-01-07 12:23:01.883286,pending
13500,449,3,2026-01-26 07:43:29.785202,cancelled
13501,516,9,2026-03-18 01:44:50.083838,pending
13502,939,7,2026-03-21 03:22:05.086191,completed
13503,203,4,2026-02-22 06:00:58.520885,pending
13504,3142,3,2026-04-02 13:33:48.281931,pending
13505,612,10,2026-01-08 18:02:55.111308,completed
13506,4932,3,2026-02-11 10:29:02.534710,cancelled
13507,3358,1,2026-02-02 16:24:17.347651,cancelled
13508,3737,10,2026-03-26 06:57:20.071126,pending
13509,11,5,2026-01-15 21:45:42.151717,cancelled
13510,4787,5,2026-01-15 16:37:18.685953,completed
13511,3896,2,2026-03-04 17:39:24.498816,cancelled
13512,1824,10,2026-01-09 11:33:24.234916,cancelled
13513,3853,9,2026-03-27 05:26:40.560887,pending
13514,998,3,2026-03-23 23:54:29.035710,completed
13515,3432,1,2026-01-01 21:06:50.601499,cancelled
13516,60,1,2026-02-17 10:51:01.633710,pending
13517,3465,1,2026-01-17 06:41:52.311401,cancelled
13518,316,6,2026-02-04 04:24:47.304938,cancelled
13519,1571,9,2026-02-08 20:41:23.919292,pending
13520,1048,5,2026-03-11 15:31:57.410559,cancelled
13521,1819,9,2026-01-05 22:36:22.237669,completed
13522,4967,6,2026-01-04 00:40:28.312295,completed
13523,225,1,2026-03-31 15:23:23.582345,cancelled
13524,4896,4,2026-02-04 19:53:22.519431,completed
13525,370,4,2026-03-28 08:22:47.863371,completed
13526,4392,2,2026-02-12 20:17:29.663712,cancelled
13527,4596,10,2026-01-31 10:12:26.697006,completed
13528,90,9,2026-03-26 17:54:27.767297,completed
13529,3420,6,2026-01-27 08:58:50.847450,pending
13530,141,1,2026-03-27 02:13:47.602989,cancelled
13531,3195,9,2026-03-28 12:46:40.138879,pending
13532,2200,4,2026-04-05 16:22:13.465678,completed
13533,119,10,2026-03-28 12:16:53.425130,completed
13534,3132,1,2026-03-23 20:55:29.144211,completed
13535,4156,7,2026-03-19 22:45:28.519614,cancelled
13536,1669,9,2026-03-21 23:42:00.374045,cancelled
13537,2783,8,2026-03-17 05:56:54.784264,completed
13538,4968,8,2026-02-13 05:15:18.633963,completed
13539,4056,3,2026-03-18 12:33:25.146101,completed
13540,449,2,2026-01-30 15:39:48.175837,pending
13541,752,2,2026-01-15 22:23:25.139946,pending
13542,2131,6,2026-03-22 07:04:32.275870,completed
13543,3324,6,2026-03-23 18:09:02.249336,completed
13544,170,10,2026-03-11 23:20:24.287569,completed
13545,4330,3,2026-03-06 14:01:05.348939,cancelled
13546,741,6,2026-02-17 07:15:17.568413,cancelled
13547,4069,10,2026-04-05 17:36:15.119762,cancelled
13548,4482,4,2026-03-03 15:58:12.543205,pending
13549,1764,2,2026-02-15 19:18:33.094563,pending
13550,4823,6,2026-03-29 03:36:10.073237,pending
13551,3035,9,2026-03-16 04:43:38.984329,cancelled
13552,3040,4,2026-03-06 05:03:38.246559,cancelled
13553,1396,4,2026-03-26 13:26:35.340188,completed
13554,3666,8,2026-03-31 13:29:55.786172,cancelled
13555,2829,5,2026-01-22 08:55:14.149488,pending
13556,4438,8,2026-02-05 14:17:45.428442,pending
13557,4753,6,2026-02-16 17:35:20.567174,cancelled
13558,2508,1,2026-03-25 17:03:39.755117,completed
13559,4105,7,2026-01-31 22:35:04.600614,completed
13560,2886,10,2026-03-15 01:31:19.779957,pending
13561,4645,8,2026-02-07 22:22:51.503736,pending
13562,833,9,2026-02-23 12:53:28.726394,cancelled
13563,4079,2,2026-02-22 03:38:15.312611,cancelled
13564,2401,3,2026-01-20 07:43:40.182160,cancelled
13565,1964,7,2026-01-27 23:07:09.865476,pending
13566,2975,2,2026-01-20 21:12:05.139870,cancelled
13567,3764,7,2026-03-04 18:37:33.796290,cancelled
13568,970,5,2026-03-16 22:10:05.530687,pending
13569,1715,7,2026-01-06 14:55:34.420747,completed
13570,3081,2,2026-03-25 11:45:05.307040,completed
13571,1842,2,2026-02-26 15:06:53.636953,pending
13572,2323,10,2026-01-18 05:51:04.189291,cancelled
13573,4656,3,2026-03-21 21:57:45.057333,cancelled
13574,3356,6,2026-03-06 10:02:31.972311,pending
13575,3944,1,2026-01-02 06:37:07.318607,pending
13576,2003,5,2026-02-08 20:14:06.684036,pending
13577,2808,9,2026-02-19 13:46:20.382335,pending
13578,3788,3,2026-02-21 10:56:23.051131,pending
13579,3168,8,2026-02-21 07:21:43.591513,cancelled
13580,1440,6,2026-02-07 14:20:33.401166,pending
13581,4787,2,2026-01-02 08:09:31.758691,pending
13582,1588,9,2026-01-27 15:54:46.174589,completed
13583,3379,7,2026-04-03 07:39:45.374834,completed
13584,3101,2,2026-03-08 20:52:03.687216,cancelled
13585,2105,10,2026-01-30 20:57:53.734509,completed
13586,1754,8,2026-01-27 18:35:46.152399,cancelled
13587,4279,10,2026-03-18 09:58:10.273249,completed
13588,2786,3,2026-02-08 06:12:48.951204,pending
13589,4745,8,2026-03-26 23:09:51.314085,cancelled
13590,3631,10,2026-02-26 14:17:41.021348,completed
13591,2952,1,2026-01-28 10:57:25.218722,cancelled
13592,4176,4,2026-01-01 20:43:06.179768,pending
13593,1459,9,2026-01-14 23:40:36.977487,pending
13594,2928,4,2026-02-10 16:29:15.514032,cancelled
13595,1499,10,2026-01-25 12:19:54.225147,completed
13596,4195,9,2026-03-23 19:14:30.033239,cancelled
13597,73,9,2026-03-07 09:09:21.481740,completed
13598,1936,10,2026-03-09 05:23:17.048522,completed
13599,1977,8,2026-01-31 21:49:34.695871,completed
13600,4223,10,2026-01-24 01:44:53.256031,completed
13601,3294,1,2026-01-26 02:27:45.093481,completed
13602,2462,5,2026-03-25 10:18:17.078604,completed
13603,2190,6,2026-02-20 04:49:57.719047,completed
13604,2074,9,2026-03-24 04:16:59.101859,cancelled
13605,4627,6,2026-03-06 14:58:49.455985,pending
13606,340,2,2026-03-29 16:57:15.925101,completed
13607,3011,2,2026-03-16 15:55:34.883121,pending
13608,4553,7,2026-01-09 12:58:13.508516,pending
13609,3360,2,2026-02-08 20:45:05.608258,cancelled
13610,2385,1,2026-01-30 01:03:27.555867,completed
13611,2449,4,2026-01-23 04:27:28.507312,completed
13612,2178,5,2026-04-05 11:47:48.385447,cancelled
13613,4097,10,2026-01-16 11:15:21.596003,completed
13614,4311,7,2026-01-15 17:15:27.098052,completed
13615,758,3,2026-03-24 09:27:15.195030,cancelled
13616,1974,2,2026-03-02 21:36:17.587018,completed
13617,1328,5,2026-03-27 06:32:34.156606,completed
13618,1850,1,2026-02-14 16:00:58.358865,completed
13619,2615,1,2026-04-03 10:08:23.783535,cancelled
13620,2024,1,2026-02-10 01:31:06.132482,cancelled
13621,1618,10,2026-01-30 00:32:21.724049,cancelled
13622,73,5,2026-03-12 12:07:19.732025,cancelled
13623,808,5,2026-03-19 18:50:13.576493,completed
13624,2288,5,2026-03-05 20:56:29.142789,completed
13625,1668,9,2026-01-04 12:13:46.403774,completed
13626,1066,5,2026-03-17 18:48:40.145621,cancelled
13627,2264,4,2026-01-01 11:20:37.366790,cancelled
13628,2473,3,2026-03-18 14:28:33.704278,cancelled
13629,2765,10,2026-03-12 01:32:49.462449,pending
13630,2006,2,2026-02-16 11:33:25.246416,completed
13631,3485,9,2026-01-01 05:43:11.614271,cancelled
13632,4930,3,2026-03-26 01:40:37.354692,pending
13633,393,8,2026-02-05 20:06:13.377913,pending
13634,3246,4,2026-03-14 12:49:03.113919,pending
13635,4976,3,2026-02-09 10:33:40.660931,cancelled
13636,3560,2,2026-01-30 00:29:18.098868,cancelled
13637,1515,3,2026-01-31 07:52:15.472670,cancelled
13638,3891,4,2026-01-07 07:30:47.050016,completed
13639,748,1,2026-02-05 18:26:35.097070,cancelled
13640,2161,8,2026-01-27 09:35:26.745976,completed
13641,1254,3,2026-01-07 23:24:41.759494,cancelled
13642,1105,1,2026-02-13 06:27:00.065023,completed
13643,1690,9,2026-03-24 01:07:55.871764,completed
13644,551,1,2026-03-11 19:20:00.309366,completed
13645,2796,3,2026-02-20 19:07:59.150375,completed
13646,3582,3,2026-01-11 08:39:13.872368,completed
13647,197,6,2026-01-26 14:12:22.308647,cancelled
13648,2029,1,2026-03-16 01:01:05.704411,completed
13649,1647,6,2026-01-28 12:25:26.892947,cancelled
13650,1606,10,2026-03-11 08:36:32.538152,completed
13651,3652,3,2026-02-11 05:39:37.968442,pending
13652,4928,1,2026-04-01 02:30:25.803242,cancelled
13653,1608,6,2026-01-20 06:49:16.620459,pending
13654,4480,8,2026-01-12 01:06:10.915684,pending
13655,2696,4,2026-02-22 13:24:26.136172,completed
13656,3093,6,2026-01-15 05:17:14.943410,completed
13657,2873,10,2026-01-22 11:48:19.740693,completed
13658,915,10,2026-02-20 07:31:43.953401,cancelled
13659,2768,6,2026-04-03 19:45:33.713928,cancelled
13660,4288,6,2026-01-05 23:14:41.056170,pending
13661,3263,8,2026-03-29 07:17:17.426883,cancelled
13662,581,7,2026-02-15 15:47:09.443647,completed
13663,4758,5,2026-02-17 21:56:06.904077,pending
13664,2151,9,2026-03-12 09:57:42.226201,pending
13665,1101,5,2026-01-22 00:42:29.919671,completed
13666,2682,2,2026-02-10 23:25:26.164697,completed
13667,978,8,2026-03-16 10:01:35.972980,completed
13668,730,5,2026-03-05 05:30:21.050432,completed
13669,1660,5,2026-01-27 00:59:31.137349,cancelled
13670,1966,7,2026-01-01 19:59:09.580336,cancelled
13671,2253,7,2026-03-08 02:01:58.384784,completed
13672,1163,6,2026-01-25 00:42:41.525377,cancelled
13673,4206,1,2026-03-26 15:03:06.514102,cancelled
13674,2172,8,2026-03-27 11:08:39.146141,completed
13675,859,5,2026-03-25 05:53:33.481762,cancelled
13676,3495,3,2026-01-01 15:22:17.464006,pending
13677,150,7,2026-01-12 23:16:59.952433,pending
13678,1080,7,2026-01-28 00:32:17.776009,cancelled
13679,4399,10,2026-01-18 15:04:18.238132,cancelled
13680,4080,10,2026-02-17 01:39:33.103724,cancelled
13681,3849,9,2026-02-03 18:12:07.954110,completed
13682,774,2,2026-02-04 08:08:55.726451,completed
13683,4822,9,2026-03-15 05:21:38.153598,cancelled
13684,921,8,2026-01-19 03:47:34.018901,completed
13685,3028,10,2026-03-10 22:00:23.545308,cancelled
13686,3012,1,2026-01-17 16:28:30.253001,pending
13687,2090,2,2026-02-08 02:58:05.199720,completed
13688,125,9,2026-02-19 20:53:30.043486,pending
13689,282,7,2026-01-06 00:41:49.031972,pending
13690,2730,8,2026-02-28 16:11:05.274663,cancelled
13691,4116,5,2026-01-29 00:51:19.159357,pending
13692,813,10,2026-01-12 03:28:37.766414,cancelled
13693,2810,2,2026-03-12 23:30:26.695856,completed
13694,936,2,2026-03-22 13:26:53.805281,cancelled
13695,610,6,2026-01-07 05:31:22.883337,cancelled
13696,1443,4,2026-01-22 21:10:26.452965,cancelled
13697,3791,6,2026-03-01 17:46:37.885656,completed
13698,4196,3,2026-03-31 07:05:05.062241,cancelled
13699,3972,5,2026-03-12 07:48:07.617519,pending
13700,1831,2,2026-01-19 01:42:27.980052,completed
13701,335,3,2026-03-08 02:50:42.465207,completed
13702,4076,5,2026-01-13 07:40:01.814780,cancelled
13703,2406,10,2026-03-12 02:53:08.405967,pending
13704,2130,4,2026-02-07 06:41:12.918196,pending
13705,2084,6,2026-02-15 08:30:42.536407,completed
13706,2042,9,2026-01-22 07:10:09.452993,pending
13707,3576,6,2026-03-08 03:37:07.710780,pending
13708,4922,6,2026-02-11 05:28:26.889937,cancelled
13709,4431,4,2026-02-28 05:23:19.761838,cancelled
13710,2787,6,2026-02-25 08:06:05.897087,completed
13711,3910,2,2026-02-03 03:28:57.561903,cancelled
13712,3881,2,2026-04-02 01:36:39.681611,pending
13713,942,9,2026-01-19 02:06:38.402552,completed
13714,4850,2,2026-01-10 11:29:59.138677,cancelled
13715,3827,7,2026-01-09 10:32:46.110439,completed
13716,4131,9,2026-03-09 11:16:46.858183,pending
13717,3576,6,2026-04-03 06:58:22.681509,completed
13718,1235,8,2026-04-07 02:24:28.624394,completed
13719,1656,8,2026-01-15 05:14:57.770694,cancelled
13720,2655,10,2026-04-02 19:12:54.124408,completed
13721,144,5,2026-01-28 07:06:38.439242,completed
13722,1666,7,2026-03-15 17:49:03.439152,cancelled
13723,4008,8,2026-02-22 13:47:42.187191,completed
13724,1677,9,2026-03-10 06:49:35.565682,cancelled
13725,1213,1,2026-01-04 21:11:22.710203,pending
13726,479,3,2026-03-26 18:10:25.949493,completed
13727,1043,1,2026-02-13 16:01:35.575842,completed
13728,1696,8,2026-03-22 03:31:02.951219,pending
13729,3048,1,2026-04-06 11:17:41.716497,pending
13730,3842,2,2026-04-04 07:35:00.252823,completed
13731,3404,1,2026-01-03 03:03:09.976843,pending
13732,3379,3,2026-01-16 17:12:12.314378,completed
13733,1814,6,2026-01-16 15:15:57.891525,completed
13734,2762,1,2026-04-05 18:14:25.805615,cancelled
13735,1256,6,2026-02-20 02:37:53.320578,completed
13736,1523,1,2026-01-25 00:14:00.513483,completed
13737,1058,1,2026-01-25 09:20:08.162529,pending
13738,1294,1,2026-01-10 10:45:33.312211,completed
13739,2453,5,2026-02-21 14:38:38.669071,pending
13740,337,7,2026-02-11 14:23:24.669681,pending
13741,2839,4,2026-03-24 00:42:54.179988,cancelled
13742,3203,1,2026-02-08 22:44:29.716301,completed
13743,1127,3,2026-02-01 11:59:47.512083,completed
13744,2526,2,2026-03-11 08:38:21.724388,cancelled
13745,1149,2,2026-01-10 22:16:22.607522,cancelled
13746,675,8,2026-03-15 03:59:05.264417,completed
13747,869,1,2026-01-04 05:03:52.408016,completed
13748,4585,5,2026-02-01 03:14:56.349655,completed
13749,3663,6,2026-03-03 16:43:01.343528,completed
13750,4876,4,2026-03-01 06:48:48.017685,cancelled
13751,1580,7,2026-01-14 22:34:30.819445,completed
13752,4982,9,2026-02-11 17:09:24.998034,completed
13753,602,1,2026-03-24 04:29:35.316276,cancelled
13754,2266,8,2026-02-28 06:52:26.371610,completed
13755,1878,3,2026-01-16 08:33:24.759318,cancelled
13756,2224,7,2026-03-19 16:24:45.471796,cancelled
13757,821,7,2026-01-25 09:22:32.860112,completed
13758,836,3,2026-03-23 20:39:32.398644,cancelled
13759,4123,8,2026-01-18 11:13:30.236414,pending
13760,1326,9,2026-02-20 18:48:00.208395,completed
13761,262,3,2026-01-12 15:43:41.187241,pending
13762,4414,10,2026-02-01 01:46:27.626210,completed
13763,435,8,2026-01-08 04:38:03.688599,cancelled
13764,989,4,2026-03-24 16:18:21.222555,completed
13765,3515,10,2026-02-05 13:49:47.304631,completed
13766,875,2,2026-01-23 05:47:33.357506,cancelled
13767,4924,10,2026-01-02 20:46:34.398187,completed
13768,3910,7,2026-01-18 03:07:49.449759,pending
13769,1354,10,2026-03-31 00:33:11.523092,pending
13770,2204,3,2026-03-09 19:41:06.794521,pending
13771,1445,10,2026-01-11 20:14:37.463212,completed
13772,2516,3,2026-02-16 19:49:28.299668,completed
13773,644,9,2026-01-22 00:37:26.650231,cancelled
13774,1676,4,2026-01-11 13:15:16.109384,cancelled
13775,4945,3,2026-01-03 08:52:12.457446,pending
13776,1144,2,2026-01-06 02:32:53.007314,pending
13777,3517,10,2026-01-26 17:45:42.597059,cancelled
13778,889,8,2026-02-05 00:15:11.661168,completed
13779,249,2,2026-03-24 16:45:29.610970,completed
13780,884,9,2026-01-14 02:41:16.061430,cancelled
13781,2511,9,2026-03-24 05:19:47.352111,cancelled
13782,677,8,2026-01-11 15:46:34.032636,pending
13783,3163,2,2026-03-16 00:49:33.870876,pending
13784,2455,4,2026-04-07 00:35:11.641449,completed
13785,2487,5,2026-01-04 12:27:19.686445,completed
13786,333,5,2026-03-21 23:41:52.073788,pending
13787,750,5,2026-02-14 17:43:25.741792,cancelled
13788,4814,8,2026-02-26 03:25:45.670537,completed
13789,1788,7,2026-03-29 21:56:35.437011,pending
13790,1889,4,2026-03-31 14:19:27.247473,completed
13791,67,9,2026-01-05 08:18:47.597580,completed
13792,1884,3,2026-01-15 12:14:19.507615,completed
13793,3276,2,2026-02-05 14:31:20.893169,pending
13794,1939,10,2026-03-18 02:22:26.760307,completed
13795,2925,2,2026-03-24 08:36:19.330886,cancelled
13796,2047,5,2026-03-25 22:22:23.679590,cancelled
13797,2692,3,2026-03-18 13:02:19.064279,completed
13798,2208,6,2026-01-31 15:59:20.710973,pending
13799,4380,3,2026-01-30 10:52:09.027993,cancelled
13800,1988,6,2026-04-03 02:57:27.556734,pending
13801,1116,7,2026-01-05 13:18:03.722021,pending
13802,3353,5,2026-01-19 12:52:15.115756,completed
13803,667,1,2026-02-03 03:26:38.601782,pending
13804,1851,10,2026-03-14 20:58:43.877071,completed
13805,4181,8,2026-03-01 19:13:41.307866,cancelled
13806,1460,6,2026-03-07 19:14:17.644769,cancelled
13807,1004,6,2026-01-25 23:45:23.330993,pending
13808,2406,2,2026-03-24 03:57:11.698216,cancelled
13809,1951,8,2026-02-01 17:19:01.627647,cancelled
13810,3353,8,2026-01-15 12:33:00.600305,completed
13811,4618,3,2026-01-02 19:04:09.671941,cancelled
13812,2425,5,2026-02-12 23:05:25.939836,cancelled
13813,4329,1,2026-03-08 18:20:53.785417,pending
13814,134,5,2026-01-05 10:00:51.519930,cancelled
13815,1086,6,2026-03-28 17:26:22.728929,completed
13816,4058,3,2026-02-26 12:30:49.669318,pending
13817,295,9,2026-01-04 02:58:32.195226,pending
13818,4846,2,2026-03-18 20:28:53.796506,completed
13819,2123,10,2026-01-14 16:14:13.019830,pending
13820,3457,7,2026-03-11 20:21:46.427406,cancelled
13821,2750,9,2026-03-25 18:32:39.883525,completed
13822,4089,6,2026-01-13 21:16:28.189102,cancelled
13823,5,2,2026-02-21 05:10:46.232575,pending
13824,3767,10,2026-03-25 13:42:51.754479,pending
13825,1431,7,2026-03-01 18:51:25.772210,pending
13826,1171,4,2026-03-22 14:49:28.231978,pending
13827,1380,5,2026-01-28 03:58:17.165147,cancelled
13828,2799,7,2026-02-22 07:45:39.814352,pending
13829,2818,9,2026-04-07 07:28:25.638170,pending
13830,1379,10,2026-01-12 13:53:10.987494,pending
13831,47,2,2026-03-28 19:11:58.145432,cancelled
13832,4609,9,2026-01-25 18:18:59.908541,completed
13833,3322,3,2026-01-15 05:18:38.708901,cancelled
13834,4053,4,2026-03-09 15:17:05.989895,cancelled
13835,3145,10,2026-02-05 09:11:49.600824,completed
13836,4243,10,2026-02-06 12:03:11.152523,completed
13837,4501,4,2026-02-19 23:53:59.563002,completed
13838,4197,9,2026-03-10 18:51:02.702625,pending
13839,4425,6,2026-01-05 14:37:19.444905,cancelled
13840,4900,3,2026-01-12 17:44:26.140972,cancelled
13841,2630,6,2026-03-26 17:51:40.592474,pending
13842,2693,10,2026-01-21 21:21:44.188856,cancelled
13843,4815,9,2026-03-30 08:32:57.096298,pending
13844,123,4,2026-03-24 19:52:41.334505,cancelled
13845,4835,2,2026-03-24 04:34:01.844013,completed
13846,2833,4,2026-02-06 11:12:26.953280,pending
13847,1887,5,2026-03-21 20:28:10.960333,cancelled
13848,2478,6,2026-01-06 05:22:57.225143,completed
13849,1105,8,2026-02-13 19:40:29.078197,cancelled
13850,4442,4,2026-03-28 16:55:09.497654,cancelled
13851,3058,10,2026-03-21 12:31:24.604894,completed
13852,650,7,2026-02-24 13:02:13.423154,cancelled
13853,2961,10,2026-03-29 21:49:35.352277,pending
13854,1499,6,2026-01-14 22:14:45.796266,completed
13855,115,10,2026-03-30 02:35:46.406217,completed
13856,2223,8,2026-01-11 04:16:34.168551,pending
13857,3063,9,2026-04-02 07:12:09.179788,cancelled
13858,117,3,2026-02-24 12:35:15.389195,cancelled
13859,702,4,2026-03-22 21:32:40.370436,pending
13860,3639,6,2026-01-27 06:47:55.958429,completed
13861,4270,10,2026-03-01 07:16:21.703006,pending
13862,3266,3,2026-03-02 20:16:11.674915,pending
13863,837,1,2026-02-01 14:45:35.648387,cancelled
13864,1716,3,2026-02-08 13:36:52.681616,pending
13865,4700,2,2026-01-21 07:06:53.394816,cancelled
13866,3765,6,2026-02-19 16:48:38.274073,cancelled
13867,4925,5,2026-03-19 15:55:22.669975,cancelled
13868,2883,9,2026-02-17 06:36:03.354547,completed
13869,885,5,2026-03-15 08:04:30.906401,pending
13870,4317,10,2026-02-26 01:03:32.451638,completed
13871,1737,5,2026-03-23 09:49:56.159721,cancelled
13872,1016,4,2026-01-13 18:25:39.308855,completed
13873,3933,5,2026-04-01 00:52:53.323578,completed
13874,2336,3,2026-01-16 19:11:55.742518,completed
13875,28,1,2026-02-28 04:16:43.893264,completed
13876,913,6,2026-02-26 17:52:11.329188,pending
13877,4249,9,2026-03-28 17:41:30.961472,cancelled
13878,3021,5,2026-02-15 08:09:39.462886,pending
13879,2483,7,2026-01-17 19:55:57.016710,pending
13880,3308,7,2026-02-16 22:27:43.079871,cancelled
13881,4021,7,2026-03-01 19:34:30.824564,completed
13882,3359,6,2026-02-01 03:48:54.828145,cancelled
13883,1245,9,2026-02-12 21:20:37.607661,cancelled
13884,2046,4,2026-03-17 17:47:13.555904,pending
13885,3187,6,2026-01-28 07:20:59.572721,pending
13886,2061,10,2026-02-20 00:20:11.769574,cancelled
13887,969,2,2026-04-02 07:32:12.913709,pending
13888,3308,8,2026-01-21 01:28:09.359586,cancelled
13889,2581,9,2026-03-23 16:42:36.103529,pending
13890,4900,2,2026-02-25 00:38:28.385459,cancelled
13891,693,10,2026-02-27 09:53:54.146472,completed
13892,99,2,2026-01-03 04:27:06.483853,pending
13893,1367,4,2026-03-06 01:15:47.395290,completed
13894,1944,2,2026-02-02 22:04:51.393073,cancelled
13895,1129,4,2026-01-15 02:27:19.186904,pending
13896,897,10,2026-03-09 17:37:16.922916,cancelled
13897,2887,5,2026-01-16 19:24:12.428291,completed
13898,217,4,2026-01-31 17:43:46.825658,cancelled
13899,3167,6,2026-01-28 23:26:36.649983,completed
13900,4269,5,2026-02-27 10:09:33.755759,pending
13901,239,6,2026-03-14 00:44:24.081323,cancelled
13902,1316,9,2026-03-22 21:29:45.613939,cancelled
13903,3329,1,2026-03-16 11:07:45.886525,completed
13904,3553,7,2026-01-22 09:58:51.110625,pending
13905,3559,10,2026-02-09 23:06:43.809388,cancelled
13906,4597,3,2026-03-30 17:24:41.144281,cancelled
13907,4831,3,2026-01-17 16:29:30.485082,cancelled
13908,43,3,2026-02-28 21:34:24.500479,cancelled
13909,1408,3,2026-02-14 08:48:18.521153,pending
13910,130,4,2026-02-04 09:41:43.260068,cancelled
13911,4948,7,2026-01-21 23:21:46.181276,completed
13912,2068,9,2026-01-22 00:28:48.737369,pending
13913,1570,10,2026-01-31 01:41:06.222265,pending
13914,1451,8,2026-01-15 05:09:02.099166,completed
13915,2245,9,2026-03-31 01:24:17.071122,cancelled
13916,2326,9,2026-03-27 14:31:36.423987,cancelled
13917,3234,6,2026-02-26 16:27:14.628654,cancelled
13918,2546,6,2026-03-14 15:32:56.522608,pending
13919,4353,7,2026-02-02 12:08:40.232183,pending
13920,3043,8,2026-03-06 13:30:09.507433,completed
13921,3649,3,2026-03-07 00:39:27.112702,cancelled
13922,601,4,2026-03-15 23:27:26.371397,pending
13923,384,2,2026-02-15 13:46:08.516769,completed
13924,4621,4,2026-04-06 01:02:45.185870,pending
13925,4169,1,2026-01-03 04:43:30.454733,completed
13926,4198,9,2026-01-15 21:40:33.985569,completed
13927,1123,5,2026-03-05 13:30:04.060997,completed
13928,1180,10,2026-01-30 21:25:57.067715,completed
13929,2684,3,2026-01-06 15:24:46.983358,completed
13930,912,6,2026-03-16 21:46:47.182110,pending
13931,3792,4,2026-01-29 20:40:57.155660,pending
13932,719,10,2026-02-09 03:41:00.631678,cancelled
13933,3551,5,2026-03-07 16:24:27.644807,cancelled
13934,1843,2,2026-03-05 09:19:57.279458,completed
13935,4890,6,2026-01-24 10:39:20.556911,pending
13936,2526,3,2026-02-13 12:17:52.141298,cancelled
13937,2435,8,2026-03-24 13:34:19.638533,completed
13938,2037,5,2026-01-31 18:13:53.606218,pending
13939,327,6,2026-02-12 01:08:44.696813,cancelled
13940,4195,8,2026-02-14 12:56:41.807633,completed
13941,3994,1,2026-02-14 20:45:00.234329,pending
13942,1995,6,2026-01-25 09:33:21.484419,pending
13943,2351,6,2026-01-22 12:16:51.410391,pending
13944,3813,7,2026-02-05 23:01:09.295226,completed
13945,4931,8,2026-03-08 04:30:28.170563,cancelled
13946,67,1,2026-01-28 02:02:56.826280,pending
13947,1104,9,2026-02-19 10:36:31.465235,pending
13948,1282,4,2026-01-13 04:25:08.986587,cancelled
13949,2846,8,2026-03-01 19:17:14.808117,cancelled
13950,259,7,2026-01-13 17:18:52.409506,cancelled
13951,4959,3,2026-03-14 12:00:11.857067,pending
13952,3995,4,2026-02-06 21:57:58.464919,cancelled
13953,4902,4,2026-03-01 13:43:22.441821,cancelled
13954,1196,5,2026-02-22 01:41:34.286153,cancelled
13955,3893,10,2026-01-24 01:23:44.210804,cancelled
13956,4967,6,2026-01-07 07:45:30.712252,completed
13957,2899,1,2026-03-10 10:25:35.224460,cancelled
13958,618,2,2026-03-01 13:37:23.611268,cancelled
13959,3296,3,2026-02-10 02:21:27.724917,pending
13960,4955,4,2026-01-28 15:34:38.049682,pending
13961,3761,3,2026-03-26 08:18:31.093820,cancelled
13962,4695,9,2026-02-14 20:29:49.672598,cancelled
13963,1697,3,2026-02-16 01:59:31.752587,completed
13964,4199,1,2026-02-17 22:10:40.417445,completed
13965,4862,4,2026-03-19 13:58:26.590069,cancelled
13966,1655,6,2026-03-09 15:52:53.835410,pending
13967,3053,6,2026-01-02 00:34:04.764638,cancelled
13968,1056,7,2026-02-20 12:31:52.928070,cancelled
13969,1430,2,2026-02-16 17:03:16.289973,completed
13970,3226,5,2026-02-18 10:09:12.478966,completed
13971,3164,10,2026-01-02 14:13:28.961735,completed
13972,1692,4,2026-03-05 22:17:32.462005,cancelled
13973,3243,3,2026-04-02 12:21:29.235026,cancelled
13974,4484,4,2026-02-09 23:47:56.104385,pending
13975,3269,8,2026-03-22 23:55:02.865135,cancelled
13976,2975,1,2026-03-12 20:33:29.341438,cancelled
13977,3745,8,2026-01-06 08:25:49.116524,completed
13978,4225,3,2026-01-05 09:02:33.181052,cancelled
13979,2412,4,2026-03-22 23:29:46.113419,completed
13980,3634,5,2026-01-23 13:40:06.439103,cancelled
13981,4488,6,2026-02-15 20:05:51.475415,completed
13982,1574,6,2026-04-07 12:02:11.394862,pending
13983,3109,5,2026-01-28 14:14:41.182402,pending
13984,1658,3,2026-03-08 20:48:45.831982,cancelled
13985,4926,4,2026-04-01 16:53:28.456472,completed
13986,1990,10,2026-03-04 02:26:05.705953,cancelled
13987,292,8,2026-01-07 18:15:32.368227,pending
13988,2355,3,2026-03-23 06:32:11.556505,completed
13989,216,9,2026-01-20 10:55:36.896384,pending
13990,1840,10,2026-03-10 09:50:55.134007,cancelled
13991,70,8,2026-03-05 20:06:25.984210,completed
13992,2664,5,2026-01-15 21:19:58.613092,pending
13993,3444,3,2026-03-19 12:58:54.630767,completed
13994,1309,5,2026-01-11 17:53:27.831939,completed
13995,2692,10,2026-01-24 07:49:23.705556,cancelled
13996,1201,7,2026-03-30 20:55:29.167703,pending
13997,1978,7,2026-01-05 21:00:21.968573,completed
13998,2706,9,2026-01-07 14:08:32.541456,cancelled
13999,3312,10,2026-01-11 09:55:47.817149,cancelled
14000,1252,3,2026-03-18 18:11:28.405269,completed
14001,2680,10,2026-02-27 17:10:18.219301,cancelled
14002,3693,9,2026-01-12 08:59:48.049803,completed
14003,3603,3,2026-01-03 06:19:50.919473,cancelled
14004,3623,4,2026-01-31 16:09:13.890889,completed
14005,3567,1,2026-01-18 03:51:34.516145,cancelled
14006,1493,10,2026-02-13 15:34:53.833847,pending
14007,3365,5,2026-01-29 05:10:21.189515,cancelled
14008,907,1,2026-01-14 19:59:45.956555,pending
14009,3430,6,2026-03-16 12:47:03.501380,pending
14010,516,9,2026-03-21 16:40:25.368156,cancelled
14011,1473,1,2026-01-14 21:17:08.823725,cancelled
14012,1866,6,2026-03-28 16:27:03.959749,completed
14013,4423,6,2026-01-29 13:01:45.411885,pending
14014,4283,7,2026-03-30 21:32:10.353385,cancelled
14015,4788,1,2026-03-23 15:46:52.989325,pending
14016,2125,1,2026-03-18 06:18:37.354732,pending
14017,4474,6,2026-02-27 07:01:09.529003,cancelled
14018,258,6,2026-01-01 23:26:20.326068,cancelled
14019,1966,7,2026-03-14 18:25:31.078089,cancelled
14020,2712,9,2026-01-06 15:05:51.713217,cancelled
14021,4604,5,2026-03-22 01:36:48.163230,completed
14022,1670,3,2026-02-23 01:01:37.778740,pending
14023,3691,2,2026-03-01 04:39:58.306908,completed
14024,3454,10,2026-02-19 15:07:47.205435,cancelled
14025,2085,5,2026-03-07 02:12:40.119312,pending
14026,2318,7,2026-03-08 12:11:57.479301,cancelled
14027,245,5,2026-01-22 22:22:59.110437,completed
14028,756,2,2026-03-08 11:23:34.561567,pending
14029,4209,9,2026-01-26 19:02:13.562514,cancelled
14030,2302,6,2026-01-29 16:13:21.609348,pending
14031,2203,7,2026-03-10 20:02:06.867987,pending
14032,3700,6,2026-03-24 21:44:00.579814,completed
14033,2604,8,2026-01-29 09:06:53.854729,cancelled
14034,1786,10,2026-01-22 03:58:10.538558,pending
14035,3937,1,2026-02-15 21:21:35.578385,completed
14036,1985,4,2026-01-09 19:58:06.438004,pending
14037,3400,9,2026-03-14 20:57:06.852988,pending
14038,3295,1,2026-01-03 10:16:23.654180,cancelled
14039,4266,3,2026-02-09 11:12:10.363087,cancelled
14040,1034,3,2026-01-30 22:27:32.008613,completed
14041,1986,8,2026-02-28 18:37:03.713994,pending
14042,1930,1,2026-03-10 09:07:25.812349,pending
14043,4953,7,2026-01-07 07:49:21.483495,completed
14044,4508,7,2026-02-28 03:26:18.728842,cancelled
14045,309,2,2026-02-15 07:24:50.127418,completed
14046,3934,8,2026-01-18 08:08:27.063797,pending
14047,1945,4,2026-03-07 15:15:22.130964,pending
14048,1189,10,2026-02-27 10:29:21.814781,cancelled
14049,3325,1,2026-02-24 17:35:33.127511,cancelled
14050,2495,8,2026-02-22 10:46:18.202118,pending
14051,3160,1,2026-03-11 06:20:10.117883,completed
14052,4836,2,2026-02-08 09:50:50.566324,completed
14053,1125,6,2026-01-16 12:27:52.046134,cancelled
14054,313,2,2026-01-08 10:26:57.485736,cancelled
14055,407,3,2026-03-20 12:51:58.226209,pending
14056,2999,2,2026-02-08 15:54:07.990617,completed
14057,2639,5,2026-01-24 07:58:47.446706,cancelled
14058,4332,5,2026-01-02 02:58:34.599194,pending
14059,4297,2,2026-03-24 10:19:43.141638,pending
14060,1333,8,2026-02-15 06:01:44.012703,cancelled
14061,123,3,2026-01-16 11:45:16.499543,completed
14062,2286,3,2026-02-22 18:58:32.284204,completed
14063,1693,5,2026-01-30 12:26:22.865037,completed
14064,3721,1,2026-02-26 22:11:25.278497,completed
14065,198,5,2026-02-13 10:53:23.995715,completed
14066,1724,8,2026-03-25 01:06:31.594299,pending
14067,3379,2,2026-02-04 07:02:07.213866,cancelled
14068,1306,3,2026-01-09 02:48:20.466608,completed
14069,2700,1,2026-03-20 07:56:04.739285,pending
14070,1952,5,2026-02-08 10:50:38.794988,pending
14071,312,10,2026-01-10 02:31:35.601053,pending
14072,3616,2,2026-01-07 06:13:53.254505,pending
14073,1037,7,2026-02-13 21:26:57.221373,pending
14074,1774,6,2026-01-30 14:10:03.931108,completed
14075,433,8,2026-01-28 01:13:31.667733,cancelled
14076,4013,7,2026-03-11 02:00:49.137851,completed
14077,1376,7,2026-01-14 09:43:21.974084,pending
14078,4359,9,2026-01-12 14:37:53.162959,pending
14079,830,5,2026-02-19 12:38:20.028681,pending
14080,3147,7,2026-04-02 01:01:11.032453,pending
14081,2362,9,2026-01-10 03:59:08.544834,completed
14082,3227,8,2026-02-02 20:30:25.308670,cancelled
14083,1971,4,2026-02-28 01:21:24.870216,pending
14084,4843,8,2026-01-18 13:07:05.005220,pending
14085,3968,4,2026-01-10 06:32:05.769257,pending
14086,1492,10,2026-03-09 13:06:45.761094,pending
14087,4806,4,2026-03-28 05:25:34.768620,cancelled
14088,4173,1,2026-04-06 20:50:33.178931,completed
14089,3706,9,2026-01-26 20:15:27.276489,completed
14090,2105,8,2026-03-11 23:55:22.972681,completed
14091,3281,10,2026-04-07 11:02:09.352024,cancelled
14092,4080,2,2026-04-05 12:35:31.641877,completed
14093,3237,3,2026-03-01 01:13:17.050104,pending
14094,426,7,2026-01-03 21:59:58.593062,completed
14095,591,9,2026-03-10 01:01:23.636479,completed
14096,483,2,2026-03-25 08:30:52.866382,cancelled
14097,4889,5,2026-01-28 12:18:41.334640,completed
14098,525,9,2026-03-26 06:31:48.690032,completed
14099,3210,6,2026-03-12 19:29:51.466849,cancelled
14100,3413,4,2026-01-09 05:09:02.995260,pending
14101,48,1,2026-03-10 21:55:25.244898,completed
14102,1126,10,2026-02-26 13:46:26.407768,pending
14103,924,10,2026-02-13 04:12:47.854424,pending
14104,2391,1,2026-02-10 19:34:07.765605,cancelled
14105,1257,6,2026-02-19 22:33:49.984965,cancelled
14106,1947,4,2026-03-06 16:18:39.413407,completed
14107,4412,5,2026-01-21 08:34:54.806362,cancelled
14108,2631,10,2026-02-19 17:48:41.509324,pending
14109,3711,7,2026-01-04 06:43:52.407278,pending
14110,1237,8,2026-01-13 15:06:56.228264,completed
14111,2899,6,2026-03-06 11:00:16.142027,completed
14112,1460,1,2026-02-05 20:50:08.357644,pending
14113,1930,9,2026-02-10 21:10:24.338634,completed
14114,1444,1,2026-03-10 04:21:02.543774,cancelled
14115,3875,6,2026-03-29 04:07:22.288103,cancelled
14116,1161,1,2026-03-08 08:29:19.775517,cancelled
14117,3496,8,2026-03-31 11:49:07.172772,completed
14118,3639,2,2026-03-10 14:56:08.161717,completed
14119,1653,7,2026-01-29 00:08:28.123602,completed
14120,586,1,2026-04-03 18:26:14.739421,pending
14121,2301,3,2026-03-31 10:39:31.125440,completed
14122,4500,2,2026-02-05 17:44:52.912219,pending
14123,4655,10,2026-02-25 22:14:15.628266,cancelled
14124,567,3,2026-01-18 19:48:06.635283,pending
14125,3381,3,2026-02-18 17:41:13.134091,completed
14126,994,5,2026-04-07 13:39:55.501961,completed
14127,4414,7,2026-02-21 05:29:16.440776,completed
14128,1841,4,2026-03-23 14:49:31.025657,completed
14129,1681,7,2026-02-04 06:03:59.892127,completed
14130,37,4,2026-01-01 10:25:10.315741,pending
14131,485,3,2026-02-19 23:55:56.717191,completed
14132,4684,10,2026-02-19 21:32:41.915742,pending
14133,132,1,2026-02-03 10:54:17.537409,pending
14134,1565,2,2026-01-02 11:15:22.330127,pending
14135,955,3,2026-02-19 07:23:04.560295,completed
14136,4828,4,2026-01-22 16:47:58.787550,completed
14137,2946,2,2026-02-09 01:23:31.322582,pending
14138,3159,5,2026-01-12 04:24:31.177723,cancelled
14139,296,1,2026-04-03 13:33:10.778149,pending
14140,1902,9,2026-01-04 08:55:18.658404,cancelled
14141,4043,6,2026-01-21 00:51:19.180970,cancelled
14142,2395,5,2026-01-07 18:09:42.025048,cancelled
14143,4982,6,2026-01-07 05:14:30.669458,completed
14144,1597,3,2026-01-29 21:48:54.936928,completed
14145,2960,1,2026-01-07 15:14:35.227378,completed
14146,1764,10,2026-03-26 21:31:24.143801,completed
14147,1203,10,2026-02-05 14:15:17.993968,cancelled
14148,3996,4,2026-03-02 11:36:53.860579,completed
14149,4522,6,2026-02-14 10:07:28.671762,pending
14150,3361,1,2026-03-10 18:37:31.565290,pending
14151,1895,7,2026-03-02 09:55:23.162536,completed
14152,1208,10,2026-01-07 11:04:40.984025,completed
14153,180,5,2026-01-01 01:38:03.255756,cancelled
14154,130,7,2026-02-03 21:29:47.787158,completed
14155,1603,1,2026-01-30 15:13:08.022013,completed
14156,4852,7,2026-02-15 15:46:27.914454,cancelled
14157,1889,9,2026-01-20 18:32:09.891123,cancelled
14158,719,3,2026-02-14 14:29:24.943773,pending
14159,1895,7,2026-01-30 17:29:38.655101,pending
14160,312,8,2026-03-11 15:15:23.197654,pending
14161,432,7,2026-01-29 21:23:57.019792,cancelled
14162,3088,6,2026-02-28 03:25:02.995242,cancelled
14163,1804,8,2026-02-12 14:53:19.371922,cancelled
14164,325,1,2026-02-08 23:24:01.591661,cancelled
14165,4011,6,2026-02-19 01:55:35.652305,pending
14166,338,5,2026-01-19 14:55:02.550784,cancelled
14167,14,7,2026-03-17 20:10:19.675604,completed
14168,2182,2,2026-02-16 23:25:12.033409,completed
14169,2590,4,2026-03-10 04:09:59.325128,cancelled
14170,3815,1,2026-04-06 11:18:48.850190,cancelled
14171,1837,7,2026-01-13 06:05:26.270765,pending
14172,3207,9,2026-01-24 05:22:23.303285,cancelled
14173,1106,8,2026-02-03 16:50:09.035055,cancelled
14174,574,4,2026-02-21 06:59:09.015286,completed
14175,3773,9,2026-02-09 20:34:23.274341,cancelled
14176,171,8,2026-03-02 05:18:32.784130,completed
14177,632,3,2026-03-03 17:26:56.529202,pending
14178,870,6,2026-02-22 09:45:14.871072,completed
14179,3275,4,2026-02-23 15:11:47.702131,completed
14180,2951,3,2026-02-18 07:06:18.301824,completed
14181,3447,10,2026-02-15 21:16:03.098091,pending
14182,3918,7,2026-02-10 22:48:49.421864,cancelled
14183,3232,8,2026-03-19 18:10:11.955808,cancelled
14184,12,5,2026-03-13 04:25:30.766197,cancelled
14185,1772,4,2026-02-18 19:33:57.657632,cancelled
14186,2849,7,2026-02-28 05:06:50.877881,pending
14187,1503,6,2026-04-03 22:41:07.966651,cancelled
14188,638,6,2026-02-05 17:31:11.604708,completed
14189,489,3,2026-02-27 06:04:09.670133,cancelled
14190,4239,6,2026-03-28 12:12:24.423419,cancelled
14191,4379,1,2026-01-31 04:20:38.249603,cancelled
14192,1097,1,2026-01-06 02:39:29.727557,completed
14193,1694,6,2026-01-19 00:46:42.225688,pending
14194,3773,5,2026-04-04 03:03:57.644685,completed
14195,2761,4,2026-04-06 15:32:49.252756,completed
14196,3600,10,2026-02-17 15:34:48.378160,pending
14197,3421,8,2026-03-29 12:58:03.880155,cancelled
14198,4017,3,2026-03-29 21:43:33.079014,cancelled
14199,1856,8,2026-02-03 13:06:16.361047,pending
14200,881,10,2026-02-09 09:08:41.299851,pending
14201,472,6,2026-01-20 01:42:38.642952,cancelled
14202,202,3,2026-02-05 16:57:44.394838,completed
14203,697,1,2026-02-04 19:04:26.749990,cancelled
14204,4139,6,2026-03-25 12:29:32.380798,completed
14205,4539,6,2026-03-30 05:24:25.757020,cancelled
14206,3696,2,2026-03-23 04:45:16.724828,pending
14207,537,10,2026-01-02 23:38:50.847932,completed
14208,4054,2,2026-01-20 23:34:51.025311,pending
14209,1205,10,2026-03-05 01:40:17.426295,pending
14210,1608,7,2026-01-09 19:20:16.863193,completed
14211,1103,9,2026-03-25 20:20:38.794407,cancelled
14212,4414,4,2026-01-18 04:39:58.853576,pending
14213,123,3,2026-01-29 07:44:16.436659,pending
14214,506,5,2026-02-07 00:27:20.808902,cancelled
14215,1150,6,2026-01-07 08:57:09.096235,cancelled
14216,2636,2,2026-01-11 19:43:53.887254,cancelled
14217,1983,3,2026-03-14 17:45:25.302821,pending
14218,2200,8,2026-02-27 13:17:37.290357,completed
14219,1054,1,2026-03-14 21:33:08.828115,completed
14220,2180,3,2026-01-07 19:45:05.679906,pending
14221,845,2,2026-03-22 08:10:29.403079,cancelled
14222,3897,2,2026-03-10 22:00:43.914090,cancelled
14223,3472,3,2026-01-27 22:42:50.034682,pending
14224,3658,7,2026-02-07 20:35:50.367046,pending
14225,1964,2,2026-01-10 00:20:14.709662,pending
14226,4553,5,2026-03-02 04:10:51.112797,pending
14227,2564,2,2026-01-07 05:41:03.331438,cancelled
14228,257,1,2026-03-15 07:00:30.599992,completed
14229,4745,7,2026-01-14 17:17:18.489112,completed
14230,23,3,2026-01-28 15:03:08.692883,pending
14231,2356,3,2026-02-05 12:02:22.579654,completed
14232,3431,5,2026-02-09 12:40:29.855361,completed
14233,838,2,2026-01-01 19:06:26.916023,pending
14234,1666,8,2026-01-03 04:53:22.436126,pending
14235,357,7,2026-02-16 11:18:51.613406,pending
14236,2065,1,2026-02-11 18:24:27.145798,cancelled
14237,4263,7,2026-03-27 11:51:29.651956,cancelled
14238,1402,7,2026-02-11 15:06:13.793235,pending
14239,4840,8,2026-02-07 17:13:01.866775,pending
14240,1563,8,2026-01-18 19:10:45.677905,completed
14241,323,8,2026-01-24 11:57:10.004770,completed
14242,1743,7,2026-01-18 05:52:58.711722,completed
14243,4820,4,2026-02-01 04:06:45.724767,pending
14244,4584,6,2026-01-24 02:21:17.872800,pending
14245,3538,8,2026-02-26 10:01:19.606889,completed
14246,3141,9,2026-01-03 17:55:48.798649,completed
14247,2596,5,2026-02-08 23:11:13.421144,pending
14248,4219,9,2026-01-16 17:10:37.100345,pending
14249,647,6,2026-03-07 16:37:14.702249,completed
14250,3468,5,2026-01-29 08:33:58.418346,cancelled
14251,481,10,2026-04-04 04:42:37.945448,cancelled
14252,1185,5,2026-04-06 19:12:58.941818,cancelled
14253,2366,8,2026-03-04 15:53:39.065798,completed
14254,4915,2,2026-01-11 06:55:31.010958,completed
14255,3537,9,2026-01-07 11:16:30.117579,cancelled
14256,3929,2,2026-03-11 08:25:55.035514,pending
14257,2507,6,2026-02-16 00:52:51.689206,cancelled
14258,2824,3,2026-02-22 16:51:49.169599,cancelled
14259,2013,2,2026-04-03 09:08:31.855975,pending
14260,3911,5,2026-01-17 16:10:45.942953,cancelled
14261,4076,9,2026-03-16 20:54:25.642913,pending
14262,4901,3,2026-01-03 09:24:22.603755,pending
14263,475,3,2026-03-18 11:14:53.632326,pending
14264,2028,4,2026-04-02 11:14:07.199174,cancelled
14265,3532,1,2026-02-09 16:11:26.897058,completed
14266,1308,1,2026-04-02 08:19:15.717579,cancelled
14267,4963,1,2026-03-11 17:20:23.462101,pending
14268,4655,1,2026-02-04 14:49:08.500470,cancelled
14269,4386,10,2026-03-13 15:34:35.068994,completed
14270,4649,4,2026-01-11 05:09:06.413157,pending
14271,2930,4,2026-01-03 10:13:03.092319,pending
14272,2335,1,2026-03-30 09:03:56.802682,cancelled
14273,3651,10,2026-02-04 01:42:18.835285,cancelled
14274,1915,9,2026-02-22 23:05:08.892155,cancelled
14275,1266,8,2026-04-01 22:09:28.234019,cancelled
14276,102,5,2026-03-07 17:20:56.003574,completed
14277,1674,2,2026-02-28 14:49:57.796162,completed
14278,1964,1,2026-01-19 21:14:52.349492,cancelled
14279,2407,10,2026-01-31 10:57:44.071871,completed
14280,4968,7,2026-02-19 01:05:01.387502,cancelled
14281,3419,9,2026-03-26 02:55:12.220108,cancelled
14282,1257,9,2026-02-08 23:22:05.232892,cancelled
14283,4933,4,2026-01-07 07:37:34.947983,pending
14284,1563,8,2026-04-06 13:59:11.296975,pending
14285,2739,3,2026-02-12 14:21:08.389223,cancelled
14286,137,10,2026-03-16 15:28:01.030693,pending
14287,4010,10,2026-01-11 20:17:03.981576,completed
14288,3125,9,2026-04-01 00:22:29.621211,completed
14289,4055,8,2026-01-11 22:32:50.499067,pending
14290,2837,7,2026-02-07 08:10:23.885585,pending
14291,3430,2,2026-04-05 03:00:39.152939,completed
14292,2566,9,2026-01-23 15:50:18.479313,completed
14293,2196,2,2026-02-24 04:51:50.376871,cancelled
14294,4590,1,2026-04-03 19:49:11.998353,pending
14295,286,9,2026-03-09 13:48:42.936095,completed
14296,46,1,2026-02-04 08:46:21.905626,cancelled
14297,4048,4,2026-02-04 07:30:47.747622,cancelled
14298,4421,5,2026-03-21 05:42:43.424719,cancelled
14299,1547,5,2026-01-22 08:34:57.718144,pending
14300,4772,9,2026-01-09 20:33:18.439574,completed
14301,822,2,2026-03-03 13:36:19.862032,cancelled
14302,4409,6,2026-01-26 09:10:06.470678,cancelled
14303,649,4,2026-02-27 17:57:07.220059,cancelled
14304,2178,10,2026-01-08 02:33:08.715799,completed
14305,1460,4,2026-02-01 03:52:43.591758,completed
14306,2336,6,2026-04-04 00:02:28.916577,completed
14307,1533,8,2026-01-13 23:51:19.056665,cancelled
14308,4612,5,2026-02-13 23:08:58.512423,cancelled
14309,803,5,2026-02-12 15:09:41.875944,cancelled
14310,189,3,2026-02-15 07:42:18.734989,cancelled
14311,2049,4,2026-03-18 14:41:51.169507,cancelled
14312,4522,6,2026-01-24 13:32:45.058733,pending
14313,3855,6,2026-02-19 12:29:06.718159,cancelled
14314,4919,4,2026-03-05 00:38:13.832548,cancelled
14315,223,5,2026-03-11 12:25:07.580694,pending
14316,3328,1,2026-04-05 19:38:49.345691,pending
14317,2370,6,2026-01-09 09:04:42.555635,completed
14318,1494,6,2026-03-17 19:42:10.092624,pending
14319,658,1,2026-04-03 06:11:17.928906,pending
14320,960,8,2026-01-01 14:50:22.032443,cancelled
14321,1564,2,2026-02-26 23:35:33.577906,completed
14322,1846,7,2026-01-02 18:39:33.909944,cancelled
14323,4761,10,2026-02-20 16:38:57.056832,pending
14324,2075,3,2026-01-22 19:54:42.264196,completed
14325,364,10,2026-01-21 13:24:51.178046,pending
14326,2267,6,2026-03-29 13:40:26.319553,pending
14327,1033,7,2026-02-26 08:47:20.332293,cancelled
14328,3333,8,2026-03-17 21:50:24.081824,completed
14329,511,9,2026-01-28 00:01:06.126339,completed
14330,1555,5,2026-03-04 06:49:31.185439,pending
14331,2401,6,2026-01-20 05:42:45.852986,cancelled
14332,2818,3,2026-03-28 16:06:24.976662,cancelled
14333,3622,6,2026-03-28 01:20:24.602067,pending
14334,1472,6,2026-03-17 05:07:40.998419,pending
14335,3143,4,2026-03-16 08:49:55.199107,completed
14336,2914,8,2026-02-02 02:47:11.151809,pending
14337,3630,4,2026-02-19 14:15:27.598322,completed
14338,1198,1,2026-02-01 14:52:55.595656,cancelled
14339,1391,2,2026-03-16 04:55:51.053771,completed
14340,2321,1,2026-03-20 03:17:27.501297,completed
14341,1730,7,2026-02-03 15:54:27.522757,pending
14342,1647,9,2026-03-31 23:25:14.226745,pending
14343,2003,10,2026-01-20 08:09:17.966427,pending
14344,4977,5,2026-01-19 21:18:15.718672,completed
14345,462,6,2026-03-31 04:18:12.243621,cancelled
14346,2432,9,2026-01-20 20:39:30.802887,pending
14347,1491,3,2026-02-08 22:29:42.501781,pending
14348,3590,9,2026-02-03 22:28:33.091413,cancelled
14349,1606,5,2026-02-26 12:34:39.213998,completed
14350,3261,5,2026-01-10 21:55:51.140912,cancelled
14351,1678,8,2026-04-04 11:54:43.533868,pending
14352,2917,3,2026-03-02 02:52:45.941329,pending
14353,2296,2,2026-03-21 01:17:04.429539,pending
14354,3701,6,2026-01-30 06:18:05.097038,cancelled
14355,1739,3,2026-03-29 05:14:44.814116,completed
14356,1226,2,2026-02-03 02:13:42.560270,cancelled
14357,1241,5,2026-02-28 14:36:14.652279,cancelled
14358,2364,1,2026-01-22 21:39:37.703898,cancelled
14359,1858,3,2026-02-01 06:25:05.813776,completed
14360,2295,2,2026-03-24 00:54:30.362921,cancelled
14361,2117,2,2026-03-25 07:32:34.314055,cancelled
14362,4353,7,2026-03-01 14:49:31.894210,completed
14363,3674,8,2026-03-13 06:02:18.031876,pending
14364,2975,2,2026-02-10 09:48:22.715750,cancelled
14365,4339,6,2026-02-25 16:41:03.360964,pending
14366,4980,1,2026-02-11 08:44:14.593942,completed
14367,3999,8,2026-01-12 09:58:07.251987,completed
14368,3015,6,2026-04-04 12:37:46.978842,pending
14369,1913,4,2026-01-29 20:53:26.306805,pending
14370,3542,7,2026-03-12 22:57:44.486391,pending
14371,4104,3,2026-03-01 02:32:18.504526,cancelled
14372,1088,8,2026-01-30 11:44:50.425428,completed
14373,103,9,2026-04-01 01:37:53.026280,cancelled
14374,1670,3,2026-01-09 06:01:29.433455,completed
14375,747,7,2026-03-21 09:42:38.602921,cancelled
14376,3125,4,2026-02-04 15:53:31.313393,completed
14377,1311,10,2026-02-22 05:22:57.353691,completed
14378,4811,6,2026-03-20 00:59:45.741159,cancelled
14379,3979,9,2026-03-06 21:04:49.056437,cancelled
14380,3932,8,2026-02-19 06:00:46.150143,cancelled
14381,4521,10,2026-01-11 21:17:13.749202,completed
14382,1261,6,2026-02-23 15:23:52.223532,pending
14383,1944,8,2026-01-16 17:28:30.015973,pending
14384,545,2,2026-03-18 00:22:21.538383,completed
14385,4056,8,2026-01-19 18:43:22.280304,completed
14386,3727,5,2026-03-29 02:56:13.806788,pending
14387,740,2,2026-03-01 12:05:01.747579,completed
14388,886,4,2026-01-31 05:27:02.535923,completed
14389,2805,8,2026-03-12 02:48:47.746666,pending
14390,3391,7,2026-03-25 13:43:04.294369,completed
14391,4979,3,2026-02-06 22:33:45.774981,completed
14392,1903,1,2026-01-29 00:54:30.800562,cancelled
14393,4804,7,2026-02-10 11:08:47.885971,cancelled
14394,2612,2,2026-01-09 10:21:28.950199,pending
14395,3179,3,2026-01-28 20:16:56.050315,completed
14396,205,2,2026-01-23 03:45:50.241184,pending
14397,4564,9,2026-03-15 00:41:41.981922,completed
14398,3374,5,2026-02-06 01:56:59.723474,pending
14399,4189,8,2026-01-20 22:31:51.067919,pending
14400,1977,9,2026-01-09 00:44:47.424764,cancelled
14401,791,8,2026-03-14 21:44:31.069016,cancelled
14402,817,5,2026-03-09 23:21:28.923265,pending
14403,3422,5,2026-02-20 22:11:27.644419,pending
14404,4325,1,2026-02-06 19:15:32.052612,cancelled
14405,4190,4,2026-01-31 04:08:48.424619,cancelled
14406,4093,5,2026-03-29 16:05:26.373495,cancelled
14407,4010,1,2026-02-01 18:54:55.017560,completed
14408,3231,4,2026-03-04 04:21:51.823691,cancelled
14409,4363,1,2026-01-21 03:42:08.161846,completed
14410,1631,6,2026-02-13 17:39:34.668025,pending
14411,3546,8,2026-01-26 15:22:36.631262,completed
14412,614,8,2026-02-08 23:27:25.243544,cancelled
14413,313,6,2026-04-01 19:57:39.330705,pending
14414,1761,3,2026-01-08 04:48:49.426378,completed
14415,4039,8,2026-01-29 23:53:44.007569,cancelled
14416,3463,4,2026-02-28 03:58:26.554528,completed
14417,3083,2,2026-03-05 11:26:30.672213,cancelled
14418,1248,7,2026-03-18 21:51:28.847792,completed
14419,2670,6,2026-01-26 20:29:49.587660,cancelled
14420,1343,1,2026-02-05 03:57:56.011820,pending
14421,3187,8,2026-01-19 01:12:59.750300,pending
14422,4704,3,2026-03-08 04:39:17.417903,pending
14423,3968,5,2026-03-16 20:16:56.254754,completed
14424,3992,8,2026-03-30 01:52:24.922080,pending
14425,4711,2,2026-01-13 11:13:31.283082,pending
14426,4868,5,2026-01-30 19:38:06.183920,completed
14427,4393,1,2026-03-22 01:25:27.405062,pending
14428,574,1,2026-02-12 18:11:51.052779,completed
14429,45,4,2026-01-21 07:39:58.370255,cancelled
14430,2020,10,2026-03-05 05:50:58.871983,completed
14431,1781,10,2026-02-14 20:16:35.506983,pending
14432,975,9,2026-03-02 02:53:31.531349,pending
14433,1813,5,2026-02-05 13:54:22.401457,cancelled
14434,515,1,2026-01-20 21:19:23.935281,completed
14435,3586,3,2026-03-31 14:57:55.181809,cancelled
14436,2567,2,2026-01-12 16:47:05.311649,cancelled
14437,2772,6,2026-02-27 03:41:23.765824,completed
14438,3714,2,2026-03-19 08:40:21.783046,completed
14439,1748,7,2026-01-04 08:44:16.422235,completed
14440,738,3,2026-03-11 23:07:02.276431,cancelled
14441,4208,8,2026-02-25 18:35:06.607227,completed
14442,4785,2,2026-01-19 02:36:51.154608,completed
14443,732,4,2026-03-31 10:55:44.415874,completed
14444,3992,1,2026-01-12 08:09:12.367462,pending
14445,1806,5,2026-02-15 20:57:19.459096,completed
14446,4113,6,2026-03-26 08:10:38.557753,pending
14447,2675,4,2026-02-16 01:14:13.867810,cancelled
14448,2231,1,2026-01-09 19:45:59.008321,cancelled
14449,795,4,2026-04-04 16:14:49.849292,pending
14450,1613,4,2026-03-20 05:31:00.654988,cancelled
14451,1267,8,2026-01-13 18:32:20.237066,cancelled
14452,20,9,2026-01-16 18:08:53.393638,pending
14453,2692,1,2026-01-16 08:51:39.189341,cancelled
14454,434,10,2026-03-10 09:22:15.593146,completed
14455,1968,5,2026-01-12 17:20:33.387015,cancelled
14456,1699,9,2026-01-24 14:24:41.934185,cancelled
14457,575,1,2026-03-02 17:09:41.683327,cancelled
14458,2962,5,2026-02-15 12:41:32.141059,cancelled
14459,3007,1,2026-02-09 03:40:07.297686,completed
14460,454,8,2026-03-06 14:05:18.226336,completed
14461,1514,5,2026-01-29 00:30:23.635603,pending
14462,3849,8,2026-02-05 19:20:40.741461,pending
14463,3749,8,2026-03-04 06:41:13.412003,pending
14464,3839,6,2026-02-26 19:22:12.475245,completed
14465,3355,4,2026-01-30 07:51:50.266292,cancelled
14466,1350,9,2026-01-01 05:45:46.190796,pending
14467,4192,6,2026-01-25 06:19:23.440584,cancelled
14468,118,4,2026-01-30 03:58:56.424881,pending
14469,3837,4,2026-02-08 18:35:16.549661,pending
14470,4630,10,2026-04-03 20:01:08.390848,completed
14471,4746,9,2026-04-04 06:38:11.474624,completed
14472,416,8,2026-02-09 06:22:34.686582,completed
14473,4006,5,2026-02-27 09:54:06.599447,cancelled
14474,3780,3,2026-01-11 15:57:47.780852,completed
14475,1659,2,2026-03-31 23:08:21.338449,cancelled
14476,2316,8,2026-03-26 22:56:29.300088,pending
14477,2946,7,2026-01-08 20:53:56.770362,pending
14478,3862,7,2026-01-03 15:10:43.749173,pending
14479,1794,7,2026-03-19 14:55:33.202960,pending
14480,42,8,2026-03-08 23:20:58.460254,pending
14481,294,3,2026-03-24 16:35:57.338236,cancelled
14482,226,1,2026-02-05 21:45:43.317750,completed
14483,1290,5,2026-04-07 03:52:46.771544,completed
14484,862,6,2026-02-08 05:33:26.679143,cancelled
14485,3685,6,2026-02-03 22:06:01.240725,completed
14486,1090,6,2026-01-21 19:07:05.369557,pending
14487,2593,8,2026-03-27 16:41:08.925567,cancelled
14488,138,10,2026-04-02 00:59:41.193892,cancelled
14489,3724,2,2026-01-04 08:53:30.198773,completed
14490,1396,3,2026-01-04 19:16:14.501400,cancelled
14491,3307,3,2026-01-24 03:09:19.877644,pending
14492,3496,5,2026-03-06 18:43:53.912745,pending
14493,2958,9,2026-03-29 20:56:41.673641,pending
14494,4164,2,2026-03-25 17:47:13.774816,pending
14495,2996,3,2026-02-01 12:09:30.476555,pending
14496,3856,4,2026-03-25 14:50:32.110819,completed
14497,326,3,2026-02-22 16:25:53.445005,cancelled
14498,1825,6,2026-02-21 18:36:56.413552,completed
14499,300,9,2026-02-15 15:37:41.332085,pending
14500,2326,5,2026-01-25 01:06:09.758980,cancelled
14501,2877,8,2026-03-15 20:00:32.897482,completed
14502,1213,5,2026-03-10 16:50:16.302429,completed
14503,2172,10,2026-01-05 16:04:01.911540,completed
14504,3617,3,2026-04-04 16:37:27.422929,cancelled
14505,4608,10,2026-03-17 11:53:54.191080,completed
14506,3565,6,2026-01-01 07:36:50.565146,pending
14507,1642,3,2026-02-06 19:39:16.876857,completed
14508,779,9,2026-02-28 22:46:04.202369,cancelled
14509,784,7,2026-03-18 01:48:22.004586,pending
14510,4419,10,2026-03-16 01:06:43.594927,completed
14511,4151,10,2026-02-05 17:58:38.856866,cancelled
14512,4101,9,2026-04-03 15:24:52.412262,pending
14513,3364,10,2026-02-03 07:41:22.628942,completed
14514,3047,10,2026-04-01 02:51:16.781757,completed
14515,4546,5,2026-03-05 22:42:34.774256,cancelled
14516,551,3,2026-01-15 22:59:15.402086,pending
14517,4689,1,2026-02-21 17:06:06.006442,cancelled
14518,2082,3,2026-03-06 11:06:03.292311,cancelled
14519,4841,1,2026-02-13 03:32:47.411455,cancelled
14520,2630,6,2026-01-16 00:23:42.183281,completed
14521,3762,9,2026-04-02 13:09:04.753150,completed
14522,2461,7,2026-02-15 17:34:25.094614,pending
14523,4529,5,2026-03-31 13:56:38.606082,cancelled
14524,2545,2,2026-04-06 08:50:51.146445,cancelled
14525,4564,8,2026-02-16 09:14:39.912158,pending
14526,3190,9,2026-03-16 18:33:26.058839,cancelled
14527,3216,3,2026-02-19 18:28:56.693566,cancelled
14528,4490,9,2026-01-25 21:56:01.085047,cancelled
14529,4839,7,2026-01-03 18:56:11.069958,pending
14530,3208,8,2026-02-28 10:16:54.397631,pending
14531,4889,1,2026-01-20 10:21:07.841756,completed
14532,1423,9,2026-02-19 19:11:14.451823,cancelled
14533,113,7,2026-01-29 00:26:42.140184,pending
14534,4579,4,2026-02-27 00:32:24.448625,completed
14535,5,4,2026-02-08 05:23:02.634877,pending
14536,1491,7,2026-02-03 06:16:49.170172,pending
14537,2729,2,2026-03-18 04:12:26.452887,cancelled
14538,874,6,2026-01-26 05:58:10.771808,completed
14539,1892,5,2026-02-27 13:49:14.908986,pending
14540,2970,6,2026-01-30 22:34:25.471575,pending
14541,654,7,2026-01-11 23:46:45.817242,cancelled
14542,4273,4,2026-02-24 01:55:39.036528,pending
14543,2560,1,2026-03-08 06:21:36.663901,cancelled
14544,2170,2,2026-01-06 23:01:11.254124,cancelled
14545,1214,1,2026-01-29 21:48:33.127596,cancelled
14546,311,1,2026-04-07 14:33:38.877054,cancelled
14547,2062,6,2026-02-05 11:18:10.316227,completed
14548,2618,2,2026-03-24 11:14:25.157748,completed
14549,3131,9,2026-01-28 14:29:27.510572,cancelled
14550,267,2,2026-03-17 18:00:21.514551,completed
14551,313,4,2026-03-31 06:49:57.168479,pending
14552,511,9,2026-01-31 01:11:52.935199,cancelled
14553,1395,5,2026-03-23 13:20:51.598836,pending
14554,2477,4,2026-04-02 12:32:58.009892,completed
14555,4429,2,2026-02-19 00:51:32.269706,cancelled
14556,1947,2,2026-01-21 16:41:44.069867,cancelled
14557,3885,10,2026-02-17 22:28:58.784435,cancelled
14558,840,5,2026-01-19 17:52:41.990697,cancelled
14559,1536,1,2026-01-28 12:08:11.053453,cancelled
14560,4202,5,2026-01-16 11:01:00.564613,pending
14561,3111,9,2026-04-06 06:02:21.825291,completed
14562,2084,8,2026-03-19 23:59:53.238922,cancelled
14563,1469,8,2026-01-28 17:12:30.560312,completed
14564,4294,1,2026-03-02 21:54:40.697376,pending
14565,3952,9,2026-02-10 06:37:16.554371,pending
14566,1498,1,2026-03-20 13:19:34.564900,cancelled
14567,1095,9,2026-02-20 10:56:01.930635,pending
14568,2314,8,2026-02-04 19:52:21.032001,pending
14569,2847,10,2026-04-04 16:48:38.041484,cancelled
14570,2349,2,2026-01-15 02:40:12.823537,pending
14571,3976,8,2026-02-06 21:36:25.281370,pending
14572,446,2,2026-03-29 11:23:21.016513,pending
14573,1337,5,2026-01-03 13:25:09.002181,cancelled
14574,2007,10,2026-02-07 02:48:39.444658,cancelled
14575,812,4,2026-01-01 13:20:57.082527,completed
14576,1060,9,2026-03-24 11:03:06.764686,pending
14577,1528,2,2026-03-07 17:48:06.288791,pending
14578,2574,4,2026-01-11 04:09:48.466467,cancelled
14579,1911,5,2026-03-12 04:01:35.472323,pending
14580,4527,2,2026-01-23 06:43:23.716486,pending
14581,1321,4,2026-01-21 13:24:03.817842,cancelled
14582,4403,4,2026-01-04 01:23:36.133446,pending
14583,80,1,2026-03-17 18:45:26.083605,cancelled
14584,1981,4,2026-03-31 08:48:26.294987,pending
14585,2036,1,2026-01-30 21:13:56.956380,pending
14586,220,9,2026-03-30 05:41:59.750247,cancelled
14587,2409,8,2026-02-21 08:14:25.335450,pending
14588,377,7,2026-02-24 14:15:22.214907,pending
14589,2925,8,2026-03-06 13:02:57.238623,cancelled
14590,2531,5,2026-02-24 11:14:38.297948,completed
14591,309,4,2026-03-12 23:48:21.799095,completed
14592,2116,10,2026-02-17 04:40:53.395746,cancelled
14593,910,7,2026-01-05 18:53:32.606616,cancelled
14594,168,7,2026-03-26 00:34:47.343467,completed
14595,1709,8,2026-01-18 04:37:46.273060,pending
14596,2925,1,2026-01-05 00:27:04.732436,completed
14597,709,9,2026-03-04 21:11:44.203164,cancelled
14598,2797,1,2026-02-03 02:49:30.531809,completed
14599,3006,2,2026-03-07 05:03:05.399215,pending
14600,4147,8,2026-03-09 17:54:36.433398,completed
14601,4030,10,2026-01-13 17:41:49.765961,pending
14602,1899,4,2026-01-01 14:10:27.973924,completed
14603,2068,2,2026-01-15 12:12:18.058248,completed
14604,3426,8,2026-01-28 21:21:20.607641,pending
14605,707,3,2026-02-21 21:02:12.814806,completed
14606,1528,10,2026-03-07 18:19:00.951802,cancelled
14607,3865,7,2026-02-14 07:44:35.368986,pending
14608,841,10,2026-02-07 03:31:14.520179,completed
14609,4582,10,2026-04-03 14:07:04.134964,cancelled
14610,661,4,2026-02-25 16:33:12.818308,pending
14611,1892,8,2026-02-24 01:29:00.487787,pending
14612,3380,4,2026-02-14 01:32:12.944474,cancelled
14613,4168,3,2026-03-07 06:57:48.649107,pending
14614,1653,8,2026-03-06 18:14:38.664672,completed
14615,1650,2,2026-03-02 08:12:00.316849,pending
14616,426,9,2026-04-04 04:00:19.050683,cancelled
14617,815,9,2026-03-11 08:17:42.956864,completed
14618,4599,10,2026-01-21 17:08:33.294209,completed
14619,3814,10,2026-01-19 20:56:35.020357,pending
14620,3977,5,2026-03-02 00:14:37.391447,cancelled
14621,2241,2,2026-01-03 21:42:34.678993,completed
14622,4150,6,2026-01-05 23:56:56.588437,cancelled
14623,2124,10,2026-01-16 07:09:25.653646,pending
14624,1581,9,2026-01-10 01:52:22.559256,pending
14625,3688,3,2026-01-12 07:55:29.128875,completed
14626,3106,4,2026-01-31 21:27:01.027726,completed
14627,4513,5,2026-03-02 03:26:43.211889,cancelled
14628,2150,8,2026-03-07 10:45:04.169372,cancelled
14629,3048,5,2026-03-01 14:37:13.439450,cancelled
14630,3562,7,2026-02-06 03:16:00.221927,pending
14631,640,4,2026-01-24 06:29:44.096680,cancelled
14632,3908,5,2026-01-31 17:23:50.726818,completed
14633,19,7,2026-02-15 12:37:55.604141,cancelled
14634,4756,2,2026-03-15 09:35:14.962090,pending
14635,2632,3,2026-02-06 12:33:13.443229,cancelled
14636,2160,5,2026-02-04 22:30:12.839191,completed
14637,3302,10,2026-04-06 04:12:40.738616,cancelled
14638,3563,2,2026-01-29 09:31:47.744091,completed
14639,4468,8,2026-01-16 08:45:21.085551,completed
14640,1180,7,2026-02-23 04:47:32.911081,cancelled
14641,1244,3,2026-02-03 19:37:30.974240,cancelled
14642,56,9,2026-02-23 12:59:02.083624,cancelled
14643,4463,4,2026-03-27 08:25:03.313072,completed
14644,3338,10,2026-01-29 20:53:59.490222,cancelled
14645,554,9,2026-03-11 07:58:22.335225,completed
14646,1058,10,2026-01-20 00:19:35.447221,cancelled
14647,4026,1,2026-04-03 15:07:12.991371,completed
14648,3164,3,2026-02-17 02:26:24.220095,pending
14649,1521,5,2026-02-03 07:20:34.960804,pending
14650,4396,5,2026-03-13 15:03:53.455958,cancelled
14651,495,9,2026-03-09 06:11:18.967564,pending
14652,655,9,2026-03-17 01:51:22.607451,pending
14653,2617,2,2026-03-24 13:17:32.663155,pending
14654,2716,6,2026-02-19 20:42:52.183736,completed
14655,3330,9,2026-01-10 17:30:04.599655,pending
14656,1011,1,2026-03-11 02:02:57.709194,cancelled
14657,2424,2,2026-02-24 19:46:47.141097,completed
14658,3179,4,2026-01-04 16:20:54.897526,cancelled
14659,381,1,2026-03-04 10:02:42.679585,cancelled
14660,4588,4,2026-01-29 23:23:59.997575,completed
14661,4782,9,2026-02-14 06:47:40.800657,pending
14662,2106,8,2026-02-03 14:13:59.363388,completed
14663,1229,3,2026-02-10 19:33:53.253486,pending
14664,3136,5,2026-01-15 20:52:05.777285,pending
14665,2917,3,2026-04-06 16:54:27.647766,completed
14666,2219,10,2026-03-27 18:19:22.049186,cancelled
14667,4478,4,2026-01-24 11:50:43.642014,pending
14668,2836,8,2026-03-30 10:31:25.516936,completed
14669,4136,2,2026-01-24 12:33:23.240162,cancelled
14670,2539,8,2026-01-16 07:33:16.535947,cancelled
14671,80,8,2026-01-03 04:03:07.320216,cancelled
14672,1264,10,2026-01-22 11:09:05.954930,cancelled
14673,2444,7,2026-03-07 21:36:59.611640,pending
14674,2994,4,2026-03-13 05:42:38.983606,pending
14675,3794,7,2026-01-12 13:29:47.583602,cancelled
14676,487,10,2026-01-02 03:21:57.387275,completed
14677,609,6,2026-02-11 01:51:14.494341,cancelled
14678,1226,3,2026-02-18 01:32:30.531474,pending
14679,3780,8,2026-02-26 14:23:03.327950,cancelled
14680,200,4,2026-02-17 08:27:44.311783,pending
14681,2803,3,2026-01-16 07:21:34.612698,completed
14682,4038,3,2026-02-13 23:49:20.171401,cancelled
14683,2774,1,2026-02-27 10:02:23.066002,pending
14684,883,7,2026-03-08 22:23:07.888955,pending
14685,1324,7,2026-01-11 02:38:36.853462,completed
14686,4829,6,2026-03-11 14:52:03.392801,pending
14687,4824,3,2026-04-06 15:49:02.342799,cancelled
14688,1108,2,2026-01-15 06:59:25.878752,completed
14689,2026,5,2026-01-23 16:22:10.661057,cancelled
14690,208,2,2026-03-21 20:27:05.340084,completed
14691,2960,2,2026-02-07 10:44:41.479550,pending
14692,328,6,2026-02-07 23:51:56.916996,cancelled
14693,767,6,2026-03-23 20:43:13.151929,pending
14694,956,5,2026-03-01 22:13:19.825525,pending
14695,1607,9,2026-03-04 13:46:37.365373,completed
14696,1432,7,2026-02-11 00:51:59.445400,completed
14697,3667,5,2026-03-01 10:01:55.109980,pending
14698,658,7,2026-01-03 15:00:30.351822,cancelled
14699,511,7,2026-02-06 05:56:26.507030,cancelled
14700,2204,9,2026-04-02 15:41:27.143770,pending
14701,2169,4,2026-02-25 21:41:56.655811,completed
14702,2277,4,2026-01-04 10:17:44.221454,pending
14703,53,8,2026-03-12 02:03:04.026048,cancelled
14704,2932,1,2026-01-05 05:59:04.018289,completed
14705,4999,4,2026-02-26 08:45:50.233073,pending
14706,2204,5,2026-02-05 16:59:54.563057,cancelled
14707,2119,3,2026-03-19 17:44:58.824259,completed
14708,1964,1,2026-01-14 14:18:59.731043,completed
14709,430,9,2026-01-28 17:25:13.781433,pending
14710,2002,3,2026-02-09 13:47:00.580149,pending
14711,3772,8,2026-03-09 20:24:37.151181,completed
14712,1070,4,2026-02-05 00:07:59.798381,pending
14713,4302,1,2026-02-27 08:44:29.552619,completed
14714,2172,8,2026-01-21 03:37:38.412238,pending
14715,198,4,2026-03-16 17:17:02.852507,cancelled
14716,4467,3,2026-02-09 07:12:16.199956,cancelled
14717,1060,9,2026-02-24 17:43:34.060342,pending
14718,2645,10,2026-03-22 11:39:08.317381,completed
14719,1342,5,2026-03-01 08:12:15.183959,cancelled
14720,4243,2,2026-03-13 14:47:58.965636,cancelled
14721,1685,3,2026-03-25 11:52:42.970506,completed
14722,1896,3,2026-02-11 18:46:02.280732,pending
14723,4717,1,2026-03-11 17:58:58.830011,completed
14724,2021,7,2026-03-06 16:37:23.822275,completed
14725,1685,10,2026-01-11 13:45:58.834556,completed
14726,18,5,2026-02-14 02:41:26.437127,completed
14727,4705,4,2026-02-19 15:04:05.765843,cancelled
14728,3291,5,2026-02-11 04:19:35.293757,completed
14729,1803,1,2026-03-15 16:07:15.797059,cancelled
14730,1765,4,2026-03-18 21:48:11.513354,completed
14731,936,10,2026-01-07 11:21:07.183985,cancelled
14732,4664,9,2026-03-20 00:48:57.867480,pending
14733,1851,3,2026-03-09 13:32:08.357127,pending
14734,642,8,2026-04-04 22:09:55.788922,completed
14735,1236,6,2026-01-05 10:11:26.882786,pending
14736,4519,7,2026-01-11 18:12:57.273972,completed
14737,2613,7,2026-01-17 03:43:46.741722,cancelled
14738,589,2,2026-02-22 09:36:24.098156,pending
14739,3802,5,2026-03-01 09:33:08.974480,completed
14740,2569,9,2026-02-24 21:20:39.063962,pending
14741,4000,10,2026-01-10 15:15:50.944626,cancelled
14742,146,1,2026-01-05 00:00:44.042443,completed
14743,1174,3,2026-01-04 04:48:27.737933,completed
14744,3405,10,2026-03-19 13:04:29.655642,pending
14745,2715,2,2026-03-02 21:03:23.010738,pending
14746,898,6,2026-03-12 06:24:34.755013,cancelled
14747,928,4,2026-01-04 21:03:01.424079,pending
14748,4692,2,2026-04-04 12:38:12.652680,cancelled
14749,1315,9,2026-01-01 06:40:46.951925,pending
14750,2727,10,2026-03-28 03:49:54.018700,completed
14751,4203,9,2026-02-08 11:18:39.216345,completed
14752,390,3,2026-01-25 01:35:26.833543,pending
14753,4882,2,2026-02-05 22:33:42.366550,pending
14754,1065,4,2026-01-08 10:26:19.170294,cancelled
14755,3390,6,2026-01-06 08:02:18.697918,cancelled
14756,285,1,2026-03-16 11:12:50.942232,completed
14757,218,7,2026-01-12 08:36:51.616956,pending
14758,546,3,2026-01-19 16:33:14.374349,pending
14759,2375,4,2026-01-01 15:58:34.791959,completed
14760,1737,8,2026-01-19 17:14:25.177658,cancelled
14761,3846,6,2026-04-03 12:17:11.360470,pending
14762,3130,10,2026-01-15 21:25:20.486526,cancelled
14763,3159,4,2026-02-16 19:26:07.311050,completed
14764,3299,1,2026-02-10 23:44:54.351317,completed
14765,1185,8,2026-01-11 12:42:21.201709,completed
14766,2023,4,2026-01-02 08:59:30.855880,pending
14767,191,7,2026-01-04 19:00:52.780270,cancelled
14768,3740,8,2026-03-08 23:52:19.920536,cancelled
14769,2698,10,2026-02-16 02:08:10.814995,cancelled
14770,1559,6,2026-01-13 01:56:46.023531,completed
14771,4044,8,2026-03-30 13:11:28.699893,completed
14772,183,4,2026-01-22 12:38:21.079089,pending
14773,1120,2,2026-03-11 23:57:58.804384,pending
14774,3343,6,2026-03-19 15:49:29.701338,completed
14775,4515,3,2026-02-02 18:40:33.204088,pending
14776,2422,1,2026-02-13 03:52:56.843011,pending
14777,1461,10,2026-03-14 05:09:52.121139,cancelled
14778,1808,6,2026-03-24 19:37:38.822137,pending
14779,3708,7,2026-01-13 15:25:08.491291,cancelled
14780,4943,5,2026-02-25 16:00:52.495760,pending
14781,1790,4,2026-02-21 07:37:46.703653,pending
14782,391,10,2026-03-31 02:29:16.090458,cancelled
14783,2810,7,2026-02-12 04:13:14.094235,completed
14784,4594,6,2026-01-07 20:54:32.117663,completed
14785,161,8,2026-03-01 10:17:56.738469,completed
14786,4152,7,2026-03-13 18:21:07.059638,completed
14787,1528,8,2026-01-19 03:03:05.064070,cancelled
14788,4424,3,2026-01-20 11:06:15.147877,pending
14789,4815,6,2026-02-25 16:17:47.204248,cancelled
14790,1783,1,2026-03-11 01:25:01.993867,cancelled
14791,3165,4,2026-02-21 13:28:34.645930,cancelled
14792,2908,7,2026-02-07 19:51:58.062249,completed
14793,3769,2,2026-03-22 18:32:01.663120,pending
14794,1179,1,2026-03-20 11:48:43.586840,cancelled
14795,1623,7,2026-02-13 08:51:38.845843,cancelled
14796,1279,6,2026-01-27 15:05:19.383871,pending
14797,137,9,2026-02-19 08:45:32.432274,completed
14798,4606,8,2026-03-28 21:07:52.035570,pending
14799,3257,8,2026-01-19 11:47:19.505483,completed
14800,2918,3,2026-03-07 19:58:48.760752,pending
14801,2300,4,2026-03-06 04:41:42.454278,pending
14802,2120,8,2026-01-13 15:17:32.801163,completed
14803,374,9,2026-03-16 17:02:20.975812,pending
14804,1666,7,2026-04-01 02:10:19.503706,completed
14805,4133,8,2026-03-24 15:31:22.944641,pending
14806,2446,3,2026-03-06 17:48:47.535312,completed
14807,1800,2,2026-01-14 15:06:14.822547,cancelled
14808,2624,10,2026-01-26 23:22:39.157121,completed
14809,4249,6,2026-01-24 08:28:50.486102,cancelled
14810,1535,1,2026-03-17 15:42:54.939703,pending
14811,3174,4,2026-01-23 19:20:04.539191,pending
14812,422,7,2026-02-20 12:02:12.716598,pending
14813,4646,2,2026-01-26 16:42:54.722910,pending
14814,1583,8,2026-02-25 12:10:21.134256,pending
14815,3926,6,2026-03-21 09:06:16.407515,cancelled
14816,2406,8,2026-02-08 13:53:22.979679,cancelled
14817,1023,2,2026-03-02 14:12:14.690246,pending
14818,1468,5,2026-02-14 10:57:12.973684,pending
14819,2833,10,2026-03-22 08:59:29.078192,completed
14820,80,5,2026-01-21 04:56:45.355388,completed
14821,3637,6,2026-03-08 16:42:16.949073,cancelled
14822,1913,7,2026-01-01 23:47:31.188884,cancelled
14823,2478,7,2026-02-06 08:28:56.263441,pending
14824,1821,10,2026-01-01 10:00:12.983057,pending
14825,4676,8,2026-01-22 09:34:51.534602,pending
14826,3042,2,2026-02-18 01:25:30.942010,completed
14827,630,7,2026-01-12 09:40:50.395982,cancelled
14828,1212,5,2026-03-16 09:54:58.329816,pending
14829,3075,2,2026-03-23 11:05:30.830250,cancelled
14830,4105,2,2026-01-23 23:43:03.428916,completed
14831,3217,4,2026-03-02 04:39:47.567896,completed
14832,4381,4,2026-01-20 12:53:28.619758,completed
14833,4258,6,2026-02-10 13:18:04.641590,completed
14834,1967,4,2026-01-03 00:41:13.153747,completed
14835,1401,1,2026-03-11 15:08:28.146581,completed
14836,3966,6,2026-04-01 12:39:42.569239,pending
14837,1355,2,2026-03-19 19:59:02.040145,completed
14838,2688,1,2026-01-02 23:10:36.316643,pending
14839,4599,8,2026-02-16 15:16:26.217178,completed
14840,3965,10,2026-02-27 15:39:52.736033,completed
14841,1824,2,2026-01-11 09:11:43.549466,cancelled
14842,3215,1,2026-02-09 21:36:30.824834,completed
14843,847,8,2026-01-08 04:53:13.383446,completed
14844,3444,10,2026-03-12 23:01:48.057175,pending
14845,91,7,2026-03-11 21:54:02.870075,cancelled
14846,4997,4,2026-03-13 16:20:13.586205,cancelled
14847,4212,10,2026-02-27 04:16:33.272410,cancelled
14848,1760,1,2026-01-21 07:03:16.004015,completed
14849,457,5,2026-03-25 05:10:41.840396,pending
14850,185,8,2026-03-20 03:29:14.268368,cancelled
14851,3571,5,2026-03-28 04:50:22.213889,completed
14852,2494,2,2026-01-22 19:08:39.682889,pending
14853,567,5,2026-01-15 08:56:49.557311,pending
14854,3586,9,2026-03-04 21:23:27.540247,pending
14855,3835,4,2026-01-17 09:52:17.468559,completed
14856,2628,8,2026-03-23 23:58:19.969809,pending
14857,4262,9,2026-02-15 02:45:46.817439,pending
14858,75,7,2026-02-25 05:10:09.250990,pending
14859,3619,5,2026-01-10 07:10:44.337542,pending
14860,155,10,2026-03-25 06:31:32.025772,cancelled
14861,4493,3,2026-01-25 04:10:25.138202,completed
14862,2268,2,2026-02-11 10:24:47.925308,cancelled
14863,1475,9,2026-03-25 22:07:29.013445,pending
14864,1366,8,2026-03-07 20:04:35.171268,completed
14865,2651,10,2026-02-15 12:16:26.176988,cancelled
14866,3690,3,2026-02-16 01:11:45.350217,pending
14867,2180,5,2026-03-01 10:33:27.977757,pending
14868,4098,8,2026-03-07 07:30:23.774731,completed
14869,754,5,2026-02-15 21:47:39.056402,cancelled
14870,4902,10,2026-02-24 11:44:35.223447,pending
14871,3335,9,2026-01-16 18:32:51.976035,completed
14872,4344,6,2026-01-14 02:00:59.399852,completed
14873,1156,6,2026-03-01 16:31:47.943702,cancelled
14874,288,8,2026-01-01 22:13:49.948704,completed
14875,1322,10,2026-04-06 09:03:22.598653,pending
14876,1526,8,2026-03-25 21:38:54.682981,pending
14877,1880,10,2026-02-08 19:10:12.767863,cancelled
14878,448,5,2026-01-13 09:26:26.609410,completed
14879,3224,5,2026-03-03 06:34:51.411196,cancelled
14880,86,1,2026-03-28 12:16:44.259016,completed
14881,3754,10,2026-02-02 11:47:06.468277,pending
14882,1160,5,2026-01-26 05:19:47.439944,completed
14883,1442,2,2026-01-15 09:12:49.127926,completed
14884,4278,9,2026-03-02 18:16:33.054733,pending
14885,1155,9,2026-03-27 16:50:26.468870,completed
14886,1603,3,2026-02-08 18:28:44.153544,cancelled
14887,442,10,2026-01-08 03:46:35.000646,pending
14888,55,7,2026-01-21 04:39:58.073514,completed
14889,1654,10,2026-02-16 14:45:29.472823,cancelled
14890,4749,9,2026-02-25 21:23:08.743167,cancelled
14891,417,4,2026-03-19 20:26:11.729471,pending
14892,1377,2,2026-03-02 09:05:15.106324,completed
14893,3758,1,2026-04-02 13:50:08.466567,cancelled
14894,308,4,2026-02-08 07:02:32.378717,completed
14895,432,8,2026-02-16 12:42:34.293375,cancelled
14896,2425,8,2026-02-07 13:50:09.370749,completed
14897,1757,4,2026-02-12 15:40:35.895236,cancelled
14898,1470,5,2026-03-06 23:56:39.202248,cancelled
14899,2944,7,2026-03-17 16:25:59.059555,pending
14900,645,5,2026-01-11 07:58:53.295434,pending
14901,2647,5,2026-02-09 06:41:51.889196,completed
14902,4102,8,2026-03-12 03:34:20.240609,pending
14903,2731,4,2026-01-06 13:11:01.396474,completed
14904,417,10,2026-02-16 05:26:55.808415,completed
14905,913,9,2026-01-24 01:32:37.722786,pending
14906,374,5,2026-01-11 05:13:31.104520,completed
14907,1956,10,2026-01-23 05:24:41.337820,cancelled
14908,221,4,2026-01-26 02:49:30.317458,pending
14909,1919,7,2026-01-01 15:45:00.107911,cancelled
14910,3367,2,2026-03-29 01:08:58.555603,pending
14911,29,4,2026-02-22 07:19:49.450497,pending
14912,3434,7,2026-01-30 10:22:49.570904,completed
14913,3426,4,2026-02-28 17:49:46.101386,cancelled
14914,3343,3,2026-03-15 12:37:34.893765,completed
14915,3208,10,2026-01-23 08:34:22.079436,cancelled
14916,1741,5,2026-03-18 18:30:38.030332,completed
14917,1929,3,2026-01-30 02:01:19.165873,pending
14918,3276,5,2026-01-07 09:43:08.801778,completed
14919,2517,8,2026-02-24 21:18:05.570306,cancelled
14920,1463,7,2026-02-07 08:05:50.156848,cancelled
14921,331,7,2026-03-21 06:17:05.365278,pending
14922,4551,8,2026-03-23 00:55:36.704727,completed
14923,1158,6,2026-02-08 22:21:09.450809,completed
14924,4801,2,2026-01-01 07:49:54.902295,cancelled
14925,4320,5,2026-02-03 22:55:25.630727,pending
14926,3226,8,2026-03-28 18:41:11.285910,pending
14927,2448,8,2026-03-08 08:55:21.238286,pending
14928,4579,5,2026-03-30 08:36:00.409051,cancelled
14929,4547,5,2026-03-25 14:44:14.400441,cancelled
14930,1134,4,2026-02-04 11:15:49.642040,completed
14931,4056,1,2026-01-12 04:23:02.527708,pending
14932,3033,4,2026-01-30 04:57:05.909917,cancelled
14933,111,8,2026-03-01 10:24:34.778471,pending
14934,4609,4,2026-02-08 15:05:44.666045,cancelled
14935,3138,1,2026-01-26 23:43:49.515996,pending
14936,4564,2,2026-02-12 13:31:38.803349,cancelled
14937,1926,4,2026-03-25 15:10:41.334633,pending
14938,2629,7,2026-03-20 12:16:48.661611,cancelled
14939,2286,4,2026-02-11 21:09:40.484444,cancelled
14940,468,7,2026-01-11 23:45:51.540608,cancelled
14941,4126,4,2026-03-19 01:13:48.907236,pending
14942,3674,5,2026-02-16 06:01:32.358592,cancelled
14943,4647,7,2026-04-04 08:40:24.528121,completed
14944,687,4,2026-02-25 19:31:03.078861,cancelled
14945,4143,2,2026-04-07 12:01:21.687438,completed
14946,4872,5,2026-02-06 00:56:27.560175,pending
14947,4421,8,2026-01-04 10:09:51.289152,completed
14948,2287,4,2026-02-08 09:59:36.110456,pending
14949,1025,4,2026-03-30 18:40:38.475650,cancelled
14950,2616,7,2026-03-03 06:28:29.723189,completed
14951,3836,5,2026-01-10 15:14:54.323436,completed
14952,1980,6,2026-03-18 04:33:00.967647,cancelled
14953,1043,7,2026-01-12 14:56:47.738538,completed
14954,3032,5,2026-02-16 00:44:26.323803,cancelled
14955,496,5,2026-03-13 13:12:02.719403,completed
14956,2736,9,2026-03-14 18:26:41.109601,pending
14957,2772,10,2026-02-05 06:21:51.769379,completed
14958,2528,6,2026-01-29 00:56:27.504457,cancelled
14959,3980,4,2026-01-30 16:08:47.247469,completed
14960,1008,10,2026-02-24 01:01:44.995780,cancelled
14961,1411,1,2026-02-27 17:33:05.989348,completed
14962,3855,1,2026-01-23 10:09:41.210659,cancelled
14963,207,6,2026-03-15 14:43:11.410134,cancelled
14964,1880,8,2026-01-29 01:15:19.976572,completed
14965,2203,5,2026-01-13 01:25:27.982538,cancelled
14966,4032,9,2026-02-01 15:38:20.211292,completed
14967,161,9,2026-02-26 00:00:40.629907,pending
14968,3542,10,2026-03-21 23:47:10.976694,pending
14969,2136,2,2026-01-28 11:25:15.137181,completed
14970,4559,5,2026-02-01 13:40:08.968111,pending
14971,4848,3,2026-01-02 19:12:25.437625,pending
14972,2432,2,2026-01-21 04:51:56.585879,cancelled
14973,199,10,2026-03-28 03:17:42.077301,cancelled
14974,840,6,2026-02-08 07:18:33.462099,completed
14975,984,2,2026-01-30 22:06:18.368245,pending
14976,1500,10,2026-03-23 14:06:55.363457,pending
14977,2676,6,2026-01-11 13:44:45.269960,pending
14978,1293,3,2026-03-14 17:59:18.674405,cancelled
14979,3704,4,2026-02-01 06:23:47.023906,pending
14980,3389,8,2026-02-06 14:40:20.204212,completed
14981,4964,2,2026-03-07 17:30:27.792190,completed
14982,3241,8,2026-03-11 11:42:20.224495,pending
14983,574,2,2026-03-17 21:22:26.264818,completed
14984,1359,3,2026-04-03 03:51:14.630342,cancelled
14985,2151,3,2026-01-08 08:44:26.354622,completed
14986,3812,7,2026-03-27 04:46:51.189258,completed
14987,4864,7,2026-01-01 19:21:48.501098,completed
14988,842,6,2026-01-11 21:48:03.178553,pending
14989,3564,5,2026-02-28 18:41:05.920742,pending
14990,1719,3,2026-03-13 01:52:30.058755,pending
14991,2356,3,2026-03-01 14:57:40.684885,completed
14992,3801,4,2026-02-07 15:55:23.906583,pending
14993,2874,10,2026-01-02 10:40:00.252976,completed
14994,944,1,2026-01-21 19:09:54.634387,cancelled
14995,3110,2,2026-04-06 07:17:20.407388,cancelled
14996,1731,3,2026-02-05 18:25:07.551906,cancelled
14997,1472,1,2026-01-26 10:52:34.004234,completed
14998,1053,7,2026-03-14 23:57:26.704531,pending
14999,497,9,2026-01-11 20:01:42.566756,pending
15000,1910,4,2026-01-22 11:29:10.089463,completed
15001,2003,8,2026-01-01 13:12:06.572685,cancelled
15002,2226,10,2026-02-03 16:18:38.631087,pending
15003,448,8,2026-03-10 10:56:46.131015,pending
15004,2332,4,2026-02-27 19:43:38.259134,cancelled
15005,927,9,2026-03-03 02:41:33.636139,cancelled
15006,874,6,2026-01-10 04:30:28.901905,completed
15007,1685,8,2026-03-28 19:46:34.335137,pending
15008,4740,9,2026-01-08 03:01:02.444303,completed
15009,4948,4,2026-02-11 14:09:54.397005,cancelled
15010,2533,5,2026-03-15 16:24:00.636797,pending
15011,1174,5,2026-02-24 00:11:27.634313,pending
15012,1652,6,2026-03-25 15:58:47.080987,cancelled
15013,2461,9,2026-02-24 15:51:22.954888,cancelled
15014,1796,10,2026-01-19 00:52:27.145288,pending
15015,1183,3,2026-03-22 08:48:30.551191,cancelled
15016,4912,9,2026-02-28 12:03:48.034947,pending
15017,2776,2,2026-02-16 07:41:19.565237,completed
15018,2253,1,2026-01-02 16:34:41.784724,pending
15019,1968,2,2026-01-19 19:47:28.719915,cancelled
15020,1710,1,2026-03-08 09:21:03.264995,completed
15021,1081,4,2026-04-03 20:03:11.763363,completed
15022,502,7,2026-03-30 05:17:46.472905,pending
15023,4338,5,2026-04-03 18:36:17.478750,completed
15024,3349,3,2026-02-13 22:23:27.476537,cancelled
15025,1299,8,2026-02-22 23:43:07.512414,cancelled
15026,4190,5,2026-02-14 07:32:35.294577,pending
15027,459,10,2026-01-17 11:15:28.493764,completed
15028,1943,8,2026-02-01 18:37:13.896312,cancelled
15029,4766,9,2026-02-20 14:43:51.701814,pending
15030,3333,7,2026-02-16 15:42:16.179234,pending
15031,490,1,2026-04-03 11:42:24.346721,pending
15032,1753,7,2026-04-07 07:49:47.316557,pending
15033,1060,7,2026-01-08 18:59:11.723733,completed
15034,2661,1,2026-02-05 03:16:11.047145,completed
15035,778,9,2026-03-13 04:59:31.704316,completed
15036,634,8,2026-02-16 09:47:46.919286,pending
15037,4688,5,2026-02-13 12:59:36.681105,completed
15038,2106,3,2026-02-02 00:53:57.450695,completed
15039,3405,3,2026-02-24 23:46:59.933493,completed
15040,1130,6,2026-03-08 03:42:05.078532,cancelled
15041,2752,10,2026-03-17 11:36:41.721124,cancelled
15042,4231,1,2026-03-27 07:39:17.736670,pending
15043,3805,7,2026-02-01 18:44:48.621295,cancelled
15044,3288,7,2026-01-01 07:53:42.608862,completed
15045,3351,9,2026-03-28 08:25:29.642599,cancelled
15046,815,1,2026-03-07 23:02:15.392886,pending
15047,1583,5,2026-03-05 22:38:46.845899,pending
15048,97,4,2026-02-05 05:52:28.941137,pending
15049,1961,6,2026-04-03 20:35:55.347930,completed
15050,2033,4,2026-01-11 03:27:35.349355,completed
15051,428,1,2026-03-25 06:09:17.513884,completed
15052,1188,7,2026-03-18 05:19:14.739532,cancelled
15053,2116,5,2026-02-27 05:42:44.883492,cancelled
15054,242,8,2026-02-25 14:14:05.850842,cancelled
15055,481,4,2026-01-02 10:03:22.400865,completed
15056,1215,10,2026-02-27 08:25:22.610548,cancelled
15057,1790,6,2026-01-10 20:54:34.977026,cancelled
15058,4332,3,2026-04-01 07:00:50.706000,cancelled
15059,2586,8,2026-01-28 23:10:07.375874,cancelled
15060,1601,9,2026-02-21 06:00:44.051359,cancelled
15061,2739,2,2026-02-11 20:14:08.531157,pending
15062,4655,8,2026-03-28 18:37:17.769108,completed
15063,638,4,2026-02-05 11:03:54.103143,cancelled
15064,1872,5,2026-03-29 00:41:08.098229,pending
15065,292,1,2026-01-25 22:18:11.797168,pending
15066,1570,10,2026-02-06 08:09:37.420162,completed
15067,2387,7,2026-03-14 07:48:56.636793,pending
15068,1678,2,2026-01-28 19:22:42.705008,pending
15069,4938,7,2026-02-25 02:03:14.508805,pending
15070,4031,3,2026-04-01 23:25:10.320574,pending
15071,3413,6,2026-02-25 17:58:30.281237,completed
15072,499,5,2026-01-21 16:03:07.797095,completed
15073,1555,7,2026-01-03 00:16:50.848512,cancelled
15074,484,1,2026-01-04 10:59:10.561814,cancelled
15075,2135,4,2026-03-27 05:12:55.999233,cancelled
15076,2416,3,2026-02-17 22:02:57.746798,cancelled
15077,4052,8,2026-02-26 21:33:58.342466,pending
15078,1366,3,2026-01-21 04:52:31.904292,pending
15079,2631,5,2026-03-30 22:58:19.506437,cancelled
15080,1481,3,2026-01-02 21:09:06.607158,pending
15081,806,9,2026-04-01 14:34:56.447021,completed
15082,1917,9,2026-01-02 05:24:03.619119,cancelled
15083,1793,4,2026-02-03 04:22:01.928804,cancelled
15084,1760,8,2026-02-05 09:52:57.246804,cancelled
15085,2947,10,2026-03-21 01:15:22.006014,completed
15086,3160,7,2026-03-19 01:30:07.579760,completed
15087,1905,3,2026-01-31 06:44:00.282260,completed
15088,2060,5,2026-02-08 02:30:01.891314,completed
15089,4625,3,2026-01-24 18:32:21.415370,cancelled
15090,1736,4,2026-01-26 07:28:19.571006,completed
15091,782,6,2026-02-12 02:28:22.570112,completed
15092,4415,10,2026-03-11 04:16:42.382780,completed
15093,3651,7,2026-02-24 21:01:02.446920,cancelled
15094,1359,1,2026-01-31 09:41:25.547001,completed
15095,2904,7,2026-01-08 23:52:22.558620,completed
15096,3903,2,2026-02-18 09:15:21.183783,completed
15097,3844,10,2026-02-10 01:31:47.238086,pending
15098,1540,6,2026-01-01 16:13:27.558452,cancelled
15099,2292,1,2026-02-10 00:09:57.088089,cancelled
15100,4017,5,2026-01-29 03:49:49.139092,completed
15101,3180,9,2026-01-09 20:35:03.654931,cancelled
15102,4922,2,2026-02-13 12:12:13.866632,cancelled
15103,4772,8,2026-02-23 02:31:42.145978,cancelled
15104,94,8,2026-03-04 08:20:20.023530,cancelled
15105,3232,3,2026-01-23 00:13:37.578808,completed
15106,2617,1,2026-01-09 12:18:18.270547,completed
15107,2795,6,2026-02-26 20:36:26.545858,pending
15108,3968,8,2026-02-05 10:37:06.773313,completed
15109,1858,6,2026-02-05 20:18:36.240997,pending
15110,3135,7,2026-01-09 02:11:19.831397,completed
15111,2556,8,2026-03-21 08:12:17.582544,pending
15112,588,7,2026-01-04 03:41:43.997150,completed
15113,1996,8,2026-03-18 14:51:12.833878,pending
15114,1666,5,2026-03-18 15:48:15.836606,completed
15115,3993,6,2026-01-07 12:52:33.163090,pending
15116,3041,9,2026-03-18 08:45:30.729537,pending
15117,3957,2,2026-01-17 05:45:58.861368,pending
15118,1872,8,2026-02-02 15:58:20.882916,cancelled
15119,1081,2,2026-02-20 02:22:44.410820,cancelled
15120,4505,1,2026-02-21 12:32:35.222191,completed
15121,224,9,2026-03-25 19:02:10.068387,cancelled
15122,275,9,2026-02-09 08:06:04.149754,cancelled
15123,351,3,2026-03-30 04:26:22.389032,pending
15124,357,3,2026-01-10 22:20:34.072850,cancelled
15125,2812,8,2026-02-26 01:39:20.569201,pending
15126,3240,10,2026-01-06 03:35:36.313013,completed
15127,3286,8,2026-01-11 08:28:46.956913,completed
15128,4617,7,2026-01-30 07:45:18.923584,cancelled
15129,976,9,2026-03-04 10:22:16.884455,completed
15130,1078,1,2026-04-03 19:19:59.218806,completed
15131,2468,3,2026-02-03 05:53:52.527508,cancelled
15132,4263,2,2026-04-06 16:27:08.944325,pending
15133,2553,3,2026-01-28 04:58:47.428027,cancelled
15134,537,9,2026-02-14 15:03:43.252772,completed
15135,3313,4,2026-03-05 01:35:26.343096,cancelled
15136,3741,10,2026-02-25 02:03:06.559270,pending
15137,546,7,2026-01-30 05:02:13.159554,pending
15138,4931,3,2026-03-27 06:05:11.981044,completed
15139,825,2,2026-03-24 18:03:19.270493,completed
15140,3169,9,2026-03-30 06:01:31.224273,cancelled
15141,4678,9,2026-04-07 14:14:25.876811,cancelled
15142,4093,4,2026-02-23 22:27:27.004311,completed
15143,410,1,2026-01-14 17:07:28.525166,completed
15144,4151,5,2026-01-19 22:51:18.565136,pending
15145,1000,3,2026-04-04 18:01:06.898573,cancelled
15146,1013,3,2026-04-07 10:18:13.967452,completed
15147,2883,6,2026-01-20 12:12:37.562659,pending
15148,4445,2,2026-02-10 17:13:57.538435,pending
15149,2145,3,2026-03-05 08:05:34.315274,pending
15150,1199,4,2026-04-06 14:27:32.389678,completed
15151,2831,5,2026-03-24 23:57:52.209777,cancelled
15152,1695,2,2026-03-11 03:28:19.343072,completed
15153,1359,10,2026-04-07 15:55:46.704834,pending
15154,924,5,2026-01-28 04:47:07.161886,pending
15155,3333,10,2026-02-18 12:55:49.791705,completed
15156,4662,5,2026-02-10 22:52:20.513224,pending
15157,4408,5,2026-02-17 01:48:22.607155,completed
15158,2829,8,2026-04-05 20:29:51.370030,cancelled
15159,4727,9,2026-03-02 11:35:43.282630,cancelled
15160,278,2,2026-02-04 08:38:56.969048,pending
15161,1839,3,2026-03-04 22:19:18.748272,pending
15162,1373,4,2026-01-15 16:12:55.867041,cancelled
15163,3556,2,2026-02-28 01:48:14.381152,cancelled
15164,1076,5,2026-03-21 07:56:19.704673,pending
15165,2233,5,2026-03-31 23:33:07.770738,cancelled
15166,4626,5,2026-01-30 06:17:29.237583,pending
15167,4790,9,2026-04-04 19:05:18.447743,completed
15168,1749,3,2026-02-08 17:01:26.930655,cancelled
15169,176,9,2026-02-21 21:22:02.697446,cancelled
15170,2218,4,2026-01-11 06:03:04.544120,cancelled
15171,2210,5,2026-02-20 20:29:54.635373,cancelled
15172,2705,1,2026-02-05 13:30:21.615326,pending
15173,1300,6,2026-01-15 04:29:56.626239,completed
15174,959,10,2026-01-22 03:08:16.092075,pending
15175,3701,3,2026-03-09 00:31:27.772694,completed
15176,1914,2,2026-03-30 00:44:17.201935,cancelled
15177,101,2,2026-02-08 23:12:57.685145,completed
15178,3563,7,2026-02-11 15:46:53.585458,pending
15179,2265,6,2026-03-12 15:17:21.004511,cancelled
15180,1409,4,2026-02-11 15:00:33.188453,pending
15181,2178,7,2026-02-08 08:21:05.863159,pending
15182,799,8,2026-03-11 02:51:10.076532,completed
15183,3572,4,2026-03-11 02:23:58.451084,pending
15184,2256,6,2026-02-05 02:53:58.301983,cancelled
15185,744,9,2026-03-25 18:44:18.189826,cancelled
15186,2481,1,2026-04-02 17:27:41.681553,cancelled
15187,1680,3,2026-02-13 21:15:07.315392,cancelled
15188,1115,6,2026-03-03 16:27:24.384125,pending
15189,354,5,2026-02-09 16:21:11.151829,pending
15190,1475,7,2026-04-01 22:22:10.551706,pending
15191,1861,10,2026-03-11 20:15:42.704719,completed
15192,900,10,2026-01-06 19:05:31.547353,completed
15193,3340,6,2026-02-28 17:47:53.175999,completed
15194,383,8,2026-01-28 12:45:57.797508,pending
15195,3191,10,2026-01-01 22:14:53.199505,cancelled
15196,3757,3,2026-01-10 09:56:33.480454,pending
15197,3432,8,2026-02-11 22:52:17.583516,cancelled
15198,1479,7,2026-02-24 11:53:27.338836,completed
15199,3171,4,2026-01-05 12:55:46.965167,cancelled
15200,1359,7,2026-01-11 13:30:52.505877,completed
15201,1632,6,2026-01-04 18:15:02.601777,pending
15202,640,2,2026-01-21 00:02:00.364303,completed
15203,4473,9,2026-03-18 11:24:31.477372,completed
15204,787,5,2026-01-25 07:05:14.638136,completed
15205,4920,4,2026-02-07 06:25:53.655938,pending
15206,2833,9,2026-03-13 08:59:49.830961,completed
15207,1803,9,2026-02-25 09:32:04.817547,completed
15208,4614,6,2026-03-29 23:17:56.087612,pending
15209,1703,6,2026-01-03 05:44:57.716383,cancelled
15210,1151,4,2026-03-12 11:09:08.109549,cancelled
15211,2698,10,2026-01-22 15:32:25.319356,pending
15212,2952,3,2026-02-25 18:08:30.898131,cancelled
15213,3260,9,2026-04-03 13:30:51.363962,completed
15214,1695,7,2026-02-08 12:28:50.314380,completed
15215,3930,9,2026-03-29 17:50:47.608111,completed
15216,995,8,2026-01-27 05:50:45.289588,pending
15217,2809,10,2026-03-17 06:05:16.755377,cancelled
15218,3067,7,2026-01-11 08:17:41.087945,pending
15219,1893,9,2026-01-24 02:27:07.792557,pending
15220,3818,7,2026-02-07 09:37:08.947841,cancelled
15221,378,2,2026-02-11 17:41:29.458076,completed
15222,1544,3,2026-02-03 19:15:43.294261,pending
15223,2237,1,2026-02-25 12:01:22.039788,cancelled
15224,2078,3,2026-04-05 08:57:33.098495,completed
15225,4824,7,2026-03-24 05:09:39.011686,completed
15226,2805,2,2026-03-18 18:23:22.537544,pending
15227,4834,3,2026-01-01 00:17:16.145607,completed
15228,2255,4,2026-01-19 18:38:46.341369,cancelled
15229,4504,2,2026-01-23 14:10:48.335940,cancelled
15230,4701,6,2026-03-22 00:05:12.009102,cancelled
15231,1368,5,2026-02-15 09:15:02.818506,pending
15232,940,9,2026-03-26 15:42:55.920615,completed
15233,2669,4,2026-02-11 20:53:20.073737,completed
15234,3761,3,2026-01-12 16:50:49.837567,completed
15235,3710,9,2026-01-27 19:45:31.109450,cancelled
15236,4855,3,2026-02-02 04:18:17.774674,completed
15237,2012,6,2026-03-18 06:56:27.138908,cancelled
15238,2751,6,2026-01-14 14:16:50.186087,cancelled
15239,1885,8,2026-02-25 16:21:31.057012,cancelled
15240,62,2,2026-04-03 17:21:29.193122,cancelled
15241,2528,10,2026-01-31 01:38:54.237494,completed
15242,3501,1,2026-03-04 18:39:02.219369,pending
15243,898,1,2026-03-01 18:39:52.388511,cancelled
15244,3209,8,2026-01-22 21:59:20.979051,pending
15245,1717,1,2026-03-27 13:38:22.471835,pending
15246,2136,5,2026-02-18 01:24:17.391185,cancelled
15247,943,10,2026-02-19 18:01:55.703471,completed
15248,3536,8,2026-02-04 02:59:24.610502,pending
15249,346,10,2026-02-05 16:19:43.128466,completed
15250,1844,6,2026-01-14 09:54:23.044087,completed
15251,1376,10,2026-01-06 02:18:07.543513,completed
15252,876,10,2026-02-20 12:59:48.347895,pending
15253,2505,6,2026-04-07 09:00:06.869671,pending
15254,111,3,2026-03-19 20:43:28.024172,pending
15255,1328,10,2026-03-08 11:01:47.955537,completed
15256,3670,2,2026-01-30 12:18:15.118476,cancelled
15257,4364,6,2026-02-23 09:59:51.260184,pending
15258,4982,2,2026-03-27 14:54:42.998535,completed
15259,1456,7,2026-03-15 12:55:13.182453,cancelled
15260,4057,8,2026-02-08 08:38:29.320831,completed
15261,1725,5,2026-03-02 12:13:01.775533,pending
15262,2878,3,2026-03-20 20:41:03.994044,completed
15263,3396,8,2026-02-01 20:46:20.040183,pending
15264,4585,10,2026-01-09 02:53:06.518466,pending
15265,2032,10,2026-03-06 18:59:36.756848,pending
15266,4000,9,2026-04-03 14:15:53.828578,cancelled
15267,3606,9,2026-01-15 00:15:50.731809,cancelled
15268,3412,8,2026-02-25 09:27:51.740264,pending
15269,1180,4,2026-03-21 01:18:38.265520,pending
15270,504,10,2026-03-21 20:54:26.731831,completed
15271,4810,7,2026-03-23 01:43:17.242632,pending
15272,4749,10,2026-01-11 03:02:50.875446,cancelled
15273,1089,9,2026-01-10 06:39:58.561705,cancelled
15274,2706,9,2026-03-24 00:36:48.086131,pending
15275,4945,7,2026-01-03 22:26:33.687975,pending
15276,321,9,2026-02-10 20:03:22.111777,pending
15277,1716,7,2026-03-10 00:59:51.092211,completed
15278,1031,1,2026-03-04 13:24:47.690496,completed
15279,4387,9,2026-03-18 18:33:25.034971,completed
15280,1559,1,2026-03-24 23:30:38.838968,cancelled
15281,819,7,2026-03-07 14:13:07.881583,cancelled
15282,838,1,2026-01-31 14:09:07.414566,cancelled
15283,2444,5,2026-03-12 09:35:35.509970,cancelled
15284,4606,5,2026-03-30 03:55:08.188325,pending
15285,3649,7,2026-02-06 10:00:15.902808,completed
15286,1063,9,2026-03-13 21:25:32.124610,cancelled
15287,2250,5,2026-01-31 23:40:43.877161,pending
15288,3377,8,2026-01-17 14:37:56.512600,completed
15289,1208,10,2026-01-08 18:38:54.849179,completed
15290,1552,1,2026-03-20 20:35:20.688570,cancelled
15291,4550,8,2026-01-05 04:06:40.459050,cancelled
15292,4894,6,2026-01-08 15:19:01.029022,cancelled
15293,3301,3,2026-03-30 21:06:52.498418,cancelled
15294,2968,10,2026-02-02 17:55:15.953728,pending
15295,4080,8,2026-01-23 13:00:59.255152,cancelled
15296,3393,8,2026-02-19 17:13:07.101582,completed
15297,2705,9,2026-03-13 08:19:46.174945,pending
15298,874,6,2026-01-09 20:35:47.050085,pending
15299,4142,3,2026-04-04 01:50:49.757096,cancelled
15300,955,1,2026-02-14 04:48:32.846918,completed
15301,4372,4,2026-03-27 16:47:34.932636,cancelled
15302,3310,8,2026-03-22 01:52:03.137934,pending
15303,1390,1,2026-01-25 16:45:53.908180,pending
15304,3209,9,2026-01-05 15:10:00.523862,pending
15305,3465,4,2026-04-03 03:01:03.430329,cancelled
15306,3570,10,2026-03-13 17:24:48.060311,cancelled
15307,660,3,2026-02-16 05:51:02.863006,completed
15308,199,1,2026-03-04 20:01:48.816242,pending
15309,1147,3,2026-03-08 20:24:42.278772,completed
15310,2077,2,2026-02-11 07:03:36.303418,cancelled
15311,34,1,2026-01-20 05:22:53.029839,cancelled
15312,3670,6,2026-01-07 07:54:20.421224,cancelled
15313,3336,7,2026-01-14 02:55:04.814373,pending
15314,512,8,2026-03-27 12:45:55.755657,cancelled
15315,2650,8,2026-03-07 22:54:13.186059,pending
15316,2904,8,2026-03-04 16:54:34.599070,completed
15317,4095,10,2026-03-05 08:43:50.682870,completed
15318,818,5,2026-01-29 18:29:00.924273,pending
15319,2464,9,2026-01-30 12:23:45.399584,completed
15320,2738,1,2026-03-18 23:32:20.239785,pending
15321,1733,2,2026-02-22 16:18:07.628591,completed
15322,3267,8,2026-01-26 01:41:59.359095,cancelled
15323,3103,10,2026-01-17 11:19:22.901643,cancelled
15324,1612,10,2026-02-19 19:28:32.953407,completed
15325,3863,10,2026-03-22 21:20:21.304719,pending
15326,580,4,2026-01-27 10:41:11.523258,cancelled
15327,3529,1,2026-03-28 20:28:38.973068,cancelled
15328,3310,8,2026-02-14 17:38:31.128675,completed
15329,240,9,2026-03-04 05:12:05.253999,completed
15330,3130,5,2026-02-23 13:42:54.043369,pending
15331,2901,7,2026-03-24 17:49:38.414788,cancelled
15332,2291,2,2026-02-18 02:48:57.944519,cancelled
15333,1066,2,2026-02-21 01:26:37.483735,pending
15334,1710,1,2026-03-22 04:35:20.689887,pending
15335,4576,1,2026-03-19 14:08:54.240296,cancelled
15336,2779,2,2026-01-11 18:21:59.269740,completed
15337,1570,1,2026-03-09 22:01:17.747508,cancelled
15338,4503,5,2026-01-06 03:36:11.080696,cancelled
15339,3900,9,2026-02-18 04:01:55.630883,cancelled
15340,4280,5,2026-03-17 22:42:16.360543,completed
15341,4273,7,2026-01-03 18:53:31.848620,cancelled
15342,53,3,2026-01-28 09:43:15.555718,cancelled
15343,3213,5,2026-01-26 02:18:07.038642,cancelled
15344,4339,5,2026-02-13 00:58:52.803311,cancelled
15345,3449,8,2026-02-10 20:01:29.178705,pending
15346,2289,9,2026-01-25 18:46:57.737752,pending
15347,2774,3,2026-01-24 12:58:27.740702,completed
15348,4755,5,2026-04-06 23:19:43.333091,completed
15349,3711,9,2026-01-13 18:16:58.485581,cancelled
15350,3997,4,2026-01-26 04:17:03.071811,cancelled
15351,4261,1,2026-01-30 17:36:04.969978,pending
15352,2356,8,2026-02-16 01:14:10.349100,completed
15353,1747,6,2026-01-31 05:47:33.169761,completed
15354,579,6,2026-03-14 02:28:37.027835,cancelled
15355,2122,5,2026-03-19 09:27:07.719116,pending
15356,611,9,2026-02-14 05:07:03.383833,cancelled
15357,475,1,2026-01-05 15:39:55.745920,pending
15358,4913,8,2026-02-19 20:27:30.810923,cancelled
15359,11,2,2026-02-23 23:50:00.061718,pending
15360,1814,10,2026-03-14 12:26:26.418014,cancelled
15361,1421,8,2026-03-29 02:39:52.365485,pending
15362,4571,2,2026-02-20 01:55:53.873427,completed
15363,4913,1,2026-03-23 03:35:45.891414,pending
15364,4434,1,2026-01-29 22:26:51.404249,pending
15365,411,9,2026-02-24 09:58:31.950796,pending
15366,1383,9,2026-04-03 20:47:49.272470,pending
15367,773,9,2026-01-14 11:29:08.507930,pending
15368,604,7,2026-02-20 01:09:19.716112,cancelled
15369,2060,7,2026-03-31 14:16:51.155631,completed
15370,1826,6,2026-03-20 20:27:25.478306,pending
15371,3503,4,2026-01-12 23:51:07.599055,completed
15372,1364,10,2026-03-26 07:15:36.566370,completed
15373,1081,4,2026-01-10 23:09:44.918853,cancelled
15374,4535,1,2026-02-16 15:47:29.271901,cancelled
15375,4372,10,2026-01-05 16:12:24.070834,pending
15376,1654,5,2026-02-11 20:11:30.913858,cancelled
15377,927,10,2026-01-09 03:49:43.003985,pending
15378,2605,2,2026-03-06 03:57:55.778083,cancelled
15379,2114,9,2026-03-29 00:54:22.568692,cancelled
15380,2901,4,2026-03-15 18:58:08.726821,completed
15381,3364,2,2026-03-05 12:33:31.354491,cancelled
15382,2394,1,2026-03-18 01:02:35.040423,pending
15383,3633,10,2026-03-03 06:56:49.743315,completed
15384,4331,10,2026-02-19 10:45:07.999206,completed
15385,4182,1,2026-02-17 11:41:16.278222,pending
15386,2225,8,2026-01-18 03:41:30.324671,pending
15387,3965,5,2026-03-30 03:40:39.963945,pending
15388,1473,8,2026-02-28 18:32:08.877752,pending
15389,3264,9,2026-02-21 01:27:29.319781,pending
15390,2376,7,2026-01-27 10:10:52.422384,completed
15391,4494,9,2026-02-13 17:58:00.188069,completed
15392,665,7,2026-02-11 08:03:14.975855,cancelled
15393,2637,4,2026-02-28 17:24:49.546490,cancelled
15394,4811,3,2026-02-14 06:43:30.655941,cancelled
15395,4620,7,2026-01-22 19:24:35.287036,cancelled
15396,2455,3,2026-02-09 02:11:29.594939,completed
15397,3326,9,2026-02-19 18:07:36.957215,completed
15398,3921,10,2026-01-29 17:39:39.013139,pending
15399,1966,7,2026-04-07 00:26:02.962536,pending
15400,1549,6,2026-03-23 06:09:38.363226,cancelled
15401,3686,8,2026-03-28 02:20:36.463877,cancelled
15402,3222,4,2026-03-04 16:03:18.117498,pending
15403,4556,1,2026-02-03 06:16:45.333487,completed
15404,4210,1,2026-03-12 03:23:53.651296,completed
15405,406,6,2026-01-01 19:30:03.371275,completed
15406,820,10,2026-01-15 01:54:35.443847,pending
15407,1899,3,2026-03-18 17:48:40.490972,pending
15408,41,7,2026-03-16 14:16:43.860945,completed
15409,843,6,2026-01-08 16:30:11.759718,completed
15410,3513,5,2026-03-30 18:54:06.778904,pending
15411,1180,2,2026-03-29 13:40:46.830328,pending
15412,1585,7,2026-03-19 08:31:07.625037,completed
15413,1592,5,2026-02-10 14:35:43.610017,cancelled
15414,4314,7,2026-03-31 13:44:14.990473,pending
15415,2012,8,2026-02-01 23:04:03.434875,pending
15416,720,9,2026-01-28 01:32:27.656341,pending
15417,4250,1,2026-03-30 22:14:36.695030,completed
15418,1504,2,2026-01-13 21:26:12.650310,cancelled
15419,306,9,2026-01-09 07:34:52.937595,cancelled
15420,2230,4,2026-01-07 05:30:20.215165,pending
15421,1031,3,2026-01-07 01:16:01.592762,cancelled
15422,1788,3,2026-01-11 17:01:45.540857,cancelled
15423,1968,8,2026-03-09 06:33:40.895095,cancelled
15424,1399,7,2026-02-08 14:30:26.401003,pending
15425,1701,4,2026-03-19 22:46:22.656944,completed
15426,1301,2,2026-03-04 08:14:51.027598,cancelled
15427,324,1,2026-03-08 16:30:59.631665,pending
15428,1717,7,2026-03-06 10:15:41.620205,pending
15429,4868,1,2026-03-27 01:51:06.172456,cancelled
15430,186,2,2026-03-21 14:06:54.714805,pending
15431,3658,4,2026-02-23 21:14:38.406264,pending
15432,4466,10,2026-01-27 05:23:49.936434,pending
15433,2300,2,2026-02-13 15:02:34.510182,pending
15434,2372,10,2026-03-03 11:45:30.881482,completed
15435,3486,4,2026-03-10 13:52:23.445570,cancelled
15436,3056,6,2026-03-14 10:42:43.730224,pending
15437,3369,1,2026-03-29 08:12:00.422420,cancelled
15438,205,10,2026-01-10 12:27:20.386607,completed
15439,346,6,2026-01-05 11:53:19.624456,completed
15440,4124,4,2026-02-25 11:25:22.571000,completed
15441,3789,3,2026-02-07 00:17:19.416755,pending
15442,2649,8,2026-01-20 01:56:46.345809,pending
15443,3165,5,2026-03-26 10:39:08.332264,pending
15444,1918,1,2026-03-13 08:25:44.647699,completed
15445,1017,3,2026-01-27 12:29:56.080827,cancelled
15446,3882,4,2026-03-21 17:01:20.245532,completed
15447,4015,8,2026-03-28 00:48:53.691724,completed
15448,235,6,2026-01-10 02:14:48.941687,pending
15449,3120,2,2026-01-06 17:48:12.010715,completed
15450,622,2,2026-03-20 12:24:18.258643,completed
15451,3138,1,2026-04-07 14:22:40.180717,pending
15452,2712,6,2026-03-01 09:01:52.080254,cancelled
15453,1119,6,2026-03-02 21:51:57.470040,completed
15454,2080,4,2026-04-03 11:46:08.518731,pending
15455,4023,10,2026-01-19 22:31:12.753091,pending
15456,2005,10,2026-03-21 04:49:37.131581,completed
15457,3182,8,2026-01-13 05:04:32.204923,cancelled
15458,1358,5,2026-02-14 02:15:53.097183,pending
15459,2997,8,2026-01-02 04:58:06.765576,completed
15460,4977,2,2026-02-01 18:56:57.889078,pending
15461,2155,6,2026-02-27 19:25:26.870513,pending
15462,2153,4,2026-01-23 20:35:21.078641,cancelled
15463,3243,10,2026-03-22 06:55:05.866771,completed
15464,1252,2,2026-03-31 02:43:17.539869,completed
15465,4695,8,2026-03-09 06:59:45.639507,completed
15466,845,1,2026-03-27 07:46:12.785989,cancelled
15467,2584,8,2026-03-25 20:17:46.776415,completed
15468,699,8,2026-03-28 17:20:13.413612,cancelled
15469,3419,1,2026-04-01 15:21:41.715189,pending
15470,4615,2,2026-03-09 12:48:40.893473,pending
15471,3430,2,2026-04-03 08:27:30.734809,cancelled
15472,3952,1,2026-01-06 04:56:02.328571,completed
15473,2539,1,2026-02-27 19:53:43.343702,pending
15474,2053,9,2026-03-13 19:17:51.637880,completed
15475,876,3,2026-02-07 12:32:12.253889,pending
15476,2308,10,2026-01-17 22:05:18.200385,completed
15477,2403,10,2026-01-10 21:02:49.443202,cancelled
15478,112,2,2026-02-12 02:55:43.577332,cancelled
15479,4782,5,2026-02-20 21:07:51.517715,completed
15480,1793,7,2026-02-16 09:43:01.990936,pending
15481,972,8,2026-01-26 20:51:24.797534,cancelled
15482,3842,2,2026-03-21 03:06:12.447512,cancelled
15483,989,8,2026-01-28 18:22:12.186534,pending
15484,4996,1,2026-02-07 16:59:54.753716,completed
15485,14,7,2026-03-29 06:02:57.351549,cancelled
15486,4926,2,2026-03-26 07:48:07.844141,completed
15487,2569,8,2026-02-11 21:48:59.494345,cancelled
15488,3004,1,2026-01-23 13:09:53.395291,completed
15489,3871,1,2026-03-16 17:12:09.038255,completed
15490,4859,2,2026-01-24 11:39:59.515500,pending
15491,2856,7,2026-01-24 03:32:35.273405,cancelled
15492,3405,10,2026-01-06 15:31:19.600528,pending
15493,370,5,2026-01-25 10:05:16.667242,cancelled
15494,3845,1,2026-03-07 04:27:18.421784,completed
15495,1250,2,2026-03-27 07:13:18.633454,pending
15496,2055,6,2026-04-06 22:39:41.971678,completed
15497,1943,2,2026-01-05 05:19:44.478160,cancelled
15498,231,8,2026-04-03 11:10:59.665131,cancelled
15499,2549,9,2026-03-16 07:24:25.269965,completed
15500,4422,3,2026-03-26 11:03:13.694998,cancelled
15501,1082,7,2026-02-26 11:02:54.797003,pending
15502,2432,4,2026-01-25 06:13:41.368544,completed
15503,1787,6,2026-03-29 13:49:12.287615,pending
15504,3131,2,2026-03-21 18:00:22.152173,cancelled
15505,2098,6,2026-01-22 21:36:44.990829,completed
15506,3510,3,2026-04-05 19:42:31.728686,pending
15507,1110,2,2026-03-18 05:01:28.109164,pending
15508,3565,3,2026-01-14 07:39:33.812485,pending
15509,4968,5,2026-02-06 14:19:06.139314,cancelled
15510,818,1,2026-03-29 03:08:07.382825,cancelled
15511,3895,7,2026-02-15 05:18:08.295817,completed
15512,2394,2,2026-03-15 11:36:03.505037,pending
15513,1314,1,2026-03-19 16:47:07.935830,completed
15514,569,6,2026-03-07 21:28:20.689940,cancelled
15515,1021,7,2026-01-27 19:45:00.734466,cancelled
15516,3846,1,2026-02-27 11:40:18.564862,pending
15517,4714,9,2026-01-17 14:10:20.000279,cancelled
15518,3609,4,2026-01-23 08:47:31.902559,cancelled
15519,692,5,2026-03-12 21:46:16.906595,completed
15520,341,4,2026-03-13 06:05:41.741032,pending
15521,3575,9,2026-03-16 05:34:38.696636,cancelled
15522,3385,6,2026-01-15 13:11:56.654099,completed
15523,3386,5,2026-01-23 03:22:53.183372,pending
15524,1230,6,2026-03-24 23:46:48.890097,completed
15525,4058,2,2026-01-12 15:33:22.888399,cancelled
15526,3497,5,2026-04-03 06:44:49.053482,pending
15527,3312,6,2026-02-08 14:20:02.120742,pending
15528,2472,7,2026-03-12 13:06:58.719906,cancelled
15529,4650,5,2026-01-03 16:39:29.327910,pending
15530,2421,5,2026-02-11 16:57:38.979930,cancelled
15531,4591,1,2026-01-03 15:21:11.488943,pending
15532,2051,5,2026-01-03 03:23:21.255770,completed
15533,1008,3,2026-01-21 04:08:01.021614,cancelled
15534,4926,3,2026-03-07 07:54:43.740070,pending
15535,3273,7,2026-02-05 00:44:52.788516,pending
15536,3050,9,2026-01-21 22:07:56.235420,cancelled
15537,4835,3,2026-02-22 08:01:58.892762,cancelled
15538,2624,5,2026-01-01 12:18:54.964087,completed
15539,30,6,2026-02-15 18:31:28.685851,pending
15540,2205,1,2026-04-01 06:34:28.292486,pending
15541,3874,10,2026-03-14 18:52:22.903934,completed
15542,2231,3,2026-02-15 12:21:48.726082,cancelled
15543,4471,10,2026-01-26 15:10:22.478555,cancelled
15544,923,2,2026-03-01 09:00:39.315904,completed
15545,159,4,2026-01-09 13:41:41.868747,cancelled
15546,2783,3,2026-01-02 04:49:34.242157,completed
15547,4225,6,2026-01-10 19:35:39.653045,cancelled
15548,3870,8,2026-02-03 02:30:53.987649,cancelled
15549,2268,6,2026-01-05 22:03:27.952131,cancelled
15550,1472,6,2026-02-05 15:44:57.855417,completed
15551,2323,5,2026-02-24 10:57:04.085973,cancelled
15552,1466,4,2026-01-26 15:37:37.669518,pending
15553,1611,2,2026-03-14 18:18:23.126399,completed
15554,2820,10,2026-01-21 15:58:53.076679,cancelled
15555,2223,3,2026-01-22 07:22:58.460116,pending
15556,596,6,2026-04-06 18:12:36.950853,cancelled
15557,179,9,2026-03-05 03:46:44.347693,completed
15558,3014,9,2026-04-07 09:30:00.438649,completed
15559,4733,6,2026-01-07 20:33:16.359594,pending
15560,3559,10,2026-02-19 13:19:07.777920,completed
15561,2429,5,2026-04-04 06:18:56.131965,completed
15562,1594,10,2026-03-10 10:22:49.617551,pending
15563,1123,4,2026-03-19 09:24:25.793731,pending
15564,3426,10,2026-01-19 18:42:42.715647,cancelled
15565,1920,3,2026-01-29 01:38:19.250197,completed
15566,2858,10,2026-02-19 05:57:48.629257,cancelled
15567,4793,10,2026-01-30 23:11:56.346636,pending
15568,1112,5,2026-01-25 23:59:05.525332,cancelled
15569,587,7,2026-03-10 13:15:15.371779,cancelled
15570,2341,8,2026-01-01 07:46:21.971113,completed
15571,4775,4,2026-03-19 00:42:06.086107,cancelled
15572,539,7,2026-03-09 15:15:52.994553,pending
15573,4784,2,2026-03-24 12:26:46.222901,completed
15574,3457,5,2026-03-09 03:40:31.856205,cancelled
15575,3462,9,2026-02-08 08:06:35.142474,pending
15576,57,2,2026-02-13 18:33:24.844131,pending
15577,4183,3,2026-04-04 20:45:42.146626,cancelled
15578,3488,3,2026-01-24 07:48:42.188393,cancelled
15579,3008,3,2026-01-02 07:18:08.404983,cancelled
15580,1483,8,2026-03-30 18:10:29.903901,completed
15581,1683,5,2026-02-24 11:11:10.249044,cancelled
15582,187,10,2026-02-06 12:23:57.739280,completed
15583,2772,5,2026-01-08 23:09:36.652295,pending
15584,2506,7,2026-04-07 13:56:59.291952,pending
15585,1523,4,2026-01-09 01:05:24.659038,pending
15586,3791,4,2026-02-22 00:19:20.992201,completed
15587,4483,8,2026-03-19 03:05:58.000490,pending
15588,3614,7,2026-04-03 02:44:13.547898,completed
15589,3973,6,2026-01-28 08:08:17.627688,pending
15590,2483,6,2026-03-17 13:18:04.124308,completed
15591,2902,8,2026-01-28 02:30:59.142701,pending
15592,641,5,2026-03-13 19:27:50.781960,pending
15593,430,6,2026-02-10 02:37:24.685126,pending
15594,4037,8,2026-02-06 10:35:18.093056,pending
15595,1529,1,2026-02-28 13:03:03.963544,completed
15596,2160,2,2026-02-26 15:07:47.694525,pending
15597,4070,7,2026-03-21 17:32:31.642913,cancelled
15598,253,9,2026-02-09 02:50:11.723844,cancelled
15599,1078,3,2026-01-04 22:59:24.588430,pending
15600,1678,10,2026-03-20 06:56:23.543924,cancelled
15601,2694,9,2026-03-30 19:26:31.430679,cancelled
15602,1155,7,2026-03-18 04:57:58.755785,cancelled
15603,3652,8,2026-03-27 08:43:28.902457,pending
15604,2649,5,2026-03-21 14:41:18.013196,cancelled
15605,1717,10,2026-02-11 18:10:28.057856,pending
15606,343,7,2026-04-06 09:10:34.733690,pending
15607,575,6,2026-01-21 22:53:45.623817,completed
15608,1739,10,2026-01-19 15:43:40.290542,cancelled
15609,1989,10,2026-01-09 19:45:34.903402,completed
15610,1345,4,2026-03-30 13:30:22.128407,pending
15611,1526,6,2026-03-12 15:41:15.291960,completed
15612,470,7,2026-02-27 09:05:32.057338,pending
15613,4592,2,2026-01-16 22:39:48.465514,cancelled
15614,1412,7,2026-01-06 07:19:59.008190,cancelled
15615,2548,4,2026-03-14 18:37:46.992568,cancelled
15616,4889,10,2026-04-02 08:22:38.735414,cancelled
15617,2081,3,2026-03-07 08:45:04.243506,pending
15618,3401,2,2026-03-24 21:14:14.445178,pending
15619,3525,1,2026-03-15 08:42:34.159924,cancelled
15620,4638,4,2026-03-21 07:45:06.753469,pending
15621,1307,10,2026-02-23 00:30:15.147854,cancelled
15622,3195,1,2026-03-02 06:49:38.072215,pending
15623,2895,10,2026-04-06 21:25:11.118041,cancelled
15624,393,4,2026-01-17 14:08:33.492910,cancelled
15625,4856,8,2026-03-26 07:09:40.730165,cancelled
15626,4038,7,2026-01-20 11:44:20.969226,completed
15627,3468,6,2026-02-23 22:59:00.781471,completed
15628,3649,5,2026-02-18 02:22:10.562201,pending
15629,981,4,2026-03-12 22:22:41.197531,completed
15630,3645,2,2026-03-29 02:22:59.670529,cancelled
15631,2013,1,2026-04-02 00:52:47.537390,pending
15632,4837,8,2026-03-14 17:27:27.610982,completed
15633,1063,5,2026-03-03 03:23:10.722370,pending
15634,4909,8,2026-03-05 09:47:37.803019,cancelled
15635,2568,3,2026-03-13 08:36:47.800603,completed
15636,4270,9,2026-02-10 02:08:53.898335,cancelled
15637,2882,1,2026-01-07 21:13:54.346462,cancelled
15638,776,10,2026-01-04 09:43:41.662208,completed
15639,932,1,2026-02-23 22:32:37.346302,completed
15640,967,4,2026-01-25 03:38:29.779931,pending
15641,176,8,2026-02-13 19:22:34.067867,cancelled
15642,1302,4,2026-01-27 07:43:07.018491,pending
15643,4610,5,2026-01-16 06:05:09.618821,pending
15644,4567,8,2026-03-04 17:34:32.326720,completed
15645,4756,10,2026-02-25 07:25:02.263355,cancelled
15646,3631,9,2026-03-25 22:33:29.169486,completed
15647,2170,1,2026-03-31 10:49:24.619995,cancelled
15648,4548,6,2026-03-26 19:08:25.159639,cancelled
15649,3989,8,2026-01-14 15:00:40.369957,pending
15650,2581,9,2026-04-03 02:29:21.239936,pending
15651,1614,6,2026-02-19 04:11:43.189991,pending
15652,2477,8,2026-01-25 20:51:55.720654,pending
15653,1605,9,2026-04-05 14:31:09.967884,completed
15654,3784,10,2026-04-05 05:28:22.663526,pending
15655,3031,10,2026-03-20 00:03:06.849235,cancelled
15656,841,10,2026-02-04 14:18:46.587825,cancelled
15657,1586,2,2026-03-27 11:24:06.005913,completed
15658,1590,7,2026-01-24 19:40:26.633924,completed
15659,4842,9,2026-01-07 01:08:01.756108,cancelled
15660,165,9,2026-02-24 21:21:07.407397,cancelled
15661,4867,2,2026-03-28 21:49:00.763111,pending
15662,3767,3,2026-01-07 01:37:18.012849,cancelled
15663,194,2,2026-01-17 05:02:12.735461,pending
15664,2554,3,2026-01-29 22:08:31.713706,cancelled
15665,3805,10,2026-02-08 17:43:18.931116,completed
15666,4772,8,2026-01-26 05:01:36.306011,cancelled
15667,4870,6,2026-03-12 03:37:34.498219,completed
15668,1760,1,2026-03-20 17:41:17.930170,completed
15669,3980,1,2026-01-20 12:39:32.683033,completed
15670,2861,9,2026-02-01 10:16:52.166017,completed
15671,4720,5,2026-02-15 19:22:34.188374,cancelled
15672,3224,8,2026-01-25 06:55:33.076231,completed
15673,1139,4,2026-03-24 10:52:08.183556,completed
15674,232,2,2026-03-10 17:43:28.367792,completed
15675,268,8,2026-02-28 04:28:50.401593,completed
15676,3886,1,2026-01-01 03:44:12.277735,cancelled
15677,1835,2,2026-02-06 16:11:59.032264,pending
15678,2334,4,2026-04-05 17:10:46.908121,cancelled
15679,122,2,2026-03-02 07:47:29.382159,cancelled
15680,602,7,2026-01-10 16:13:31.362563,completed
15681,1223,2,2026-02-19 06:43:08.134134,completed
15682,1128,5,2026-02-28 04:55:30.185513,pending
15683,414,1,2026-03-07 17:39:18.155781,cancelled
15684,624,2,2026-02-11 06:11:38.145182,pending
15685,4181,6,2026-02-17 16:26:21.765755,cancelled
15686,1007,1,2026-03-31 05:35:10.630878,completed
15687,940,8,2026-01-31 14:50:11.672207,completed
15688,2155,5,2026-03-30 04:02:21.393540,completed
15689,3638,5,2026-04-01 19:01:15.142383,pending
15690,1067,1,2026-01-24 08:32:13.097946,cancelled
15691,1344,10,2026-02-11 19:24:02.713653,cancelled
15692,2401,10,2026-02-08 08:22:06.106196,cancelled
15693,4730,6,2026-01-30 18:07:32.773934,completed
15694,3514,9,2026-04-03 16:56:49.129612,cancelled
15695,2563,6,2026-01-03 22:29:58.405275,pending
15696,465,5,2026-02-19 07:23:18.623103,completed
15697,2908,9,2026-03-28 13:27:16.437838,pending
15698,1809,2,2026-01-21 05:41:35.853763,cancelled
15699,4749,2,2026-02-12 10:35:21.795826,cancelled
15700,286,2,2026-01-29 22:29:14.960305,completed
15701,3487,8,2026-02-02 03:10:24.446531,pending
15702,4145,9,2026-02-16 16:10:48.911952,pending
15703,3934,1,2026-01-19 10:57:49.204614,pending
15704,1039,9,2026-03-09 21:18:35.362590,completed
15705,2925,5,2026-03-16 19:46:53.917075,cancelled
15706,3886,4,2026-03-26 12:33:07.429476,cancelled
15707,1361,5,2026-02-26 15:57:52.846156,cancelled
15708,3006,1,2026-02-06 22:52:15.619212,pending
15709,2991,9,2026-01-16 03:14:50.355185,cancelled
15710,2176,9,2026-02-27 08:06:56.807596,completed
15711,3006,5,2026-03-06 05:39:52.611830,cancelled
15712,1346,9,2026-01-17 10:27:32.552572,cancelled
15713,3297,2,2026-04-05 00:01:20.716738,completed
15714,2003,4,2026-01-19 05:04:14.742217,cancelled
15715,3578,1,2026-02-10 12:16:56.396457,pending
15716,649,5,2026-01-15 01:27:34.941100,completed
15717,2116,9,2026-01-15 08:13:15.033048,completed
15718,2595,9,2026-04-01 18:20:48.599353,pending
15719,3987,4,2026-01-14 00:48:21.801086,cancelled
15720,579,3,2026-01-27 19:20:44.547142,cancelled
15721,4315,5,2026-03-20 13:04:15.637185,cancelled
15722,1994,2,2026-02-07 14:01:27.489426,cancelled
15723,2477,6,2026-03-20 12:30:28.331151,completed
15724,4940,9,2026-02-01 12:32:12.820170,cancelled
15725,311,5,2026-04-05 11:01:12.430398,pending
15726,2647,6,2026-01-27 13:13:57.159888,pending
15727,448,3,2026-02-10 00:22:02.768941,cancelled
15728,1217,2,2026-02-01 18:31:13.224819,pending
15729,1284,3,2026-04-01 17:31:25.293248,cancelled
15730,550,8,2026-02-04 14:14:48.550436,completed
15731,1617,3,2026-03-18 04:25:31.783813,pending
15732,662,1,2026-04-07 16:09:51.108028,cancelled
15733,1709,1,2026-04-07 16:17:24.214176,completed
15734,4093,7,2026-02-06 19:24:29.340110,pending
15735,1717,4,2026-03-16 06:41:39.827278,pending
15736,664,10,2026-01-23 10:45:24.679100,cancelled
15737,520,10,2026-02-11 17:55:29.686759,completed
15738,4145,5,2026-04-05 10:10:01.937122,cancelled
15739,2268,7,2026-02-10 11:20:25.843472,cancelled
15740,765,6,2026-03-30 01:24:33.353823,cancelled
15741,3432,1,2026-01-13 01:55:25.137192,cancelled
15742,4377,5,2026-01-16 00:46:18.253567,pending
15743,4221,2,2026-01-22 00:35:31.620826,pending
15744,1104,3,2026-03-26 05:31:31.191715,completed
15745,938,3,2026-01-19 22:05:53.599993,completed
15746,3411,10,2026-02-21 21:39:27.685639,cancelled
15747,2177,7,2026-01-31 08:11:51.412604,pending
15748,571,4,2026-03-04 10:11:07.708844,completed
15749,2093,6,2026-03-07 08:48:33.610724,pending
15750,3668,9,2026-03-04 12:23:54.121699,pending
15751,2987,5,2026-03-04 01:06:06.352150,cancelled
15752,2658,3,2026-01-08 08:37:19.194063,cancelled
15753,3841,2,2026-03-22 23:13:27.857806,cancelled
15754,2534,4,2026-02-28 02:49:07.460569,pending
15755,3293,2,2026-01-24 11:04:52.051564,pending
15756,1042,8,2026-02-13 15:08:59.567100,pending
15757,2391,7,2026-02-16 21:52:03.200953,completed
15758,1396,9,2026-02-10 15:25:51.216236,pending
15759,130,5,2026-01-21 21:16:08.285620,pending
15760,309,6,2026-04-05 10:55:19.514634,pending
15761,3579,4,2026-01-14 03:55:44.246184,completed
15762,1083,3,2026-01-01 23:21:34.414946,cancelled
15763,3363,5,2026-03-05 21:18:34.030362,completed
15764,2664,6,2026-03-12 23:13:03.806993,pending
15765,3085,6,2026-02-23 20:57:17.799092,completed
15766,3308,4,2026-03-25 18:19:51.667399,completed
15767,2197,8,2026-01-25 01:20:55.776450,pending
15768,3033,4,2026-02-01 16:28:11.224843,cancelled
15769,4998,10,2026-04-01 18:57:30.749021,completed
15770,980,4,2026-03-18 14:40:07.999704,cancelled
15771,254,5,2026-02-11 09:40:30.588662,completed
15772,1370,10,2026-04-02 12:16:55.523452,cancelled
15773,4395,4,2026-01-02 23:26:31.923034,cancelled
15774,597,10,2026-01-08 11:05:52.803128,pending
15775,320,5,2026-04-06 10:11:20.469037,completed
15776,1824,2,2026-03-01 13:29:51.582751,pending
15777,3072,8,2026-02-11 11:08:31.393526,completed
15778,4103,6,2026-01-29 21:57:58.384519,pending
15779,626,10,2026-02-04 18:14:54.386017,completed
15780,3830,7,2026-02-01 00:02:44.858285,completed
15781,4807,7,2026-01-01 23:52:04.378953,completed
15782,768,8,2026-02-26 08:52:01.030004,cancelled
15783,2388,2,2026-01-31 20:27:37.949208,completed
15784,538,3,2026-01-30 18:34:59.168231,cancelled
15785,3410,3,2026-01-25 14:04:24.927908,cancelled
15786,1423,5,2026-02-26 20:14:43.396404,pending
15787,4504,9,2026-03-13 16:10:40.375857,pending
15788,3506,10,2026-03-22 22:21:49.788850,completed
15789,2319,5,2026-03-18 19:52:08.443380,completed
15790,2374,10,2026-02-05 22:10:06.754152,cancelled
15791,4981,3,2026-02-16 23:12:16.968083,pending
15792,2757,5,2026-03-26 11:36:09.528300,cancelled
15793,2918,2,2026-02-18 10:35:23.390242,completed
15794,4212,8,2026-02-09 04:40:50.713202,completed
15795,3218,9,2026-01-17 22:05:01.777362,pending
15796,2228,8,2026-03-14 05:41:11.465315,pending
15797,1437,3,2026-01-01 23:57:45.237127,pending
15798,1630,7,2026-03-02 14:47:14.396195,pending
15799,1017,4,2026-03-08 04:13:33.110503,pending
15800,1091,8,2026-02-02 15:57:28.193422,cancelled
15801,4357,5,2026-02-09 13:46:45.246593,pending
15802,723,5,2026-02-16 11:14:17.160029,completed
15803,4283,9,2026-03-26 17:19:28.330045,cancelled
15804,1424,9,2026-01-29 23:12:23.004849,cancelled
15805,67,8,2026-03-25 13:19:00.589677,completed
15806,1973,3,2026-01-12 06:37:06.642378,pending
15807,3962,7,2026-02-07 07:46:46.536087,completed
15808,2182,6,2026-03-03 10:47:36.940431,completed
15809,2110,1,2026-03-09 13:36:07.476550,cancelled
15810,426,3,2026-02-04 23:19:16.888947,completed
15811,3934,5,2026-03-31 00:02:08.514823,pending
15812,1515,4,2026-02-18 06:08:53.372464,cancelled
15813,4969,1,2026-01-12 15:01:26.850994,cancelled
15814,1522,5,2026-03-12 03:59:23.054804,cancelled
15815,771,10,2026-01-21 22:06:57.364073,completed
15816,4490,7,2026-02-03 20:52:06.383453,cancelled
15817,3819,2,2026-03-13 07:15:21.028744,cancelled
15818,258,10,2026-02-06 05:50:24.315406,pending
15819,106,6,2026-04-01 23:13:38.785021,pending
15820,1195,4,2026-01-09 15:13:53.068656,pending
15821,755,10,2026-01-27 17:52:12.560372,pending
15822,2834,8,2026-03-22 03:41:07.131537,completed
15823,2598,3,2026-03-09 10:33:49.979902,pending
15824,4102,2,2026-01-01 08:37:01.590775,cancelled
15825,2088,9,2026-02-14 04:54:41.948749,pending
15826,1956,5,2026-02-18 19:51:17.076180,cancelled
15827,3299,2,2026-03-31 19:30:02.463395,cancelled
15828,1425,9,2026-02-13 18:31:21.146480,cancelled
15829,2960,7,2026-01-06 22:41:28.987985,completed
15830,4815,5,2026-02-03 14:28:32.434147,cancelled
15831,522,4,2026-03-16 03:24:37.502540,completed
15832,2673,7,2026-03-19 18:47:21.449307,pending
15833,1001,8,2026-03-28 15:17:23.823009,cancelled
15834,1082,9,2026-04-03 08:33:04.176336,pending
15835,2872,5,2026-01-31 18:00:23.513654,pending
15836,674,8,2026-01-20 23:23:07.718779,completed
15837,2169,5,2026-02-08 09:55:56.423221,pending
15838,1679,10,2026-01-03 03:57:29.428361,cancelled
15839,4791,10,2026-02-16 22:05:42.763369,completed
15840,1942,2,2026-03-15 20:17:01.780687,completed
15841,2617,5,2026-03-02 08:26:02.585213,pending
15842,1297,5,2026-03-27 14:22:52.074430,cancelled
15843,2823,2,2026-01-20 11:20:22.301801,completed
15844,2233,9,2026-03-28 05:54:14.007222,pending
15845,3090,9,2026-03-17 02:40:51.471642,completed
15846,2161,3,2026-02-26 12:33:49.143262,cancelled
15847,2531,7,2026-02-23 01:37:58.860128,completed
15848,981,2,2026-03-12 23:13:39.602772,completed
15849,4366,3,2026-04-07 13:50:18.707607,pending
15850,3613,8,2026-02-11 09:58:26.426851,pending
15851,2578,7,2026-03-16 10:00:05.629708,completed
15852,1875,2,2026-02-01 14:57:29.674891,pending
15853,323,6,2026-03-19 07:57:02.872778,completed
15854,653,2,2026-02-17 04:17:40.418580,cancelled
15855,3006,9,2026-03-06 18:32:56.939286,pending
15856,632,8,2026-01-05 04:00:12.205794,cancelled
15857,2402,4,2026-02-26 13:00:45.749687,completed
15858,1338,1,2026-01-04 01:34:26.973511,cancelled
15859,4781,8,2026-01-01 20:22:44.293612,cancelled
15860,3473,9,2026-01-16 15:36:17.310769,cancelled
15861,2232,9,2026-01-23 02:20:21.265756,pending
15862,3405,5,2026-03-18 18:58:45.990983,completed
15863,957,8,2026-01-31 14:18:15.641046,completed
15864,674,7,2026-01-30 16:57:00.199473,cancelled
15865,3348,5,2026-01-17 13:17:42.756806,pending
15866,2185,3,2026-03-24 19:01:22.283681,pending
15867,4444,10,2026-01-23 18:22:46.582428,pending
15868,901,3,2026-01-25 04:08:06.998261,cancelled
15869,3657,9,2026-03-29 00:19:49.894221,completed
15870,4386,1,2026-01-30 15:38:40.936064,completed
15871,902,10,2026-01-13 09:57:50.493505,cancelled
15872,345,5,2026-02-07 23:38:47.967331,cancelled
15873,4554,7,2026-01-21 20:13:04.590112,pending
15874,3129,9,2026-02-20 14:43:15.029894,pending
15875,147,7,2026-01-13 10:07:12.320294,completed
15876,508,4,2026-03-05 10:04:59.220753,pending
15877,3849,6,2026-03-25 03:33:28.458404,pending
15878,3282,8,2026-03-24 09:05:06.654306,cancelled
15879,2834,1,2026-03-07 11:37:36.446716,completed
15880,1544,6,2026-03-28 00:26:13.240188,pending
15881,1019,10,2026-02-04 19:12:58.466353,pending
15882,4888,2,2026-03-25 16:57:37.326290,cancelled
15883,3937,3,2026-01-17 16:19:26.836869,cancelled
15884,1359,1,2026-01-14 21:09:17.116446,completed
15885,330,6,2026-03-22 12:00:12.157756,cancelled
15886,1722,10,2026-01-26 01:39:10.152951,completed
15887,2341,7,2026-02-04 03:27:31.067339,pending
15888,2869,6,2026-03-12 13:39:43.076575,completed
15889,4698,3,2026-03-07 05:30:35.434655,pending
15890,2832,2,2026-03-15 06:54:24.851384,cancelled
15891,4126,6,2026-01-14 20:08:00.566593,completed
15892,221,8,2026-02-14 16:55:37.418871,completed
15893,4059,6,2026-02-15 15:41:06.809866,pending
15894,1202,1,2026-03-02 15:59:32.992374,completed
15895,225,1,2026-02-28 08:35:02.656050,completed
15896,4180,4,2026-03-29 19:30:23.007185,cancelled
15897,3912,1,2026-02-15 13:47:55.287181,pending
15898,999,9,2026-01-01 08:52:40.595633,cancelled
15899,4348,8,2026-01-03 18:43:49.708737,cancelled
15900,4580,4,2026-02-05 00:46:58.603493,pending
15901,1742,3,2026-02-05 06:38:53.707487,pending
15902,3667,3,2026-01-05 12:31:15.921986,pending
15903,1377,10,2026-01-19 21:36:04.233610,pending
15904,795,7,2026-02-13 18:24:15.863618,pending
15905,945,5,2026-02-18 22:38:53.113745,completed
15906,4762,10,2026-02-22 13:35:41.334861,cancelled
15907,687,2,2026-01-27 03:16:17.225837,completed
15908,1277,2,2026-01-14 13:16:49.749323,completed
15909,3067,5,2026-03-18 07:05:11.922926,pending
15910,749,4,2026-02-04 05:26:59.066279,pending
15911,1083,3,2026-02-26 14:22:46.492576,cancelled
15912,1824,6,2026-02-27 03:46:26.390945,completed
15913,3347,3,2026-02-06 23:45:31.614959,completed
15914,2363,1,2026-03-09 14:26:57.149815,pending
15915,1954,1,2026-01-10 07:54:10.776057,pending
15916,60,5,2026-03-02 18:46:04.504615,completed
15917,1446,2,2026-01-19 20:08:29.956650,cancelled
15918,2685,2,2026-02-23 05:15:20.866139,completed
15919,2808,3,2026-02-17 00:08:27.135510,completed
15920,761,10,2026-03-19 13:13:58.481820,completed
15921,790,5,2026-03-25 12:18:31.207451,completed
15922,4898,7,2026-01-17 19:37:25.655945,cancelled
15923,142,1,2026-03-17 02:17:33.805720,pending
15924,2366,9,2026-03-03 17:06:28.635592,cancelled
15925,3718,1,2026-03-22 20:32:30.203225,pending
15926,4645,10,2026-02-14 22:46:01.303802,completed
15927,461,10,2026-03-15 03:02:42.916549,pending
15928,4242,8,2026-01-03 23:51:51.371714,cancelled
15929,4673,3,2026-04-07 01:43:19.670649,completed
15930,4339,9,2026-01-30 12:00:48.529615,pending
15931,1772,10,2026-04-04 01:58:15.780181,pending
15932,2228,5,2026-01-31 01:18:58.644108,pending
15933,2965,8,2026-02-24 15:24:55.739475,pending
15934,2092,10,2026-02-23 06:22:04.618057,cancelled
15935,3526,6,2026-03-19 08:10:08.443449,completed
15936,4911,4,2026-01-16 03:42:59.837545,pending
15937,2001,5,2026-02-15 17:37:30.726014,pending
15938,1089,5,2026-01-06 19:48:57.575215,completed
15939,1256,10,2026-02-02 09:46:34.098642,cancelled
15940,4988,7,2026-01-04 03:32:13.822202,completed
15941,432,2,2026-02-10 18:03:34.445385,cancelled
15942,4446,7,2026-02-06 21:43:18.281343,pending
15943,417,6,2026-02-22 01:07:58.460036,pending
15944,1121,9,2026-01-22 04:47:00.643690,completed
15945,1258,6,2026-02-28 01:37:25.706286,completed
15946,115,6,2026-03-22 02:30:09.335235,pending
15947,3635,6,2026-02-10 19:17:59.823959,completed
15948,137,9,2026-02-05 20:40:57.318316,completed
15949,2598,7,2026-01-26 22:28:36.473334,pending
15950,640,8,2026-02-18 11:36:49.400450,cancelled
15951,4997,2,2026-03-30 16:31:45.696303,completed
15952,2213,2,2026-03-30 10:28:07.137621,pending
15953,3357,1,2026-01-17 00:00:01.932458,pending
15954,1988,4,2026-03-06 18:22:45.807227,completed
15955,4450,6,2026-01-15 12:27:12.952621,pending
15956,588,6,2026-03-23 07:39:39.340677,pending
15957,1694,6,2026-01-02 15:03:15.355138,cancelled
15958,1713,6,2026-01-14 21:25:15.170839,completed
15959,2335,5,2026-03-10 06:24:56.072810,completed
15960,1716,8,2026-02-09 05:24:44.679565,pending
15961,2994,10,2026-03-01 14:02:54.917394,pending
15962,4386,5,2026-01-25 06:07:22.379474,cancelled
15963,2175,4,2026-01-05 01:05:47.301243,pending
15964,714,8,2026-02-11 15:22:28.418188,cancelled
15965,3648,3,2026-03-15 10:42:48.332880,pending
15966,617,6,2026-03-23 02:26:53.930149,cancelled
15967,1994,9,2026-03-19 13:15:26.868069,cancelled
15968,845,9,2026-01-17 00:29:52.595311,pending
15969,2972,9,2026-03-30 22:04:09.709655,completed
15970,1371,2,2026-03-31 23:49:33.276112,cancelled
15971,3548,10,2026-03-02 23:57:54.048931,cancelled
15972,2327,6,2026-02-25 23:55:14.779060,cancelled
15973,1862,8,2026-01-07 00:21:01.134160,completed
15974,4364,8,2026-02-04 01:27:52.834159,cancelled
15975,3541,2,2026-02-21 09:06:28.816467,cancelled
15976,1527,9,2026-02-10 08:17:13.981103,completed
15977,4852,8,2026-01-20 19:33:23.528089,pending
15978,77,1,2026-01-14 20:09:27.605591,completed
15979,386,10,2026-02-04 03:55:31.881094,cancelled
15980,132,4,2026-01-31 19:58:26.238553,pending
15981,2258,7,2026-03-15 14:17:33.576245,pending
15982,4377,8,2026-03-07 01:56:13.246129,cancelled
15983,1555,3,2026-02-06 03:27:14.076910,pending
15984,373,10,2026-01-22 19:58:42.105782,pending
15985,354,8,2026-03-05 21:41:25.428322,cancelled
15986,4421,6,2026-03-12 07:00:06.129798,cancelled
15987,2608,7,2026-01-16 04:41:15.598019,completed
15988,1439,3,2026-04-07 02:04:13.607964,completed
15989,2310,7,2026-01-15 14:09:10.312589,completed
15990,2558,8,2026-01-22 20:28:50.061403,completed
15991,254,6,2026-03-22 01:08:21.881157,completed
15992,365,6,2026-01-12 05:27:35.918450,pending
15993,4368,1,2026-01-24 08:52:36.377553,cancelled
15994,4943,1,2026-03-24 15:28:34.268734,completed
15995,3490,5,2026-01-31 14:25:25.528301,pending
15996,1123,8,2026-01-06 11:02:12.723680,pending
15997,1008,1,2026-03-22 17:17:24.759048,completed
15998,474,8,2026-03-22 01:05:35.054378,cancelled
15999,1064,9,2026-01-22 00:56:54.767187,completed
16000,211,4,2026-03-26 12:13:55.936542,completed
16001,1838,8,2026-02-02 04:24:15.922636,cancelled
16002,3603,7,2026-02-20 20:45:35.439651,completed
16003,2135,5,2026-03-05 18:26:50.537334,cancelled
16004,2950,1,2026-01-14 01:15:03.141296,cancelled
16005,4120,6,2026-01-08 14:10:53.581714,completed
16006,2882,2,2026-03-08 09:40:22.514820,completed
16007,872,9,2026-01-19 08:33:37.603135,pending
16008,1269,6,2026-02-19 23:23:30.827602,completed
16009,2675,9,2026-02-15 01:53:01.368798,pending
16010,42,6,2026-02-10 14:22:06.342297,completed
16011,1062,1,2026-01-25 19:14:46.871086,pending
16012,2876,2,2026-03-27 11:35:46.976825,cancelled
16013,3422,8,2026-03-02 19:29:54.528552,cancelled
16014,3264,8,2026-02-18 05:40:14.969869,pending
16015,2877,3,2026-02-28 21:05:42.454981,cancelled
16016,4017,8,2026-02-26 06:21:39.899016,pending
16017,684,4,2026-03-07 23:58:56.400258,cancelled
16018,2525,8,2026-04-04 11:04:03.238204,cancelled
16019,29,7,2026-02-27 17:52:44.059573,cancelled
16020,3095,7,2026-02-14 11:22:34.334237,completed
16021,1888,8,2026-03-03 23:57:20.699963,pending
16022,2597,6,2026-02-03 17:52:05.993475,pending
16023,609,3,2026-02-03 09:15:51.886355,pending
16024,2145,2,2026-02-17 18:39:54.390426,cancelled
16025,641,1,2026-02-20 22:35:21.739333,pending
16026,121,10,2026-01-02 15:04:31.784514,completed
16027,3045,3,2026-02-03 20:20:21.982521,completed
16028,845,4,2026-01-25 20:37:43.844263,pending
16029,1036,2,2026-01-25 00:42:09.964670,pending
16030,4381,1,2026-02-07 23:50:50.480008,pending
16031,622,4,2026-02-03 00:18:01.084944,pending
16032,2981,3,2026-03-05 09:00:53.141245,cancelled
16033,4585,8,2026-03-23 18:36:10.684304,completed
16034,4201,9,2026-02-07 18:26:13.780229,pending
16035,4241,2,2026-01-18 06:47:39.046900,pending
16036,1235,9,2026-03-24 11:52:19.701586,cancelled
16037,4781,1,2026-03-23 13:28:17.291079,pending
16038,3644,7,2026-03-05 00:04:47.694232,completed
16039,3165,7,2026-04-06 15:55:37.031495,pending
16040,2426,10,2026-01-18 04:05:35.628456,pending
16041,750,2,2026-01-28 15:36:57.187995,completed
16042,1304,4,2026-03-16 08:31:05.196452,pending
16043,4395,5,2026-02-05 08:01:24.293997,cancelled
16044,3393,1,2026-01-11 08:10:02.523568,completed
16045,4507,10,2026-01-20 07:27:43.093463,pending
16046,4662,3,2026-03-15 14:48:28.510186,completed
16047,685,9,2026-01-31 13:21:46.796700,completed
16048,19,4,2026-04-02 09:17:35.166307,cancelled
16049,2256,10,2026-02-21 17:46:01.771810,completed
16050,3476,6,2026-03-26 10:26:10.179494,cancelled
16051,4862,5,2026-03-09 05:35:31.853704,cancelled
16052,2348,4,2026-02-11 20:04:21.849069,completed
16053,2237,7,2026-03-15 18:16:04.015501,pending
16054,1213,6,2026-03-27 05:50:10.617140,completed
16055,54,10,2026-01-06 09:05:01.014480,cancelled
16056,3097,4,2026-02-07 23:31:00.022680,cancelled
16057,1987,8,2026-03-17 06:56:25.591109,cancelled
16058,502,10,2026-03-30 23:25:10.990602,completed
16059,2628,1,2026-03-14 23:15:41.939911,completed
16060,1781,1,2026-01-07 08:29:21.870003,pending
16061,2596,6,2026-03-02 05:14:35.350322,pending
16062,3726,2,2026-03-20 16:47:04.800857,pending
16063,4349,8,2026-04-01 03:38:08.988933,cancelled
16064,413,1,2026-02-12 00:59:20.178782,cancelled
16065,2033,7,2026-03-08 18:21:36.488281,pending
16066,3539,9,2026-02-08 10:35:22.548842,pending
16067,2368,10,2026-02-18 14:41:42.590871,completed
16068,163,10,2026-02-17 19:05:48.282837,completed
16069,1436,1,2026-01-06 11:13:10.907103,pending
16070,4781,2,2026-02-02 20:03:40.802232,cancelled
16071,410,3,2026-01-29 01:16:04.719208,pending
16072,3033,9,2026-03-20 06:16:56.766512,pending
16073,1883,2,2026-01-20 04:03:56.024947,pending
16074,4181,9,2026-01-07 09:19:21.407405,completed
16075,2315,4,2026-03-04 11:46:46.321898,pending
16076,4734,3,2026-03-13 01:34:58.442967,cancelled
16077,4799,6,2026-03-11 12:40:59.654448,pending
16078,3112,5,2026-03-26 18:39:12.916828,cancelled
16079,1528,7,2026-03-03 06:22:17.346229,cancelled
16080,339,6,2026-01-31 22:31:50.387017,completed
16081,2237,5,2026-02-23 02:30:18.280729,pending
16082,3215,7,2026-03-05 10:51:00.790680,cancelled
16083,1608,9,2026-01-02 15:12:39.972555,pending
16084,523,1,2026-01-03 11:41:29.671041,cancelled
16085,4541,10,2026-04-01 10:52:38.625812,completed
16086,4903,7,2026-01-05 00:29:23.883359,pending
16087,4884,10,2026-03-29 04:17:15.057173,cancelled
16088,4105,7,2026-02-24 09:22:53.068083,cancelled
16089,1908,9,2026-03-30 02:41:39.801458,cancelled
16090,4792,4,2026-03-11 12:27:23.696802,pending
16091,3703,5,2026-04-02 16:23:59.298576,completed
16092,886,8,2026-01-11 09:44:49.182061,completed
16093,1914,6,2026-02-02 23:57:21.584620,cancelled
16094,2577,9,2026-04-02 07:42:11.546205,cancelled
16095,4190,8,2026-02-16 04:42:20.614388,completed
16096,3528,2,2026-02-21 22:17:10.942005,cancelled
16097,1548,1,2026-02-24 09:23:51.810630,pending
16098,4062,9,2026-01-09 13:32:59.420449,completed
16099,4628,7,2026-04-03 05:16:42.529915,completed
16100,2854,1,2026-01-04 21:43:06.413015,completed
16101,1274,10,2026-03-14 18:43:35.664273,cancelled
16102,2158,8,2026-03-16 06:15:41.750782,completed
16103,1738,1,2026-02-02 05:40:52.911584,cancelled
16104,2405,4,2026-02-12 02:47:54.577723,completed
16105,1162,5,2026-02-13 02:32:33.513396,cancelled
16106,2506,6,2026-01-13 20:48:07.562861,completed
16107,4117,3,2026-01-24 22:51:02.996409,pending
16108,3301,1,2026-03-08 21:31:52.863414,completed
16109,3909,9,2026-01-10 23:32:53.153084,completed
16110,4224,6,2026-02-14 12:31:14.964419,pending
16111,1015,10,2026-01-16 04:14:02.217918,pending
16112,1556,9,2026-01-27 17:22:12.845165,pending
16113,533,10,2026-03-22 10:34:10.062860,completed
16114,1319,7,2026-01-24 17:31:50.527203,completed
16115,3497,6,2026-01-11 13:26:00.539693,completed
16116,3681,10,2026-02-16 16:17:10.810560,cancelled
16117,3169,5,2026-01-23 02:15:25.140622,cancelled
16118,2937,1,2026-02-08 07:34:59.676165,cancelled
16119,3728,4,2026-01-24 16:24:03.525767,cancelled
16120,3486,3,2026-03-26 04:22:37.536536,cancelled
16121,3157,2,2026-03-06 09:27:59.720755,pending
16122,759,1,2026-03-28 16:11:09.956880,cancelled
16123,3103,1,2026-03-21 22:58:42.294778,pending
16124,506,10,2026-03-05 01:25:18.406561,cancelled
16125,4129,2,2026-01-22 15:18:49.350945,completed
16126,4317,4,2026-04-02 22:07:36.860765,pending
16127,4602,8,2026-03-23 20:44:22.233414,pending
16128,2858,2,2026-02-23 16:58:23.456325,pending
16129,43,3,2026-01-20 08:19:04.491594,pending
16130,1049,6,2026-03-12 13:20:39.646888,completed
16131,4933,2,2026-02-17 23:12:02.989479,completed
16132,2031,7,2026-01-07 20:28:40.040775,completed
16133,778,4,2026-02-08 15:09:10.234323,cancelled
16134,2638,2,2026-02-05 08:29:48.535502,pending
16135,36,5,2026-03-23 23:39:32.981806,cancelled
16136,1761,8,2026-03-19 02:33:16.413399,pending
16137,4486,4,2026-03-15 12:34:37.895156,cancelled
16138,3204,1,2026-01-24 04:19:49.331493,cancelled
16139,2916,5,2026-01-09 04:56:01.284640,cancelled
16140,4503,2,2026-03-31 02:47:50.938510,cancelled
16141,4827,8,2026-01-15 13:03:05.250507,cancelled
16142,3652,10,2026-02-26 02:00:35.635374,cancelled
16143,1499,2,2026-02-02 11:51:47.409245,cancelled
16144,4475,10,2026-03-15 04:39:14.877148,cancelled
16145,4209,6,2026-02-22 09:29:16.923555,completed
16146,4776,10,2026-01-08 23:07:08.824986,cancelled
16147,333,1,2026-02-10 10:33:22.806053,completed
16148,4867,6,2026-01-29 12:45:23.109859,cancelled
16149,2928,6,2026-02-04 14:29:24.966983,cancelled
16150,676,9,2026-01-30 08:21:27.888665,completed
16151,28,2,2026-01-26 05:45:39.449757,pending
16152,1001,9,2026-04-05 03:25:16.121953,pending
16153,2965,7,2026-01-09 18:30:02.553700,pending
16154,562,9,2026-03-16 13:18:34.151654,cancelled
16155,3257,9,2026-03-08 01:58:43.522480,completed
16156,3215,6,2026-04-06 12:58:54.405334,pending
16157,36,1,2026-01-01 22:17:15.281787,completed
16158,4765,8,2026-01-03 11:47:17.427108,completed
16159,924,2,2026-01-09 10:25:28.263345,cancelled
16160,950,4,2026-01-12 13:12:53.132702,cancelled
16161,407,7,2026-03-16 05:44:58.449126,cancelled
16162,4755,3,2026-02-14 00:13:27.137066,pending
16163,4899,1,2026-02-15 05:52:50.840284,pending
16164,1679,1,2026-04-04 00:19:33.072310,completed
16165,3314,8,2026-01-27 11:49:41.322441,cancelled
16166,4290,6,2026-02-21 14:14:51.472763,cancelled
16167,1499,8,2026-01-01 19:17:39.560679,pending
16168,1975,6,2026-03-14 07:56:31.257688,pending
16169,239,3,2026-02-19 05:31:19.144225,pending
16170,2414,1,2026-03-25 00:21:42.796923,pending
16171,812,5,2026-02-06 16:08:31.157262,pending
16172,3679,1,2026-03-02 09:39:48.503097,pending
16173,3214,6,2026-02-15 10:14:25.326947,completed
16174,1861,5,2026-03-02 12:12:39.215620,cancelled
16175,4431,8,2026-02-14 10:16:57.395509,completed
16176,2025,8,2026-02-04 19:43:14.399515,pending
16177,1776,10,2026-03-06 07:31:39.974175,pending
16178,4288,3,2026-02-12 04:20:25.954751,cancelled
16179,4514,2,2026-03-17 17:09:26.734550,pending
16180,3804,8,2026-01-25 22:58:02.503707,pending
16181,1356,2,2026-01-22 03:57:22.815493,completed
16182,4713,9,2026-01-13 15:08:42.106502,cancelled
16183,1605,1,2026-01-09 22:07:42.006543,pending
16184,4558,4,2026-01-11 07:04:42.478862,cancelled
16185,44,4,2026-02-09 04:13:12.420733,cancelled
16186,2654,6,2026-03-11 04:05:37.490635,cancelled
16187,3132,5,2026-02-19 20:50:02.468298,pending
16188,1022,9,2026-03-18 01:45:30.296842,completed
16189,4268,2,2026-01-09 06:54:10.938841,completed
16190,561,9,2026-01-30 15:21:36.343016,pending
16191,4921,7,2026-02-10 14:42:10.083877,cancelled
16192,305,5,2026-02-26 04:29:19.275530,pending
16193,3831,8,2026-04-02 18:26:32.158544,cancelled
16194,2767,2,2026-04-05 23:18:19.721424,completed
16195,1174,2,2026-01-22 04:33:02.281534,cancelled
16196,469,7,2026-02-13 09:44:12.125433,pending
16197,1821,6,2026-02-16 10:23:41.502969,pending
16198,3449,1,2026-03-15 22:55:12.801970,cancelled
16199,3660,8,2026-01-09 18:25:48.419817,cancelled
16200,4560,1,2026-03-28 23:28:49.867666,pending
16201,797,9,2026-03-08 22:01:36.139289,completed
16202,1735,5,2026-03-24 03:43:35.045558,completed
16203,2684,5,2026-02-24 04:54:59.421834,pending
16204,4090,2,2026-03-07 17:25:31.031220,pending
16205,4166,8,2026-01-12 02:37:33.957425,pending
16206,492,5,2026-02-04 22:16:43.702533,completed
16207,3565,5,2026-02-23 23:24:16.938333,cancelled
16208,835,6,2026-03-24 07:21:46.821830,pending
16209,629,2,2026-02-06 00:06:06.021050,pending
16210,2734,7,2026-03-20 20:28:24.304981,cancelled
16211,1039,1,2026-03-05 05:08:06.246202,pending
16212,209,4,2026-02-08 09:42:16.954494,cancelled
16213,4824,5,2026-03-08 04:05:07.376215,completed
16214,520,8,2026-02-17 19:18:32.986163,cancelled
16215,1912,6,2026-03-16 22:26:12.657547,completed
16216,2691,7,2026-01-03 05:03:01.857293,cancelled
16217,2063,4,2026-01-06 22:02:43.447554,pending
16218,896,5,2026-03-22 10:36:39.993989,completed
16219,891,8,2026-04-03 09:37:39.045825,cancelled
16220,2691,6,2026-03-10 16:06:39.913810,cancelled
16221,1950,2,2026-02-15 02:37:41.481372,pending
16222,914,1,2026-04-04 22:38:36.364931,pending
16223,2269,10,2026-01-12 00:46:01.045580,pending
16224,2287,5,2026-01-05 18:09:33.569006,pending
16225,1294,10,2026-03-08 21:20:23.044010,completed
16226,2773,3,2026-03-19 14:28:23.573044,completed
16227,3520,4,2026-03-01 05:03:41.028841,cancelled
16228,4033,10,2026-01-31 04:33:42.627503,pending
16229,3210,7,2026-01-30 17:07:11.640071,pending
16230,2942,1,2026-03-28 00:55:50.820184,cancelled
16231,3804,8,2026-01-13 07:22:11.898722,cancelled
16232,469,9,2026-02-08 07:53:36.177215,completed
16233,4445,2,2026-01-31 07:06:03.031482,cancelled
16234,1049,3,2026-01-19 05:52:06.317958,completed
16235,1756,7,2026-02-10 16:56:06.815979,pending
16236,2224,5,2026-01-02 20:19:50.977354,cancelled
16237,3056,8,2026-02-10 17:21:07.696878,completed
16238,2964,8,2026-01-14 01:11:30.633246,completed
16239,1906,2,2026-03-08 12:51:42.716507,cancelled
16240,1161,4,2026-03-29 10:00:34.242560,completed
16241,3792,3,2026-01-10 18:06:11.000412,completed
16242,960,3,2026-03-18 12:51:23.672103,completed
16243,4533,1,2026-01-11 23:06:26.505400,pending
16244,3995,6,2026-01-05 00:37:25.365996,cancelled
16245,3326,10,2026-03-16 17:16:26.045595,cancelled
16246,3061,6,2026-03-08 15:14:41.876216,cancelled
16247,2084,1,2026-02-18 10:18:59.977436,pending
16248,2513,3,2026-03-14 08:34:39.611845,cancelled
16249,802,6,2026-03-26 13:30:28.361820,completed
16250,1702,6,2026-01-25 23:58:58.752657,cancelled
16251,4868,10,2026-01-22 00:22:47.875023,pending
16252,1281,10,2026-03-23 03:19:46.661632,pending
16253,4475,2,2026-02-07 10:12:29.230826,pending
16254,4773,10,2026-01-20 01:41:59.344699,completed
16255,3418,4,2026-01-21 17:18:22.138482,cancelled
16256,4084,7,2026-01-15 00:12:53.000237,completed
16257,2894,3,2026-02-27 06:45:30.711124,cancelled
16258,4798,6,2026-02-23 19:52:41.630875,completed
16259,6,5,2026-03-19 18:26:23.764020,pending
16260,4865,8,2026-04-01 08:45:14.135211,completed
16261,4446,3,2026-04-06 12:57:02.682709,pending
16262,4265,3,2026-02-03 18:36:59.492783,completed
16263,4570,9,2026-03-01 17:01:09.394162,cancelled
16264,3746,1,2026-02-08 15:07:35.049797,cancelled
16265,4839,1,2026-01-07 17:41:04.984575,cancelled
16266,3709,9,2026-03-25 02:50:17.021348,cancelled
16267,3861,2,2026-03-03 11:07:01.711560,completed
16268,1470,8,2026-03-27 07:44:23.716564,completed
16269,2489,1,2026-02-02 09:34:10.620967,completed
16270,2287,7,2026-02-26 19:06:45.066739,completed
16271,1976,1,2026-04-05 03:55:27.178935,pending
16272,2858,9,2026-02-19 06:23:37.817553,completed
16273,3176,8,2026-04-07 06:44:45.969838,pending
16274,4569,7,2026-03-10 23:26:57.589158,cancelled
16275,492,4,2026-03-30 17:02:50.310473,pending
16276,3550,9,2026-03-06 15:18:12.002283,completed
16277,3557,8,2026-01-17 02:45:59.702723,cancelled
16278,990,3,2026-02-16 14:11:25.558731,completed
16279,3562,6,2026-03-02 17:57:03.605138,cancelled
16280,1029,1,2026-01-05 22:23:27.432922,pending
16281,2403,1,2026-02-18 04:21:13.591859,pending
16282,789,3,2026-01-03 08:39:33.863908,completed
16283,4891,10,2026-02-25 12:17:37.923392,completed
16284,967,4,2026-02-22 13:44:54.757571,pending
16285,3437,2,2026-01-26 06:21:04.018761,pending
16286,1702,3,2026-01-01 15:13:23.230515,cancelled
16287,857,5,2026-01-12 09:06:53.743253,completed
16288,2077,8,2026-01-29 04:42:06.295974,completed
16289,4179,1,2026-02-18 16:34:26.901026,pending
16290,4335,3,2026-02-10 19:21:04.261542,cancelled
16291,4,7,2026-03-07 05:38:17.926812,cancelled
16292,2928,6,2026-01-11 22:16:34.867365,pending
16293,4336,6,2026-04-01 18:59:16.522924,completed
16294,546,10,2026-03-19 12:09:38.460778,completed
16295,2118,5,2026-02-24 18:00:18.272298,cancelled
16296,4324,8,2026-01-14 16:40:04.482621,completed
16297,3885,2,2026-03-31 22:14:46.865550,pending
16298,4852,2,2026-04-04 21:38:51.728182,completed
16299,1694,10,2026-03-08 05:05:09.588543,completed
16300,2193,5,2026-02-07 00:51:19.786675,cancelled
16301,3918,4,2026-03-03 22:22:38.834690,cancelled
16302,1045,8,2026-01-21 12:48:59.605075,pending
16303,4789,8,2026-03-27 04:49:44.144010,pending
16304,3411,6,2026-01-19 02:59:22.015028,pending
16305,807,1,2026-01-09 10:35:29.448781,pending
16306,1822,8,2026-02-19 12:42:11.685777,pending
16307,2712,10,2026-01-13 19:47:30.848602,completed
16308,3267,6,2026-01-20 01:16:03.914482,pending
16309,3986,4,2026-01-05 15:44:54.418575,cancelled
16310,2060,2,2026-02-03 06:50:36.034629,completed
16311,4000,2,2026-01-01 10:43:22.392075,cancelled
16312,1631,8,2026-03-20 19:06:58.754971,completed
16313,4269,9,2026-01-06 04:17:40.836422,cancelled
16314,2387,4,2026-02-18 15:18:59.491300,pending
16315,979,8,2026-03-14 15:25:33.747818,completed
16316,3399,5,2026-02-05 13:22:18.418175,cancelled
16317,3226,2,2026-04-07 01:51:07.619114,cancelled
16318,3874,6,2026-03-09 02:05:36.134974,cancelled
16319,2083,10,2026-02-20 16:51:07.996025,completed
16320,4065,7,2026-02-13 09:23:12.398296,completed
16321,1034,4,2026-01-10 12:12:35.556777,pending
16322,2628,8,2026-03-15 17:12:46.169818,cancelled
16323,4438,9,2026-02-21 20:55:59.266590,completed
16324,2643,8,2026-03-15 06:30:45.100752,cancelled
16325,1561,4,2026-02-17 20:53:14.483268,pending
16326,4076,1,2026-03-01 13:17:36.818866,pending
16327,1203,9,2026-01-26 14:50:32.407914,completed
16328,2940,7,2026-01-03 13:59:19.468446,cancelled
16329,1144,2,2026-03-21 07:59:57.486276,pending
16330,3029,2,2026-03-18 00:38:57.113630,cancelled
16331,2279,2,2026-02-02 03:59:59.456278,cancelled
16332,815,3,2026-02-22 15:23:22.039957,completed
16333,3045,3,2026-03-02 23:24:51.069302,cancelled
16334,864,7,2026-03-27 06:41:13.821498,cancelled
16335,1332,3,2026-03-27 19:15:48.201496,pending
16336,3756,1,2026-02-02 09:37:52.705849,cancelled
16337,2118,6,2026-03-01 10:45:06.157617,completed
16338,2192,3,2026-01-19 18:07:56.586865,pending
16339,755,7,2026-02-26 02:35:23.573725,cancelled
16340,1515,3,2026-03-06 07:48:33.035361,completed
16341,1187,2,2026-01-06 17:12:12.589128,pending
16342,115,3,2026-03-11 11:15:25.569139,completed
16343,4530,8,2026-01-04 01:27:36.254836,completed
16344,2345,3,2026-02-26 09:30:53.692600,completed
16345,2522,3,2026-03-14 04:01:15.825842,completed
16346,2098,9,2026-03-28 16:43:02.616313,cancelled
16347,4425,10,2026-03-26 03:20:52.021004,pending
16348,2945,1,2026-01-14 15:51:53.080679,completed
16349,2793,3,2026-03-21 00:20:34.147343,pending
16350,632,6,2026-03-16 02:51:44.166734,cancelled
16351,4420,3,2026-02-11 20:13:08.469900,pending
16352,1867,9,2026-02-21 19:31:35.520287,cancelled
16353,2688,2,2026-02-15 13:20:56.234444,cancelled
16354,4145,7,2026-03-31 08:10:28.585970,pending
16355,4328,9,2026-02-08 09:59:06.971499,completed
16356,2494,3,2026-02-23 04:48:07.542230,completed
16357,2490,8,2026-02-03 03:06:02.907708,pending
16358,906,9,2026-03-28 03:13:30.461601,completed
16359,4296,10,2026-02-11 13:36:50.913369,completed
16360,225,6,2026-02-08 13:33:37.754846,pending
16361,4620,7,2026-02-20 00:28:08.691129,pending
16362,1230,4,2026-02-28 14:27:02.872636,pending
16363,4187,6,2026-03-25 23:05:15.840977,cancelled
16364,3101,3,2026-01-26 09:38:06.358336,completed
16365,4455,4,2026-03-10 07:49:51.314335,pending
16366,171,2,2026-01-31 10:55:09.473823,completed
16367,3817,9,2026-02-17 03:42:36.606848,completed
16368,4117,1,2026-02-10 00:48:55.147331,completed
16369,2842,3,2026-01-20 16:13:30.296150,pending
16370,516,5,2026-01-15 06:34:08.632613,cancelled
16371,2217,10,2026-02-11 06:26:47.609090,pending
16372,946,9,2026-02-13 01:14:31.492276,cancelled
16373,1533,2,2026-01-18 12:12:57.998875,cancelled
16374,4492,5,2026-01-31 04:27:49.615999,completed
16375,1921,1,2026-04-05 08:57:05.733386,completed
16376,2211,3,2026-02-15 01:17:03.297973,pending
16377,120,8,2026-03-11 07:46:34.751245,cancelled
16378,4621,10,2026-04-07 14:54:56.236964,cancelled
16379,4365,6,2026-01-22 15:42:31.848364,pending
16380,4649,7,2026-03-19 10:04:14.746587,pending
16381,4024,5,2026-01-04 08:57:49.550816,completed
16382,1424,6,2026-01-27 22:46:08.068469,pending
16383,4095,8,2026-03-17 07:55:43.952547,cancelled
16384,3873,9,2026-02-23 05:33:31.989858,completed
16385,4648,5,2026-04-02 20:38:00.896741,pending
16386,3739,3,2026-01-27 21:58:06.511178,completed
16387,3368,8,2026-02-17 17:53:51.293989,pending
16388,971,8,2026-04-03 01:08:31.739266,pending
16389,3833,10,2026-01-15 15:46:26.454536,pending
16390,1198,7,2026-01-19 22:17:40.706546,completed
16391,1008,9,2026-03-16 01:07:38.723533,cancelled
16392,4836,9,2026-03-24 18:32:55.191710,pending
16393,162,6,2026-01-12 22:08:59.587873,pending
16394,3137,10,2026-02-24 15:30:19.756388,completed
16395,2773,10,2026-01-26 17:40:48.034836,cancelled
16396,1554,8,2026-03-11 04:59:01.263615,cancelled
16397,3141,9,2026-03-15 06:25:34.437569,cancelled
16398,500,4,2026-03-29 02:26:56.428300,pending
16399,2392,6,2026-01-01 18:54:28.723234,cancelled
16400,1255,10,2026-02-11 07:03:53.197659,pending
16401,2645,9,2026-02-11 06:36:53.421334,completed
16402,2537,9,2026-01-28 22:19:25.977124,cancelled
16403,4451,8,2026-03-10 04:06:35.283552,pending
16404,3055,7,2026-01-06 17:33:04.104799,cancelled
16405,3473,7,2026-03-24 11:51:22.638507,pending
16406,1081,8,2026-02-11 14:57:35.296762,completed
16407,1915,5,2026-01-15 03:49:31.469455,pending
16408,132,5,2026-01-10 08:34:16.612474,completed
16409,1830,5,2026-03-05 03:32:26.440912,completed
16410,2653,8,2026-02-20 01:00:06.412119,cancelled
16411,4902,4,2026-01-27 18:08:34.972887,completed
16412,3796,4,2026-02-23 15:30:59.231155,pending
16413,603,3,2026-01-02 04:47:32.518298,completed
16414,800,5,2026-01-26 14:03:32.903453,completed
16415,3522,9,2026-01-04 06:28:27.676099,completed
16416,807,5,2026-03-07 14:06:42.687373,pending
16417,27,1,2026-01-16 18:34:42.953548,cancelled
16418,2123,8,2026-04-03 13:07:41.966519,pending
16419,3909,3,2026-01-19 15:02:00.921179,completed
16420,2506,3,2026-02-18 00:47:36.843248,completed
16421,2115,10,2026-01-21 21:39:35.916592,completed
16422,1667,8,2026-01-07 12:59:44.197129,pending
16423,871,8,2026-02-06 01:30:44.984447,pending
16424,177,10,2026-01-29 04:27:13.101700,completed
16425,2582,9,2026-02-27 20:49:06.840221,pending
16426,705,8,2026-01-27 15:10:42.512813,pending
16427,3455,2,2026-01-27 01:30:15.915890,cancelled
16428,382,6,2026-02-26 16:44:53.669183,cancelled
16429,1127,9,2026-03-11 13:13:54.642089,cancelled
16430,2964,6,2026-01-25 04:38:57.358240,pending
16431,1721,1,2026-02-01 22:09:22.734091,cancelled
16432,3893,8,2026-02-28 07:11:39.096164,cancelled
16433,717,3,2026-02-02 19:39:56.510164,cancelled
16434,2016,5,2026-01-29 20:52:29.395617,cancelled
16435,505,10,2026-02-25 20:51:52.726667,pending
16436,3644,8,2026-03-06 11:37:41.552570,completed
16437,2390,10,2026-01-31 09:37:02.490099,completed
16438,1406,10,2026-03-05 13:29:34.654783,cancelled
16439,3243,3,2026-03-04 10:05:59.261271,cancelled
16440,1405,4,2026-03-17 02:26:27.512342,completed
16441,1047,1,2026-01-23 06:20:27.208352,completed
16442,4964,1,2026-01-03 03:52:53.606622,completed
16443,3575,2,2026-04-02 04:53:27.968995,completed
16444,3495,2,2026-01-05 06:27:15.808638,cancelled
16445,1260,1,2026-03-18 13:50:14.268211,completed
16446,4595,2,2026-01-26 16:04:01.452745,cancelled
16447,739,8,2026-03-20 03:21:28.326469,completed
16448,2722,4,2026-01-15 20:56:06.179778,completed
16449,3916,9,2026-03-03 20:47:22.633632,pending
16450,3807,7,2026-01-03 09:25:35.028333,cancelled
16451,542,5,2026-03-09 15:04:41.697269,pending
16452,2225,1,2026-04-02 19:38:22.510651,cancelled
16453,4321,4,2026-01-07 05:43:53.118883,completed
16454,1012,1,2026-03-24 01:14:33.071701,completed
16455,4854,2,2026-01-14 03:16:42.880659,pending
16456,2917,3,2026-02-14 23:01:02.867548,pending
16457,1663,6,2026-03-24 09:58:37.884978,pending
16458,4590,7,2026-01-23 16:59:54.209964,pending
16459,203,3,2026-02-12 08:40:05.340298,cancelled
16460,1124,9,2026-02-07 04:56:08.971123,pending
16461,3347,8,2026-02-02 23:01:45.752870,pending
16462,4693,8,2026-03-26 05:51:39.893731,cancelled
16463,4834,8,2026-01-30 23:17:46.364816,cancelled
16464,1262,3,2026-02-07 10:52:06.279631,cancelled
16465,607,8,2026-03-14 07:08:45.872009,cancelled
16466,2868,8,2026-02-17 13:02:27.924881,cancelled
16467,3804,1,2026-03-19 18:52:07.982082,completed
16468,4127,10,2026-01-12 10:10:47.524365,pending
16469,2122,8,2026-02-09 22:41:01.267521,pending
16470,4765,7,2026-03-13 02:19:05.771486,cancelled
16471,2059,9,2026-02-04 09:44:08.722426,completed
16472,1507,7,2026-01-08 01:58:49.425286,completed
16473,3462,10,2026-03-16 19:48:45.549108,cancelled
16474,4208,7,2026-03-12 16:40:15.712747,completed
16475,1442,10,2026-02-23 04:42:53.618783,completed
16476,1433,6,2026-03-03 21:57:03.688691,pending
16477,1404,3,2026-01-28 02:50:54.402898,completed
16478,1598,7,2026-01-07 03:58:09.538621,completed
16479,4878,6,2026-01-07 17:30:48.180584,completed
16480,1413,1,2026-03-29 21:48:44.757531,cancelled
16481,1363,10,2026-03-15 10:30:11.990554,pending
16482,3604,9,2026-01-19 02:24:44.227829,pending
16483,4508,4,2026-02-20 18:00:16.936041,completed
16484,4387,3,2026-02-04 06:50:16.776499,completed
16485,4639,9,2026-02-06 05:22:20.097088,pending
16486,204,6,2026-01-21 12:30:33.074462,completed
16487,832,9,2026-01-28 05:57:59.766952,completed
16488,3330,10,2026-02-18 20:34:44.876812,completed
16489,1625,2,2026-02-05 20:01:55.637482,completed
16490,4470,3,2026-03-28 17:02:12.008452,completed
16491,4080,4,2026-01-08 17:12:38.436477,pending
16492,3696,10,2026-03-30 03:00:52.167440,pending
16493,838,7,2026-03-27 05:30:44.638155,pending
16494,3460,10,2026-02-17 09:30:02.572315,cancelled
16495,4655,3,2026-03-27 19:17:43.781533,pending
16496,4606,5,2026-01-04 12:04:37.644588,cancelled
16497,4152,3,2026-01-06 10:57:14.037915,cancelled
16498,1477,3,2026-01-28 14:49:32.271030,pending
16499,4131,2,2026-02-15 16:21:43.467221,completed
16500,567,1,2026-02-14 18:46:56.508008,pending
16501,4398,5,2026-01-08 10:08:42.173725,cancelled
16502,585,1,2026-02-28 06:47:24.339636,cancelled
16503,2846,3,2026-01-15 02:02:03.635163,completed
16504,966,10,2026-03-26 00:03:04.352348,completed
16505,3283,9,2026-02-26 13:33:26.046196,cancelled
16506,2517,6,2026-01-19 04:25:42.747755,cancelled
16507,1004,8,2026-03-10 06:22:42.256474,cancelled
16508,535,1,2026-02-03 23:26:58.614990,completed
16509,4083,3,2026-01-05 12:36:08.116693,cancelled
16510,877,1,2026-01-09 22:53:46.691397,completed
16511,3186,2,2026-04-05 12:22:25.823151,pending
16512,1956,3,2026-04-07 02:50:12.824145,pending
16513,3951,2,2026-03-30 20:15:43.623288,pending
16514,3485,5,2026-01-24 16:32:43.469285,completed
16515,2942,6,2026-01-16 14:57:16.190206,completed
16516,863,2,2026-03-18 09:42:37.505423,pending
16517,3080,2,2026-02-15 02:04:27.651894,completed
16518,2121,3,2026-01-23 17:42:07.641232,pending
16519,3203,8,2026-01-14 05:19:17.770022,pending
16520,2988,5,2026-03-12 01:35:10.949363,cancelled
16521,1445,4,2026-01-23 17:46:39.126138,pending
16522,569,2,2026-02-01 14:57:40.777283,completed
16523,157,3,2026-03-25 13:21:20.297714,pending
16524,2391,2,2026-01-15 17:50:52.754269,pending
16525,683,1,2026-03-27 15:04:20.114223,completed
16526,2733,1,2026-04-05 13:53:36.624874,pending
16527,3882,6,2026-01-28 22:23:00.344193,pending
16528,3243,7,2026-02-09 04:21:51.320272,cancelled
16529,3205,6,2026-03-15 10:57:43.290746,pending
16530,343,8,2026-03-19 21:42:22.823728,completed
16531,2453,7,2026-04-06 13:15:49.126575,cancelled
16532,1486,5,2026-04-04 12:09:40.551450,cancelled
16533,3878,8,2026-02-16 21:55:21.065637,pending
16534,3034,3,2026-02-03 09:28:33.347914,cancelled
16535,4173,5,2026-03-16 04:43:01.658691,completed
16536,1595,8,2026-02-10 03:30:37.211625,pending
16537,3377,5,2026-01-20 13:23:40.283792,cancelled
16538,1590,9,2026-03-14 05:26:25.597056,cancelled
16539,2077,10,2026-01-20 20:51:08.071473,cancelled
16540,2744,2,2026-03-02 08:13:31.727690,pending
16541,2601,3,2026-03-09 18:02:11.287074,cancelled
16542,1239,9,2026-02-14 09:28:46.680314,pending
16543,2405,9,2026-02-21 02:54:56.251868,completed
16544,402,3,2026-03-16 02:44:32.628551,pending
16545,415,4,2026-02-28 23:31:13.690951,cancelled
16546,1028,7,2026-01-21 15:42:30.689099,cancelled
16547,4253,7,2026-03-11 17:54:09.668096,pending
16548,636,7,2026-01-10 01:06:13.385612,pending
16549,4798,10,2026-02-23 01:10:22.543731,cancelled
16550,852,8,2026-02-13 11:34:23.914019,pending
16551,3465,10,2026-01-24 01:31:06.809446,cancelled
16552,2707,3,2026-01-22 10:20:14.924351,pending
16553,1087,7,2026-02-15 05:15:50.055956,cancelled
16554,1822,3,2026-01-14 23:55:24.035744,completed
16555,2494,7,2026-01-23 21:58:55.749453,cancelled
16556,995,7,2026-01-25 02:40:35.805355,pending
16557,3582,2,2026-01-14 02:27:48.100320,pending
16558,4297,3,2026-02-02 22:57:31.804302,pending
16559,4365,5,2026-01-26 11:51:54.685163,cancelled
16560,3419,7,2026-01-30 09:31:02.582894,cancelled
16561,4628,8,2026-02-26 21:38:01.700207,cancelled
16562,1355,8,2026-01-03 14:10:55.710854,cancelled
16563,2645,8,2026-02-26 19:28:55.585821,completed
16564,1467,7,2026-02-11 19:47:42.860257,cancelled
16565,131,10,2026-02-22 03:09:05.970102,completed
16566,1324,3,2026-01-13 08:32:39.240304,cancelled
16567,936,7,2026-02-19 22:24:27.937573,cancelled
16568,2775,6,2026-02-18 04:13:11.649107,pending
16569,3304,4,2026-03-02 09:29:33.492663,cancelled
16570,2707,6,2026-04-06 16:46:44.556171,pending
16571,2200,8,2026-02-14 16:51:42.958359,completed
16572,4745,9,2026-03-12 19:12:38.815678,pending
16573,3930,9,2026-01-30 05:09:13.018312,cancelled
16574,2359,8,2026-02-19 19:24:56.968175,cancelled
16575,4171,9,2026-02-06 13:49:44.577657,cancelled
16576,3758,1,2026-02-11 10:19:00.059547,completed
16577,851,2,2026-02-23 16:43:53.960757,cancelled
16578,1298,8,2026-02-20 22:43:39.961521,pending
16579,1267,3,2026-01-25 13:40:42.757934,pending
16580,1712,5,2026-03-19 23:35:38.042991,pending
16581,3004,2,2026-04-05 19:48:36.790986,cancelled
16582,792,5,2026-02-08 03:31:56.121225,completed
16583,2632,1,2026-03-19 18:13:47.581880,completed
16584,4606,10,2026-02-16 07:50:52.419775,cancelled
16585,1244,9,2026-01-05 09:35:45.094159,cancelled
16586,338,5,2026-01-03 18:28:19.937910,cancelled
16587,2919,6,2026-02-20 19:27:11.524729,completed
16588,4431,5,2026-04-04 06:26:37.287603,pending
16589,4009,4,2026-02-01 17:07:55.655432,completed
16590,3732,5,2026-01-27 09:31:21.759761,pending
16591,1023,1,2026-03-15 22:13:55.958673,pending
16592,2392,1,2026-03-23 13:36:42.114382,pending
16593,2434,9,2026-04-05 22:53:16.992657,pending
16594,2949,5,2026-02-12 03:52:29.109206,cancelled
16595,3809,6,2026-02-15 02:55:06.450568,pending
16596,4113,6,2026-03-24 18:11:41.155308,pending
16597,1066,2,2026-03-06 06:54:02.331676,cancelled
16598,352,5,2026-02-28 17:31:50.878383,cancelled
16599,467,7,2026-03-08 01:04:52.390559,completed
16600,4786,2,2026-02-23 15:21:49.931762,pending
16601,3331,6,2026-01-03 18:02:17.498337,completed
16602,4108,8,2026-01-12 19:36:26.678236,cancelled
16603,4062,3,2026-01-18 01:45:10.023294,completed
16604,4212,6,2026-02-16 17:30:25.856998,completed
16605,3740,5,2026-03-25 07:56:15.157780,cancelled
16606,3140,7,2026-02-02 10:53:53.233911,completed
16607,4625,2,2026-02-15 15:55:01.892032,completed
16608,1426,6,2026-03-01 11:23:32.409817,pending
16609,1834,5,2026-03-13 22:23:04.067095,completed
16610,2535,3,2026-01-24 00:46:10.955181,cancelled
16611,2946,7,2026-04-03 14:37:27.787076,cancelled
16612,139,6,2026-03-04 10:14:25.961898,cancelled
16613,3633,1,2026-01-06 07:22:06.547328,completed
16614,2055,7,2026-04-05 03:39:43.586980,cancelled
16615,1670,1,2026-01-08 09:35:32.792010,pending
16616,2220,6,2026-01-17 23:16:25.985651,completed
16617,2763,1,2026-01-29 12:23:55.017761,completed
16618,1417,3,2026-01-05 20:17:53.789135,pending
16619,2721,3,2026-01-11 17:32:45.022045,cancelled
16620,114,5,2026-03-01 04:24:56.149734,completed
16621,3033,4,2026-03-05 02:33:01.834162,completed
16622,2110,6,2026-03-14 19:02:32.235436,cancelled
16623,3667,4,2026-03-23 04:36:55.897347,pending
16624,3130,4,2026-01-25 14:14:44.565251,completed
16625,2240,10,2026-02-05 11:57:54.065534,cancelled
16626,3189,10,2026-02-08 00:10:36.652876,cancelled
16627,3463,3,2026-03-10 03:52:38.080170,cancelled
16628,1682,1,2026-01-03 02:30:17.724256,pending
16629,2091,10,2026-04-02 03:41:38.799892,pending
16630,1139,2,2026-03-31 00:05:05.261391,completed
16631,593,3,2026-02-07 20:23:15.330553,pending
16632,4653,5,2026-01-04 03:49:23.501076,pending
16633,1236,4,2026-03-15 05:54:22.308296,pending
16634,254,8,2026-01-29 02:27:30.205475,pending
16635,1927,4,2026-01-01 18:27:34.937369,cancelled
16636,522,10,2026-03-12 00:03:15.916562,cancelled
16637,2214,7,2026-01-26 21:54:23.557762,cancelled
16638,739,6,2026-03-19 03:40:46.594959,cancelled
16639,567,2,2026-02-16 21:34:29.183051,cancelled
16640,1109,8,2026-03-18 18:32:34.999352,cancelled
16641,3739,5,2026-02-04 21:58:30.521246,cancelled
16642,4562,9,2026-02-11 19:04:41.955430,cancelled
16643,850,4,2026-03-30 02:57:14.685710,cancelled
16644,998,8,2026-01-07 05:41:54.796966,pending
16645,253,4,2026-02-27 00:01:10.175671,cancelled
16646,3049,7,2026-03-31 12:28:08.900129,pending
16647,1800,7,2026-02-24 13:06:18.880846,cancelled
16648,4243,3,2026-02-13 20:24:48.883108,completed
16649,4398,2,2026-01-21 06:03:11.614693,pending
16650,2039,5,2026-02-26 05:31:08.280839,pending
16651,245,6,2026-01-19 12:44:18.193223,pending
16652,537,3,2026-01-01 12:16:10.603343,pending
16653,1442,10,2026-01-19 18:56:06.239047,cancelled
16654,2842,3,2026-01-25 08:50:17.242484,completed
16655,2772,9,2026-02-25 00:46:39.027281,completed
16656,3793,7,2026-03-22 13:45:49.542237,pending
16657,1725,5,2026-03-15 16:05:20.298333,cancelled
16658,4524,3,2026-01-29 06:56:31.691579,pending
16659,4113,5,2026-02-14 21:36:22.461802,cancelled
16660,3329,8,2026-02-22 16:08:20.394756,completed
16661,2302,9,2026-02-28 14:09:48.996370,completed
16662,1485,6,2026-02-01 15:52:11.018282,pending
16663,2190,7,2026-02-16 12:15:05.359343,pending
16664,1725,10,2026-01-21 17:07:56.518606,cancelled
16665,4879,7,2026-02-22 11:03:40.677916,cancelled
16666,1692,9,2026-01-02 06:01:09.239995,cancelled
16667,1742,10,2026-03-22 23:42:58.634314,cancelled
16668,2856,8,2026-02-03 01:56:43.194848,pending
16669,3702,8,2026-03-29 00:03:00.314112,pending
16670,998,7,2026-01-15 00:11:19.703211,pending
16671,2085,5,2026-01-06 23:31:50.656872,pending
16672,507,2,2026-01-23 00:02:26.360657,pending
16673,3856,9,2026-03-29 01:54:05.962590,cancelled
16674,4884,3,2026-02-12 04:44:05.787533,pending
16675,4974,7,2026-01-21 21:43:49.066978,completed
16676,3931,7,2026-03-11 17:10:10.475342,completed
16677,844,10,2026-03-08 19:28:08.949096,pending
16678,4773,2,2026-02-12 06:31:33.511090,pending
16679,2653,7,2026-03-02 00:40:18.150600,completed
16680,3310,8,2026-01-30 00:24:47.020768,pending
16681,1163,9,2026-01-23 07:23:40.504836,completed
16682,1079,3,2026-01-28 08:43:30.952461,completed
16683,2463,1,2026-03-14 12:40:25.695640,pending
16684,195,2,2026-01-27 22:03:43.938114,cancelled
16685,3870,1,2026-01-17 09:36:45.206871,pending
16686,1077,4,2026-03-04 00:32:17.650971,cancelled
16687,1606,10,2026-03-23 23:05:44.270602,completed
16688,202,6,2026-04-06 19:03:35.398767,pending
16689,4020,5,2026-03-20 09:21:12.578389,completed
16690,77,7,2026-03-27 06:24:06.633887,cancelled
16691,2043,6,2026-03-12 01:36:21.986788,completed
16692,1774,2,2026-01-09 20:41:56.434145,completed
16693,3732,9,2026-03-11 00:21:48.068797,pending
16694,1086,6,2026-01-21 18:36:34.687584,cancelled
16695,578,7,2026-02-28 01:05:49.439812,cancelled
16696,2937,10,2026-03-17 15:00:06.071061,completed
16697,2909,6,2026-01-23 00:00:32.081263,cancelled
16698,1385,6,2026-01-26 01:34:26.862665,cancelled
16699,3325,7,2026-02-15 21:38:40.780926,pending
16700,3811,5,2026-02-12 00:13:53.378504,completed
16701,5,1,2026-02-14 03:33:39.865727,cancelled
16702,1831,7,2026-03-09 16:29:51.929927,cancelled
16703,4176,1,2026-01-02 02:39:39.326822,completed
16704,2678,9,2026-03-23 20:26:49.746132,pending
16705,114,1,2026-03-02 05:22:43.122487,completed
16706,4694,6,2026-02-04 12:37:04.286065,cancelled
16707,1146,2,2026-02-19 20:24:22.436321,completed
16708,4586,3,2026-03-31 20:58:51.659843,cancelled
16709,4714,8,2026-01-28 13:55:25.619811,completed
16710,4378,10,2026-03-26 16:13:53.097544,completed
16711,637,2,2026-01-17 22:58:37.578682,completed
16712,4126,8,2026-03-26 21:16:42.350672,completed
16713,2113,3,2026-02-05 16:23:40.864198,pending
16714,519,4,2026-03-18 13:33:57.994856,completed
16715,1829,6,2026-03-30 03:34:08.313940,pending
16716,3485,5,2026-01-08 09:24:47.270101,completed
16717,2006,9,2026-02-28 10:32:04.097605,pending
16718,2493,5,2026-02-20 06:14:53.075753,completed
16719,722,2,2026-03-31 11:49:06.376451,cancelled
16720,144,2,2026-03-11 21:36:59.712976,cancelled
16721,3616,10,2026-02-25 06:45:51.709054,cancelled
16722,2953,10,2026-01-27 13:00:02.430282,cancelled
16723,2793,5,2026-03-07 05:59:06.305023,completed
16724,3386,9,2026-03-18 12:08:59.662638,pending
16725,2614,1,2026-02-21 17:04:07.749034,pending
16726,1065,4,2026-03-09 10:27:29.883368,completed
16727,1172,2,2026-02-06 20:14:37.686839,cancelled
16728,3107,3,2026-01-22 03:49:45.161609,cancelled
16729,4957,4,2026-03-26 04:12:57.955671,pending
16730,1623,1,2026-01-27 23:40:47.868872,cancelled
16731,1018,4,2026-02-07 02:59:14.206414,cancelled
16732,4758,8,2026-01-31 21:19:27.228488,pending
16733,2637,5,2026-03-13 20:32:30.505788,completed
16734,1977,9,2026-03-20 11:12:44.696529,cancelled
16735,1339,5,2026-01-11 14:33:15.442186,pending
16736,777,1,2026-02-06 17:53:20.510154,completed
16737,2544,2,2026-03-05 19:22:33.112024,pending
16738,173,1,2026-01-26 22:45:35.812220,pending
16739,2229,2,2026-03-05 00:57:20.099938,cancelled
16740,3377,5,2026-03-08 07:13:48.619602,pending
16741,4578,4,2026-03-16 20:50:52.846414,pending
16742,2057,10,2026-02-10 08:50:04.632286,pending
16743,3805,7,2026-03-06 05:12:55.779763,cancelled
16744,3198,2,2026-04-04 07:39:48.464286,completed
16745,4797,6,2026-03-21 12:58:41.083061,completed
16746,309,3,2026-01-28 23:31:37.942032,cancelled
16747,4699,8,2026-02-10 10:40:13.905713,completed
16748,4859,4,2026-02-05 07:56:18.338042,pending
16749,2752,3,2026-03-12 02:22:49.150248,completed
16750,4755,9,2026-03-11 07:32:07.896117,pending
16751,3288,10,2026-01-24 03:58:39.249286,completed
16752,2534,1,2026-02-27 13:04:38.759580,cancelled
16753,598,5,2026-02-07 15:02:26.561476,pending
16754,3284,8,2026-03-07 18:35:26.908897,pending
16755,888,10,2026-02-28 17:46:38.623281,cancelled
16756,4901,2,2026-01-04 15:52:18.896579,pending
16757,389,1,2026-03-18 21:53:21.070454,completed
16758,1820,10,2026-02-15 20:12:17.781449,cancelled
16759,3185,4,2026-01-15 23:06:12.627122,cancelled
16760,4843,6,2026-03-16 23:16:28.298550,pending
16761,1952,2,2026-03-22 21:03:52.083642,pending
16762,2292,6,2026-01-30 14:38:08.170763,cancelled
16763,249,7,2026-01-18 09:59:38.376116,pending
16764,2517,9,2026-03-03 16:40:21.996187,completed
16765,4748,3,2026-01-20 16:39:11.202324,completed
16766,3495,5,2026-01-21 11:09:47.253968,pending
16767,1095,2,2026-03-10 00:36:09.611865,cancelled
16768,915,8,2026-03-02 05:40:47.470464,completed
16769,2990,8,2026-03-08 00:47:24.699648,cancelled
16770,1601,9,2026-03-29 07:09:18.280506,cancelled
16771,576,9,2026-01-26 13:33:42.462230,completed
16772,925,2,2026-02-23 11:47:00.094666,cancelled
16773,2255,7,2026-01-19 20:46:00.904870,cancelled
16774,4245,7,2026-02-27 02:41:39.947051,completed
16775,1263,2,2026-03-12 17:55:22.733609,cancelled
16776,1694,6,2026-01-08 13:26:14.982131,cancelled
16777,1191,10,2026-01-01 17:17:37.085092,completed
16778,3242,3,2026-02-05 22:42:31.289802,pending
16779,3675,9,2026-02-21 19:07:01.989072,completed
16780,1561,4,2026-02-25 11:09:26.906618,cancelled
16781,3334,10,2026-01-28 23:35:27.369450,cancelled
16782,1402,10,2026-02-08 15:53:39.560582,pending
16783,1001,2,2026-04-01 23:21:15.136761,cancelled
16784,1245,5,2026-02-01 03:32:54.291559,pending
16785,1935,2,2026-03-28 08:59:45.368236,pending
16786,3275,3,2026-01-10 12:53:29.223415,cancelled
16787,3827,2,2026-02-23 04:05:30.791207,completed
16788,1659,6,2026-02-22 18:17:26.729372,completed
16789,520,2,2026-03-07 14:56:37.867095,cancelled
16790,4868,9,2026-02-06 04:53:39.492714,pending
16791,196,1,2026-02-15 11:25:20.528445,pending
16792,1892,5,2026-02-26 07:36:41.579652,completed
16793,2484,8,2026-02-17 16:48:16.549868,cancelled
16794,1091,9,2026-01-28 07:31:07.670514,completed
16795,272,1,2026-03-09 13:58:16.540452,completed
16796,1830,8,2026-02-28 04:47:32.264837,pending
16797,2881,1,2026-03-20 13:04:10.268972,completed
16798,887,4,2026-03-20 08:32:14.850239,pending
16799,3288,7,2026-01-08 20:10:48.150647,pending
16800,731,10,2026-02-26 06:18:43.641777,pending
16801,120,6,2026-02-16 21:13:45.652490,pending
16802,1357,5,2026-03-12 08:17:43.494688,cancelled
16803,1173,7,2026-01-03 14:19:13.110713,pending
16804,2882,3,2026-04-03 01:25:11.220749,completed
16805,3279,9,2026-02-28 22:33:14.983408,cancelled
16806,3442,7,2026-01-08 00:14:48.319128,pending
16807,4610,4,2026-04-01 14:12:14.071898,pending
16808,1711,2,2026-03-06 11:59:58.944049,pending
16809,2146,5,2026-03-11 15:12:55.768560,cancelled
16810,2222,2,2026-03-09 06:20:33.819750,cancelled
16811,2017,4,2026-03-02 09:15:38.091575,pending
16812,3274,8,2026-01-28 18:45:36.459426,cancelled
16813,677,1,2026-02-17 22:07:48.393432,completed
16814,4158,3,2026-03-08 00:00:57.553042,completed
16815,3345,3,2026-01-02 11:03:47.799762,pending
16816,3264,5,2026-01-01 17:26:42.778615,completed
16817,4089,5,2026-01-18 12:28:29.663921,cancelled
16818,3336,3,2026-02-13 02:44:03.295998,pending
16819,72,2,2026-03-29 22:41:37.362063,pending
16820,322,8,2026-01-18 17:58:59.490493,completed
16821,1663,5,2026-02-20 08:42:40.886624,completed
16822,2188,6,2026-01-06 19:52:17.523266,completed
16823,2571,1,2026-01-18 22:05:41.482928,cancelled
16824,1555,2,2026-01-12 14:58:05.812076,cancelled
16825,3136,10,2026-01-03 17:25:45.326430,completed
16826,4559,7,2026-03-02 21:41:52.735141,cancelled
16827,4131,7,2026-03-01 07:47:03.041627,pending
16828,2410,6,2026-03-08 18:27:43.081701,pending
16829,4799,8,2026-03-24 00:24:22.711216,cancelled
16830,644,10,2026-03-02 00:37:30.391009,completed
16831,3156,4,2026-03-24 15:51:42.761390,pending
16832,3906,3,2026-01-19 00:53:43.899690,pending
16833,880,1,2026-03-28 07:22:27.139001,pending
16834,3446,2,2026-02-25 11:39:14.965534,cancelled
16835,1881,3,2026-02-16 19:18:47.671076,pending
16836,2211,10,2026-01-16 11:48:50.874475,completed
16837,778,10,2026-01-04 03:04:36.081949,pending
16838,779,3,2026-01-22 15:17:52.814876,cancelled
16839,2714,8,2026-01-09 04:11:12.992411,pending
16840,903,3,2026-03-13 08:05:25.866508,pending
16841,1744,5,2026-01-03 18:36:08.804491,completed
16842,3570,6,2026-03-12 07:56:17.700050,cancelled
16843,474,9,2026-03-19 17:35:52.509770,completed
16844,947,9,2026-03-29 19:11:11.402113,completed
16845,1307,1,2026-03-28 17:17:19.912259,cancelled
16846,3475,1,2026-02-19 15:23:49.126834,pending
16847,3290,4,2026-02-09 03:21:35.020804,pending
16848,2848,1,2026-04-05 23:10:01.987104,pending
16849,736,1,2026-01-01 10:49:32.443318,cancelled
16850,1575,4,2026-02-28 05:02:24.070950,completed
16851,4907,7,2026-04-01 22:57:48.152811,cancelled
16852,1028,6,2026-03-08 23:46:20.763213,completed
16853,1660,8,2026-01-27 23:34:27.211829,cancelled
16854,4817,10,2026-01-24 06:27:55.957335,completed
16855,976,8,2026-02-16 09:16:02.833818,completed
16856,1555,9,2026-01-04 18:41:25.673468,pending
16857,4274,10,2026-02-26 13:36:40.239281,cancelled
16858,457,3,2026-02-12 16:31:34.449006,pending
16859,1157,2,2026-01-13 13:25:58.789358,pending
16860,2121,9,2026-03-28 11:41:41.242750,pending
16861,3530,4,2026-02-10 17:31:38.589137,completed
16862,4971,9,2026-01-07 04:02:34.082021,pending
16863,2438,2,2026-03-07 06:58:15.058330,completed
16864,4694,4,2026-03-10 07:08:44.082322,pending
16865,984,9,2026-01-15 23:48:55.334966,pending
16866,4019,5,2026-04-05 17:22:25.984066,completed
16867,3855,3,2026-01-07 22:24:04.473915,cancelled
16868,4856,9,2026-02-01 11:00:23.076002,completed
16869,1255,4,2026-01-22 06:44:36.012154,pending
16870,371,6,2026-03-13 13:38:14.300431,completed
16871,419,9,2026-02-18 19:23:53.985360,cancelled
16872,1348,3,2026-01-14 02:18:08.890356,completed
16873,4405,8,2026-02-11 16:38:37.764127,cancelled
16874,1482,3,2026-02-15 08:05:39.833827,completed
16875,627,7,2026-01-19 17:40:47.100426,pending
16876,3863,7,2026-01-03 13:33:32.753678,pending
16877,956,4,2026-01-21 13:48:04.483064,cancelled
16878,1207,8,2026-02-28 03:32:34.380981,pending
16879,3668,4,2026-02-14 00:22:23.525672,completed
16880,3114,8,2026-03-03 18:43:13.504285,cancelled
16881,1792,10,2026-01-09 07:55:44.144937,completed
16882,1938,8,2026-02-18 11:05:38.162817,completed
16883,4319,6,2026-02-11 12:40:45.340279,pending
16884,3257,4,2026-01-18 22:19:55.982410,completed
16885,1755,7,2026-01-31 23:58:03.013140,cancelled
16886,1065,10,2026-01-23 23:18:27.374097,completed
16887,4324,4,2026-02-01 14:37:01.519857,pending
16888,1057,8,2026-01-21 03:21:41.132809,cancelled
16889,3890,9,2026-03-01 05:59:49.815648,pending
16890,2095,6,2026-03-31 10:40:35.355330,pending
16891,4722,1,2026-01-13 13:30:58.156706,pending
16892,4240,5,2026-03-03 15:37:06.093765,cancelled
16893,2307,1,2026-04-02 14:15:29.822779,completed
16894,3117,1,2026-03-01 17:02:23.382273,completed
16895,761,7,2026-01-02 05:21:43.374540,pending
16896,287,9,2026-01-05 13:25:39.198681,completed
16897,95,9,2026-03-20 03:45:16.416765,pending
16898,2084,2,2026-01-08 19:42:09.283414,cancelled
16899,4341,4,2026-03-22 20:02:20.667833,pending
16900,3426,4,2026-02-20 12:47:04.977323,cancelled
16901,723,1,2026-03-14 14:23:13.976073,pending
16902,1126,9,2026-03-24 17:51:01.843415,completed
16903,2001,7,2026-01-14 19:00:05.022334,completed
16904,832,3,2026-02-13 08:58:12.621282,pending
16905,2501,5,2026-03-25 08:15:40.331312,completed
16906,3959,1,2026-03-28 01:47:29.841532,cancelled
16907,4316,5,2026-01-02 03:32:35.243777,completed
16908,2561,7,2026-02-26 22:41:07.871961,completed
16909,3211,2,2026-03-23 18:00:30.651722,completed
16910,2556,9,2026-01-03 11:22:40.068291,completed
16911,1618,5,2026-02-26 21:20:42.442328,cancelled
16912,2860,9,2026-03-11 15:39:47.809749,pending
16913,945,4,2026-03-09 21:24:03.146744,cancelled
16914,3326,9,2026-01-15 06:28:46.529129,pending
16915,3301,1,2026-02-24 16:42:53.436839,cancelled
16916,2224,8,2026-02-22 12:53:42.276840,completed
16917,1522,1,2026-01-21 11:52:45.761862,pending
16918,1224,1,2026-01-04 14:18:28.439768,pending
16919,2694,2,2026-02-22 01:26:53.793836,completed
16920,3206,8,2026-03-06 22:37:50.459402,cancelled
16921,2962,10,2026-01-24 12:38:37.356659,cancelled
16922,4310,8,2026-01-03 18:34:06.597701,completed
16923,1246,9,2026-02-03 23:01:00.255599,completed
16924,3233,1,2026-03-03 05:33:52.995066,cancelled
16925,703,1,2026-02-12 16:17:54.743302,completed
16926,2449,2,2026-03-21 01:57:21.256822,cancelled
16927,2626,9,2026-02-15 17:57:31.603554,pending
16928,4300,1,2026-02-02 22:04:52.954756,pending
16929,1350,4,2026-02-02 05:20:53.918231,pending
16930,2911,1,2026-03-04 23:59:26.773237,completed
16931,4577,6,2026-01-26 20:32:36.209508,pending
16932,3705,9,2026-02-13 07:04:34.769825,completed
16933,4127,10,2026-02-27 09:51:20.168110,pending
16934,435,4,2026-02-24 02:59:23.186116,completed
16935,1832,7,2026-03-26 13:04:39.993784,completed
16936,3988,7,2026-01-08 14:13:08.841165,cancelled
16937,2823,6,2026-01-30 02:08:18.741888,pending
16938,4551,3,2026-04-03 15:46:04.981730,pending
16939,4807,9,2026-01-03 07:55:34.169903,pending
16940,4588,6,2026-02-18 01:48:54.952482,completed
16941,4084,4,2026-03-14 21:14:16.503497,pending
16942,1337,1,2026-01-01 14:20:20.856691,completed
16943,2223,1,2026-02-06 02:27:41.495136,cancelled
16944,2051,3,2026-03-29 04:44:35.562150,cancelled
16945,3712,2,2026-01-24 03:18:13.388073,completed
16946,17,3,2026-02-18 01:58:56.185733,completed
16947,4079,7,2026-03-13 09:06:43.663002,pending
16948,1597,1,2026-02-09 15:05:50.002501,cancelled
16949,4207,4,2026-01-03 12:28:34.662457,pending
16950,433,3,2026-01-23 22:42:42.626623,pending
16951,4783,9,2026-04-06 07:27:24.498663,pending
16952,785,6,2026-04-01 19:32:55.291295,cancelled
16953,1737,9,2026-04-03 22:57:54.146780,cancelled
16954,2053,3,2026-01-20 16:28:03.049985,completed
16955,2082,9,2026-01-29 17:06:49.017065,cancelled
16956,238,2,2026-01-25 11:07:27.837087,pending
16957,1818,6,2026-02-07 03:58:33.357295,pending
16958,2386,6,2026-01-21 10:03:01.689920,pending
16959,1099,9,2026-01-18 08:49:44.027806,completed
16960,813,7,2026-02-23 09:37:14.247420,cancelled
16961,3182,8,2026-04-04 23:33:01.169435,cancelled
16962,517,4,2026-01-14 09:47:22.065056,completed
16963,1094,1,2026-01-15 13:37:14.153247,completed
16964,3549,6,2026-01-08 10:19:24.286846,completed
16965,655,9,2026-01-21 10:55:39.811898,completed
16966,409,10,2026-03-25 16:21:58.649845,cancelled
16967,2467,1,2026-03-23 15:27:12.365923,pending
16968,3572,6,2026-02-23 23:52:33.112176,cancelled
16969,4721,1,2026-02-03 01:13:37.703523,pending
16970,4906,7,2026-01-06 18:33:06.381873,pending
16971,4731,1,2026-02-12 02:17:19.601790,cancelled
16972,3647,10,2026-02-02 14:50:30.375639,completed
16973,4660,3,2026-02-10 07:01:34.015305,cancelled
16974,3674,2,2026-03-02 09:41:04.192865,cancelled
16975,1533,2,2026-03-13 16:28:00.455122,cancelled
16976,4065,8,2026-01-13 23:27:34.888534,cancelled
16977,1244,1,2026-03-29 12:17:14.964707,pending
16978,739,4,2026-01-19 18:33:38.527240,pending
16979,4581,9,2026-02-26 10:19:02.488225,pending
16980,1248,9,2026-02-02 00:39:48.910218,pending
16981,4426,8,2026-04-01 03:46:58.078317,completed
16982,1546,7,2026-02-22 19:48:13.416523,pending
16983,4920,1,2026-02-11 19:56:09.125143,cancelled
16984,4308,9,2026-01-26 08:04:35.651984,pending
16985,1505,1,2026-02-14 22:17:32.714349,pending
16986,1020,6,2026-04-04 22:45:56.699583,pending
16987,404,1,2026-03-17 07:14:27.903475,completed
16988,2358,7,2026-01-19 20:54:13.659172,cancelled
16989,4364,7,2026-01-12 14:55:10.570477,cancelled
16990,1529,1,2026-03-02 13:34:46.666866,completed
16991,967,5,2026-03-29 00:38:05.699605,completed
16992,2092,5,2026-01-17 20:57:55.916015,cancelled
16993,3559,6,2026-01-21 03:00:38.075243,pending
16994,367,9,2026-02-26 20:22:39.719123,completed
16995,4870,7,2026-01-26 03:20:05.084666,completed
16996,4638,3,2026-02-11 17:45:43.174718,completed
16997,2253,7,2026-03-26 22:39:20.395472,pending
16998,429,7,2026-03-07 09:08:13.797071,completed
16999,38,6,2026-01-07 22:51:37.565123,pending
17000,202,5,2026-02-21 07:41:13.682862,cancelled
17001,3196,2,2026-03-18 20:10:19.954686,cancelled
17002,4394,8,2026-03-30 01:10:54.783260,pending
17003,2272,5,2026-03-20 21:49:27.671128,completed
17004,3407,3,2026-03-02 08:42:51.776831,cancelled
17005,4946,8,2026-01-22 03:52:22.050177,completed
17006,127,10,2026-03-11 17:52:30.217581,completed
17007,549,8,2026-03-24 04:54:17.461571,pending
17008,3530,1,2026-03-02 16:56:52.210004,cancelled
17009,35,10,2026-02-28 05:02:19.657573,cancelled
17010,1134,6,2026-03-26 21:44:48.287275,completed
17011,665,8,2026-02-02 17:33:47.532759,cancelled
17012,1601,7,2026-03-21 14:31:21.591946,completed
17013,1034,5,2026-01-11 06:54:07.956106,cancelled
17014,2349,10,2026-01-20 23:07:32.728011,pending
17015,4277,3,2026-03-29 11:28:23.379212,completed
17016,2,10,2026-02-04 03:35:16.765315,pending
17017,4507,10,2026-01-19 09:01:21.707264,cancelled
17018,165,7,2026-01-03 09:23:22.396923,cancelled
17019,4843,10,2026-01-18 05:05:12.415379,pending
17020,255,8,2026-04-04 21:48:41.641014,completed
17021,1850,2,2026-01-17 10:21:42.225315,completed
17022,462,9,2026-02-20 21:05:46.242251,pending
17023,1676,2,2026-03-08 12:21:37.033024,pending
17024,3949,8,2026-01-13 20:07:32.648366,completed
17025,2980,1,2026-03-25 09:31:45.185372,pending
17026,4451,10,2026-03-21 18:36:07.789072,completed
17027,1686,1,2026-03-16 00:08:06.364943,cancelled
17028,1128,4,2026-02-03 05:55:03.216321,pending
17029,526,6,2026-02-20 12:21:27.109315,cancelled
17030,3631,9,2026-02-19 01:54:20.331380,completed
17031,816,4,2026-03-05 05:14:27.902129,pending
17032,2886,5,2026-02-17 13:33:45.250215,completed
17033,1007,7,2026-02-01 05:02:44.049470,cancelled
17034,586,7,2026-01-31 16:56:20.447809,cancelled
17035,3610,8,2026-04-07 15:40:12.443760,pending
17036,4105,5,2026-01-10 03:52:33.722756,cancelled
17037,4932,1,2026-03-13 00:36:41.428415,pending
17038,3653,10,2026-04-01 03:10:02.705164,completed
17039,2675,8,2026-02-03 10:52:01.115631,pending
17040,4092,7,2026-01-13 12:42:52.351151,pending
17041,614,9,2026-03-12 02:25:55.180686,completed
17042,195,7,2026-03-17 17:14:16.403203,completed
17043,2172,7,2026-02-16 00:06:48.810982,pending
17044,1563,7,2026-01-25 02:31:55.931899,completed
17045,4084,2,2026-03-30 23:29:05.919751,cancelled
17046,4943,4,2026-03-05 18:19:22.705853,completed
17047,2600,7,2026-02-04 16:15:25.318855,cancelled
17048,4590,7,2026-03-04 00:28:41.900422,pending
17049,3353,9,2026-03-29 06:49:17.323007,completed
17050,3041,4,2026-02-03 07:34:50.479908,pending
17051,4920,3,2026-03-09 01:59:43.661081,completed
17052,4135,10,2026-01-31 00:13:39.665200,pending
17053,2683,7,2026-03-27 01:59:05.516651,cancelled
17054,276,7,2026-01-02 16:03:52.696586,completed
17055,1213,8,2026-03-17 10:57:35.398768,completed
17056,611,4,2026-02-18 04:01:33.066933,cancelled
17057,487,8,2026-02-01 16:24:30.775687,cancelled
17058,1091,9,2026-01-16 01:30:55.902807,cancelled
17059,177,9,2026-02-27 21:50:43.301630,completed
17060,1572,10,2026-03-04 22:18:58.163265,cancelled
17061,4473,8,2026-03-27 18:14:19.452594,completed
17062,3415,2,2026-03-26 02:53:38.139572,pending
17063,4657,3,2026-02-08 14:32:17.521753,cancelled
17064,3731,2,2026-03-19 07:32:31.872575,pending
17065,911,2,2026-01-02 15:22:04.390443,completed
17066,4553,2,2026-01-26 10:20:00.923476,completed
17067,3068,2,2026-01-19 13:13:18.954702,pending
17068,808,1,2026-01-31 19:47:05.953459,cancelled
17069,3596,3,2026-01-04 08:04:44.030478,cancelled
17070,3978,10,2026-01-06 06:43:46.872702,pending
17071,3891,3,2026-02-23 01:57:24.358467,pending
17072,1752,6,2026-03-29 19:13:53.808210,cancelled
17073,3023,10,2026-02-26 10:43:26.376966,cancelled
17074,2539,8,2026-04-03 20:18:18.557584,cancelled
17075,351,2,2026-01-15 00:15:33.127501,completed
17076,4654,8,2026-02-13 05:49:37.446430,completed
17077,4073,8,2026-03-14 11:41:36.712299,pending
17078,2998,1,2026-03-28 13:09:11.997340,completed
17079,1396,2,2026-02-17 22:25:49.007179,completed
17080,4840,8,2026-03-26 00:02:36.117465,completed
17081,1194,9,2026-02-04 18:00:45.751407,pending
17082,4285,8,2026-03-14 03:44:13.428663,completed
17083,2604,8,2026-03-07 10:16:31.493771,completed
17084,4712,8,2026-01-26 17:47:06.451510,completed
17085,4488,10,2026-03-27 15:36:54.984439,cancelled
17086,120,8,2026-02-28 09:21:14.075824,completed
17087,4711,7,2026-01-20 22:03:09.082370,cancelled
17088,1936,1,2026-03-01 18:53:15.685206,cancelled
17089,2795,1,2026-01-30 18:46:55.599545,pending
17090,416,5,2026-02-21 22:44:26.952187,cancelled
17091,2608,6,2026-03-29 11:10:53.564090,pending
17092,1612,2,2026-04-05 07:25:46.140749,pending
17093,3697,1,2026-01-09 10:06:26.792268,cancelled
17094,3457,1,2026-03-16 12:33:44.584278,pending
17095,3904,6,2026-03-15 02:25:32.543228,completed
17096,35,10,2026-03-27 18:00:07.016834,pending
17097,2943,6,2026-02-03 00:41:22.681512,completed
17098,201,4,2026-03-02 03:49:24.921154,pending
17099,1242,5,2026-03-15 21:05:19.117090,pending
17100,4411,9,2026-03-31 22:27:33.802785,pending
17101,4542,3,2026-02-27 02:38:28.627779,cancelled
17102,4976,2,2026-02-15 13:24:19.302199,pending
17103,3286,10,2026-01-24 06:49:50.927343,cancelled
17104,2577,7,2026-02-23 17:48:09.597848,completed
17105,1751,9,2026-01-16 15:31:00.626084,cancelled
17106,3980,6,2026-04-06 02:42:10.723518,pending
17107,3200,5,2026-03-23 16:07:24.136625,completed
17108,1496,8,2026-01-10 11:33:33.220602,completed
17109,936,1,2026-04-02 08:29:42.989075,completed
17110,4061,2,2026-01-14 16:51:32.935632,completed
17111,3354,5,2026-01-01 18:19:49.132835,cancelled
17112,3868,5,2026-03-19 07:58:41.405546,completed
17113,4292,10,2026-01-29 10:15:49.263784,cancelled
17114,3482,10,2026-02-07 05:50:17.620751,completed
17115,3968,1,2026-01-29 14:13:10.164904,completed
17116,1553,5,2026-02-13 00:34:26.792350,pending
17117,1506,9,2026-02-06 07:04:49.917450,completed
17118,4336,1,2026-03-10 10:27:35.030151,pending
17119,1163,3,2026-02-06 12:50:11.108726,pending
17120,138,6,2026-02-10 10:46:53.602322,cancelled
17121,1388,8,2026-03-20 19:04:42.509092,cancelled
17122,4367,4,2026-03-21 01:03:38.971638,completed
17123,3619,6,2026-02-18 01:37:40.900588,pending
17124,2571,8,2026-03-23 16:58:06.665359,cancelled
17125,1576,1,2026-01-21 08:12:23.811819,cancelled
17126,3428,7,2026-01-03 22:55:26.158067,completed
17127,278,3,2026-03-15 15:31:26.983707,cancelled
17128,2182,2,2026-01-08 14:23:20.987376,pending
17129,3573,3,2026-01-17 20:55:14.733556,pending
17130,2370,8,2026-02-19 03:24:02.704966,cancelled
17131,4568,1,2026-01-03 12:58:49.548949,completed
17132,197,4,2026-01-03 16:23:18.668630,cancelled
17133,3777,10,2026-01-22 07:40:33.693150,pending
17134,1503,2,2026-01-14 21:46:59.724149,completed
17135,2880,10,2026-03-13 01:42:52.706688,completed
17136,776,4,2026-03-27 16:17:37.420054,completed
17137,1958,3,2026-02-16 09:59:55.430241,completed
17138,2738,9,2026-03-14 23:31:05.005808,pending
17139,4091,2,2026-02-14 23:41:17.919922,completed
17140,3567,2,2026-01-17 13:45:38.865150,cancelled
17141,935,2,2026-03-11 10:38:24.758005,pending
17142,3607,2,2026-02-17 21:54:50.779069,pending
17143,1283,10,2026-01-27 19:18:55.088386,completed
17144,256,1,2026-03-23 03:09:44.471632,cancelled
17145,1681,4,2026-03-22 21:44:47.307988,pending
17146,1197,10,2026-03-31 08:32:00.080199,pending
17147,919,10,2026-01-17 18:21:10.374261,pending
17148,1281,8,2026-03-10 10:04:51.586435,pending
17149,4094,10,2026-01-21 17:46:22.902358,completed
17150,2242,3,2026-03-22 23:50:33.592830,completed
17151,2596,3,2026-02-09 23:44:04.292317,pending
17152,3185,5,2026-01-24 14:27:07.887094,pending
17153,4485,1,2026-01-01 18:10:34.169537,completed
17154,2411,2,2026-01-21 12:06:17.856536,cancelled
17155,3334,6,2026-01-08 08:39:01.519823,pending
17156,1203,3,2026-04-03 18:26:48.884348,completed
17157,3414,9,2026-04-03 10:53:04.577917,cancelled
17158,3219,5,2026-03-26 01:54:55.364416,pending
17159,4902,9,2026-01-14 21:47:20.759102,cancelled
17160,2967,10,2026-01-14 13:31:24.677974,cancelled
17161,2098,3,2026-01-05 06:50:09.023896,cancelled
17162,2578,9,2026-02-12 06:16:02.599521,pending
17163,3936,1,2026-03-13 18:14:47.360163,cancelled
17164,79,8,2026-03-17 17:05:39.859139,completed
17165,2115,2,2026-03-20 05:14:29.933658,pending
17166,1909,9,2026-03-11 18:06:17.938496,pending
17167,4468,3,2026-01-15 11:27:42.945487,completed
17168,1818,4,2026-03-05 17:48:34.830935,completed
17169,3779,7,2026-03-14 15:50:18.998196,cancelled
17170,2355,2,2026-01-09 02:42:04.352527,cancelled
17171,641,1,2026-02-10 20:00:31.566902,pending
17172,3607,8,2026-02-12 12:34:41.351819,cancelled
17173,2831,6,2026-03-17 01:14:36.101271,completed
17174,4452,4,2026-02-01 10:33:09.705374,cancelled
17175,2810,8,2026-03-01 22:38:36.563932,completed
17176,1982,2,2026-03-05 01:42:10.548420,completed
17177,4818,9,2026-01-12 22:37:36.520236,cancelled
17178,941,5,2026-03-24 02:49:21.384325,completed
17179,3835,5,2026-01-28 18:52:49.075932,pending
17180,248,7,2026-03-27 23:58:15.878484,cancelled
17181,1702,1,2026-01-11 13:42:35.817596,cancelled
17182,4843,6,2026-02-01 21:33:20.605139,pending
17183,3587,1,2026-01-28 22:35:46.797152,pending
17184,3409,6,2026-01-14 10:00:31.835959,cancelled
17185,4487,1,2026-03-24 05:46:49.234663,pending
17186,2351,6,2026-02-21 17:25:26.857515,cancelled
17187,4536,2,2026-01-18 15:36:28.110055,completed
17188,2013,4,2026-02-15 16:19:05.249521,completed
17189,2570,10,2026-02-21 11:10:48.509558,pending
17190,1952,2,2026-01-05 14:17:37.186298,cancelled
17191,4797,10,2026-02-11 01:59:04.236756,completed
17192,995,10,2026-01-28 14:16:36.195663,completed
17193,107,2,2026-01-14 20:49:16.491890,cancelled
17194,1638,3,2026-03-04 04:29:33.181402,pending
17195,3916,4,2026-03-19 03:28:34.701059,completed
17196,1327,8,2026-01-21 17:43:29.371974,completed
17197,2733,3,2026-04-05 20:41:27.829265,cancelled
17198,1280,6,2026-03-26 15:23:59.930064,completed
17199,3157,4,2026-01-27 07:34:22.690224,cancelled
17200,4418,4,2026-01-17 11:20:36.731915,completed
17201,3810,1,2026-01-12 18:39:36.978928,cancelled
17202,1572,10,2026-03-09 01:45:34.305215,cancelled
17203,1678,6,2026-01-08 12:58:51.762242,pending
17204,1704,6,2026-01-01 09:23:50.046375,pending
17205,3969,8,2026-04-05 13:03:37.726195,completed
17206,1208,5,2026-03-29 08:14:21.947470,completed
17207,4603,8,2026-01-07 19:43:16.667262,pending
17208,62,8,2026-04-03 13:02:24.971737,completed
17209,3812,7,2026-03-18 12:33:23.085472,cancelled
17210,2781,3,2026-03-05 23:15:09.786974,completed
17211,487,10,2026-03-03 07:47:56.809148,pending
17212,4788,4,2026-03-13 16:14:06.790913,completed
17213,320,2,2026-01-23 01:11:26.734668,cancelled
17214,3939,8,2026-01-23 19:05:47.891732,pending
17215,1718,9,2026-03-19 03:29:45.764292,pending
17216,583,1,2026-04-04 01:11:57.492894,pending
17217,3534,5,2026-01-03 07:41:38.705990,completed
17218,3247,5,2026-01-20 08:00:59.290134,completed
17219,1478,1,2026-02-10 02:06:47.406523,pending
17220,1861,5,2026-01-11 13:03:55.014304,cancelled
17221,364,5,2026-03-15 19:00:34.550509,cancelled
17222,1223,4,2026-03-12 00:00:58.613343,pending
17223,3508,6,2026-01-26 10:12:07.452162,pending
17224,2681,3,2026-03-27 16:57:26.794999,pending
17225,3136,5,2026-02-08 02:44:19.173280,cancelled
17226,903,6,2026-02-14 09:38:43.202006,cancelled
17227,1645,1,2026-02-08 04:32:09.924555,completed
17228,4929,9,2026-01-26 09:37:59.688063,pending
17229,1970,4,2026-03-05 15:38:27.021671,cancelled
17230,3145,9,2026-01-01 07:35:30.714973,pending
17231,4139,1,2026-03-15 07:45:40.628910,pending
17232,4381,5,2026-03-03 04:41:45.673785,completed
17233,1508,10,2026-03-25 06:10:37.184307,pending
17234,588,7,2026-03-21 17:00:20.176580,cancelled
17235,1585,1,2026-01-12 10:53:34.492543,completed
17236,2298,4,2026-03-27 02:30:31.383872,pending
17237,2289,6,2026-02-03 07:46:37.289057,completed
17238,1752,9,2026-03-12 11:17:38.648350,completed
17239,1946,2,2026-03-16 19:32:35.208223,cancelled
17240,2529,9,2026-02-25 04:49:15.114297,completed
17241,3183,9,2026-03-21 05:10:39.816968,pending
17242,2793,8,2026-01-06 09:54:37.551957,completed
17243,2986,3,2026-03-17 18:43:18.569198,cancelled
17244,1154,10,2026-04-06 00:58:52.678621,pending
17245,1669,9,2026-03-12 21:12:18.962277,cancelled
17246,2171,7,2026-02-06 20:17:43.388467,cancelled
17247,993,10,2026-03-22 09:22:17.030743,pending
17248,3949,9,2026-02-19 08:44:20.336384,completed
17249,997,9,2026-01-04 02:23:35.278294,pending
17250,745,7,2026-03-08 00:58:16.616765,cancelled
17251,4923,6,2026-02-23 20:02:06.710651,pending
17252,351,2,2026-01-25 05:12:00.122215,cancelled
17253,3605,8,2026-01-19 19:25:15.977124,cancelled
17254,982,1,2026-02-22 07:57:45.641431,completed
17255,2089,6,2026-02-08 08:35:25.271370,pending
17256,3340,10,2026-02-13 17:31:34.680470,cancelled
17257,4651,5,2026-02-20 13:00:30.040224,completed
17258,2051,1,2026-03-17 03:48:19.642365,pending
17259,1590,4,2026-02-26 20:03:07.205059,completed
17260,536,8,2026-03-15 05:35:15.035177,pending
17261,1609,4,2026-02-24 11:59:44.550136,completed
17262,2233,4,2026-03-24 04:29:49.478285,completed
17263,936,9,2026-02-23 18:51:10.563771,cancelled
17264,3811,1,2026-03-25 04:34:54.194812,completed
17265,4569,6,2026-02-11 12:40:17.738428,pending
17266,4481,4,2026-03-03 17:34:15.689966,cancelled
17267,538,8,2026-01-29 02:51:01.814863,pending
17268,2486,6,2026-01-25 05:44:36.757952,completed
17269,3723,6,2026-03-16 05:45:00.171657,cancelled
17270,1958,3,2026-03-26 19:44:54.033548,pending
17271,18,3,2026-01-29 15:53:25.919700,cancelled
17272,3995,9,2026-02-16 09:55:28.171441,completed
17273,309,10,2026-02-23 07:48:17.156270,pending
17274,1191,7,2026-02-15 02:47:57.301042,cancelled
17275,119,4,2026-03-07 16:20:49.888573,pending
17276,1976,9,2026-01-01 08:17:00.548934,completed
17277,1963,10,2026-02-01 21:14:55.059171,cancelled
17278,2637,4,2026-03-08 20:06:00.984113,completed
17279,1664,7,2026-01-06 00:47:16.223497,completed
17280,4762,8,2026-03-30 05:10:03.008687,cancelled
17281,3518,6,2026-02-16 06:12:29.325794,completed
17282,1507,6,2026-01-31 10:19:59.376242,pending
17283,564,7,2026-03-02 02:20:10.917190,cancelled
17284,1783,5,2026-03-14 11:51:15.487010,completed
17285,225,8,2026-04-07 11:44:45.570438,pending
17286,1175,8,2026-02-15 09:22:07.753175,pending
17287,1310,2,2026-02-08 15:47:56.078077,cancelled
17288,3863,7,2026-03-26 18:27:39.374285,cancelled
17289,4671,2,2026-03-23 13:13:06.322757,completed
17290,1165,1,2026-01-25 19:28:42.852504,completed
17291,746,4,2026-03-27 13:22:21.921678,pending
17292,1459,8,2026-03-31 05:14:45.409842,pending
17293,4418,3,2026-01-08 13:46:11.528298,cancelled
17294,1243,4,2026-02-06 16:10:50.783775,completed
17295,1268,6,2026-01-17 10:56:46.248657,cancelled
17296,1201,3,2026-01-13 18:52:47.937975,cancelled
17297,2646,5,2026-02-24 03:48:56.011815,cancelled
17298,854,10,2026-04-03 20:59:30.711556,pending
17299,801,7,2026-03-04 21:00:51.683488,completed
17300,4633,10,2026-03-13 12:21:54.012615,completed
17301,2267,6,2026-02-12 03:31:46.995330,pending
17302,3325,4,2026-01-15 01:09:10.697506,pending
17303,3669,8,2026-02-22 03:21:07.904758,cancelled
17304,3316,3,2026-02-23 17:56:55.959477,completed
17305,1279,3,2026-02-08 18:36:20.438927,completed
17306,146,2,2026-03-25 08:09:00.121553,cancelled
17307,3589,1,2026-02-07 21:45:41.067904,completed
17308,2189,5,2026-02-22 08:27:30.799387,cancelled
17309,1098,10,2026-01-16 20:25:10.097323,pending
17310,432,3,2026-01-07 19:13:52.811687,pending
17311,3677,1,2026-03-24 23:01:12.133719,cancelled
17312,592,2,2026-01-01 17:20:29.307001,completed
17313,1844,7,2026-01-19 15:10:01.731117,pending
17314,842,8,2026-02-01 18:47:44.631063,pending
17315,3329,1,2026-01-21 18:11:55.047184,cancelled
17316,3283,4,2026-02-10 09:11:14.155700,cancelled
17317,1197,3,2026-03-06 23:42:54.954779,completed
17318,2905,10,2026-01-02 21:04:54.215695,pending
17319,1069,8,2026-02-28 03:46:34.659531,completed
17320,3069,6,2026-03-15 05:55:08.519702,cancelled
17321,537,7,2026-01-31 08:17:25.398668,cancelled
17322,3193,6,2026-01-04 20:55:51.939823,pending
17323,712,6,2026-01-04 15:41:37.544157,cancelled
17324,1994,10,2026-03-02 03:22:42.025544,pending
17325,3184,6,2026-01-19 03:16:04.152737,pending
17326,1577,9,2026-01-01 06:38:29.105596,cancelled
17327,2573,3,2026-03-02 05:49:57.908764,pending
17328,2638,3,2026-01-19 13:14:22.882150,completed
17329,509,10,2026-03-30 02:19:32.784042,completed
17330,4961,8,2026-01-27 07:42:14.448383,completed
17331,3058,4,2026-03-04 11:09:22.985636,cancelled
17332,2738,2,2026-01-12 22:57:41.816622,completed
17333,3859,5,2026-03-03 05:04:24.175736,cancelled
17334,2383,7,2026-03-13 19:15:42.150584,cancelled
17335,1507,3,2026-03-17 04:50:33.627876,completed
17336,994,9,2026-02-05 12:52:51.592633,completed
17337,1214,3,2026-03-30 04:24:24.691610,pending
17338,2005,2,2026-01-09 04:48:06.129469,completed
17339,4057,9,2026-02-02 22:24:17.091274,completed
17340,4119,5,2026-03-26 04:39:55.775940,cancelled
17341,4726,8,2026-03-13 11:26:07.036776,completed
17342,4911,9,2026-03-03 17:50:11.589332,cancelled
17343,3782,7,2026-02-14 09:53:39.021699,cancelled
17344,41,6,2026-02-27 23:41:42.577841,cancelled
17345,1940,6,2026-01-03 13:53:42.848792,completed
17346,1481,1,2026-02-19 16:01:14.150179,cancelled
17347,1769,9,2026-01-18 14:05:23.722895,cancelled
17348,4267,1,2026-01-27 08:30:55.056752,pending
17349,358,3,2026-03-18 00:41:12.014442,cancelled
17350,2786,7,2026-03-01 08:55:57.468888,cancelled
17351,426,3,2026-03-04 03:43:43.325973,completed
17352,3061,4,2026-01-25 07:04:55.718284,completed
17353,1625,6,2026-01-20 17:34:28.562268,cancelled
17354,1482,9,2026-04-01 06:20:41.408963,pending
17355,1820,4,2026-03-19 19:27:37.804156,completed
17356,2406,2,2026-01-01 10:13:52.648845,completed
17357,2126,3,2026-03-13 19:36:39.894001,completed
17358,3022,2,2026-02-12 05:19:51.276314,pending
17359,420,10,2026-03-11 07:28:45.655968,pending
17360,2943,2,2026-03-14 06:41:49.253934,completed
17361,2998,9,2026-03-07 15:10:09.874577,pending
17362,3026,6,2026-01-17 07:58:18.805796,completed
17363,4359,8,2026-01-12 02:03:21.838686,completed
17364,949,5,2026-01-23 08:05:08.790219,completed
17365,3026,3,2026-01-28 10:14:49.957424,pending
17366,1996,10,2026-03-22 14:14:26.818910,pending
17367,3879,5,2026-03-20 13:16:07.809573,pending
17368,171,10,2026-02-22 23:42:15.128307,cancelled
17369,212,7,2026-03-22 01:57:28.699147,cancelled
17370,2534,2,2026-01-12 13:12:19.921294,cancelled
17371,144,1,2026-04-02 10:23:40.059970,pending
17372,1100,8,2026-02-08 03:52:22.611327,completed
17373,2323,4,2026-03-21 02:51:08.945126,pending
17374,3038,8,2026-02-23 17:07:51.983799,completed
17375,1323,8,2026-01-31 22:29:34.232376,cancelled
17376,1455,2,2026-04-04 09:44:52.812459,completed
17377,4193,9,2026-02-14 00:02:17.477510,cancelled
17378,3074,3,2026-01-20 14:58:44.214999,pending
17379,1923,6,2026-01-28 15:30:42.909262,pending
17380,1364,3,2026-01-27 04:54:02.821461,cancelled
17381,4196,7,2026-01-28 18:46:01.091604,completed
17382,817,5,2026-03-08 17:29:15.664470,cancelled
17383,3560,3,2026-02-27 09:00:54.474817,cancelled
17384,3282,4,2026-02-28 06:42:59.307559,completed
17385,867,4,2026-03-23 19:57:41.289289,completed
17386,161,1,2026-03-08 00:53:21.930267,pending
17387,1435,8,2026-02-07 15:53:53.785340,pending
17388,1521,3,2026-04-04 08:35:17.563832,completed
17389,243,9,2026-02-25 18:14:39.591292,completed
17390,210,8,2026-01-06 08:59:14.083704,cancelled
17391,1189,10,2026-01-09 22:19:30.508969,cancelled
17392,1116,4,2026-01-20 22:49:10.872576,cancelled
17393,4278,5,2026-04-01 01:58:18.161617,cancelled
17394,1761,8,2026-02-09 06:53:37.853370,pending
17395,4827,6,2026-03-15 16:11:35.908781,cancelled
17396,2930,3,2026-01-02 13:19:14.348864,cancelled
17397,2505,4,2026-02-17 23:36:55.251180,completed
17398,1142,6,2026-02-11 00:42:22.367935,pending
17399,2383,7,2026-01-16 14:16:48.995738,pending
17400,305,1,2026-01-10 15:30:13.857869,completed
17401,572,3,2026-03-25 16:15:21.431755,completed
17402,2401,8,2026-01-24 18:51:13.469323,cancelled
17403,4696,7,2026-01-01 01:46:48.942645,cancelled
17404,1033,5,2026-03-01 14:57:34.358024,completed
17405,4918,10,2026-03-26 02:43:29.441510,pending
17406,3678,5,2026-02-02 11:01:20.843959,pending
17407,2581,6,2026-03-09 22:00:59.480985,completed
17408,4844,9,2026-01-23 01:34:41.010923,completed
17409,658,10,2026-04-03 18:05:55.714170,cancelled
17410,1384,2,2026-01-08 03:06:12.621428,cancelled
17411,3188,8,2026-03-28 09:44:14.179207,completed
17412,4859,5,2026-01-04 14:46:05.830048,pending
17413,731,6,2026-02-26 00:15:15.282454,pending
17414,2400,10,2026-02-17 06:36:25.047169,cancelled
17415,3326,2,2026-02-15 16:25:54.024334,pending
17416,4930,7,2026-03-22 10:59:57.477729,cancelled
17417,3576,6,2026-03-27 00:15:08.035649,completed
17418,124,6,2026-02-02 14:08:42.840479,cancelled
17419,971,6,2026-03-07 18:53:19.567634,cancelled
17420,1946,1,2026-04-04 02:08:19.886707,cancelled
17421,2151,8,2026-01-31 15:19:47.608427,completed
17422,2104,8,2026-03-24 11:50:18.168408,pending
17423,2260,9,2026-02-01 17:37:43.178236,pending
17424,4441,7,2026-01-19 00:16:08.490598,completed
17425,1823,6,2026-03-17 19:17:41.251750,completed
17426,108,4,2026-02-15 18:31:22.478333,completed
17427,1363,5,2026-02-25 16:56:41.958704,completed
17428,1542,3,2026-03-30 11:22:55.470720,pending
17429,3755,4,2026-03-13 22:51:16.983968,pending
17430,2826,9,2026-02-08 00:09:37.041862,pending
17431,4697,8,2026-03-07 23:09:05.854666,completed
17432,4393,2,2026-02-19 10:01:53.683307,pending
17433,3487,1,2026-01-16 10:47:46.932883,cancelled
17434,2688,7,2026-03-24 19:38:27.420480,cancelled
17435,744,3,2026-04-02 09:40:14.307204,cancelled
17436,1021,5,2026-02-22 00:48:51.690159,pending
17437,4471,10,2026-04-03 18:46:53.359976,pending
17438,2799,1,2026-03-27 06:23:08.509613,cancelled
17439,1506,2,2026-03-09 11:02:06.954637,cancelled
17440,748,3,2026-02-18 11:59:38.275700,completed
17441,3423,5,2026-02-05 19:00:36.870247,pending
17442,2705,3,2026-04-07 02:33:42.469508,pending
17443,2283,2,2026-03-24 07:05:47.987025,pending
17444,3194,7,2026-02-05 17:25:38.428572,cancelled
17445,3949,8,2026-01-04 06:22:32.911581,cancelled
17446,3771,8,2026-02-22 00:16:11.769689,pending
17447,2792,6,2026-03-19 21:53:39.665265,pending
17448,2779,4,2026-01-04 02:27:57.150197,cancelled
17449,3546,5,2026-04-07 13:19:33.976713,completed
17450,4672,8,2026-02-02 14:52:15.696687,completed
17451,146,3,2026-03-26 18:25:05.594756,cancelled
17452,2670,6,2026-03-17 05:04:35.922350,completed
17453,354,8,2026-02-20 00:46:35.374812,pending
17454,1506,6,2026-01-01 10:53:14.936250,cancelled
17455,2842,3,2026-02-10 13:19:47.395972,cancelled
17456,774,8,2026-03-21 05:39:25.676094,cancelled
17457,4350,1,2026-03-19 23:00:47.926515,pending
17458,1528,3,2026-04-04 01:58:15.309361,completed
17459,966,2,2026-02-12 22:48:29.875782,completed
17460,374,10,2026-03-30 16:24:34.134667,cancelled
17461,1094,5,2026-03-28 18:01:19.979543,cancelled
17462,113,6,2026-03-26 13:11:48.488717,cancelled
17463,4003,10,2026-04-02 12:04:28.941224,pending
17464,2510,1,2026-01-10 12:33:42.424794,pending
17465,2097,10,2026-02-20 11:56:12.468012,cancelled
17466,1511,4,2026-03-04 08:17:34.059015,completed
17467,3845,4,2026-01-31 00:59:17.649206,pending
17468,1611,6,2026-03-21 00:48:27.650163,pending
17469,3991,5,2026-02-14 02:32:28.141876,cancelled
17470,2925,4,2026-01-07 01:27:20.910288,completed
17471,789,5,2026-03-09 04:39:49.923735,completed
17472,3113,1,2026-01-03 04:01:33.998883,cancelled
17473,125,2,2026-03-11 20:47:46.994147,pending
17474,1092,10,2026-03-06 22:35:28.341162,cancelled
17475,2145,8,2026-01-18 09:42:33.200486,completed
17476,2454,2,2026-03-01 11:03:34.437697,completed
17477,491,6,2026-03-01 17:43:13.442141,completed
17478,1132,5,2026-02-15 16:20:45.272063,completed
17479,370,3,2026-03-31 13:33:45.709186,pending
17480,1175,3,2026-01-18 10:47:38.305988,pending
17481,3251,9,2026-03-04 12:57:13.358598,completed
17482,2862,4,2026-03-14 11:47:34.097358,completed
17483,3323,1,2026-03-06 08:45:09.407057,cancelled
17484,2381,3,2026-03-22 18:37:00.413657,pending
17485,1634,2,2026-03-20 15:54:13.778558,cancelled
17486,1407,1,2026-01-11 21:19:04.258746,completed
17487,3113,2,2026-04-05 11:25:45.164177,completed
17488,3133,2,2026-03-17 01:16:52.159924,pending
17489,2006,2,2026-03-01 20:53:47.754385,completed
17490,473,7,2026-02-07 12:30:13.771398,pending
17491,2018,5,2026-03-22 22:46:34.483594,completed
17492,1343,5,2026-01-20 23:03:38.056674,pending
17493,939,7,2026-02-17 03:31:52.515877,cancelled
17494,3916,2,2026-01-13 10:17:12.864175,pending
17495,4820,4,2026-02-06 10:41:02.298571,cancelled
17496,1179,6,2026-01-11 13:45:10.443104,completed
17497,4465,7,2026-03-27 11:01:58.251112,cancelled
17498,4050,5,2026-03-20 19:04:28.058819,completed
17499,1837,7,2026-03-09 17:36:54.985875,pending
17500,1132,10,2026-02-01 12:45:14.768974,cancelled
17501,3923,7,2026-01-26 13:58:35.585595,pending
17502,1110,8,2026-03-17 04:55:49.784356,completed
17503,315,2,2026-03-27 20:45:12.502573,pending
17504,1373,2,2026-01-04 13:47:38.876912,completed
17505,4144,4,2026-02-26 19:58:36.136906,cancelled
17506,2827,1,2026-03-22 23:47:46.096211,cancelled
17507,2456,9,2026-02-14 01:51:01.109609,completed
17508,3653,5,2026-04-02 15:39:51.269759,cancelled
17509,2915,2,2026-01-16 20:11:38.849684,pending
17510,901,6,2026-02-23 19:57:36.590327,pending
17511,1052,2,2026-01-31 15:16:13.104598,pending
17512,4174,7,2026-01-02 09:14:58.899649,completed
17513,3745,8,2026-04-06 07:05:14.654368,cancelled
17514,4337,7,2026-01-04 19:13:24.222159,cancelled
17515,3793,5,2026-01-28 21:25:43.247200,cancelled
17516,4888,10,2026-01-09 18:33:07.509654,pending
17517,1351,9,2026-03-01 07:21:24.750680,pending
17518,3110,2,2026-03-20 01:26:49.230728,pending
17519,4101,7,2026-03-21 19:19:04.756845,cancelled
17520,758,1,2026-01-30 01:22:40.564479,completed
17521,3424,6,2026-02-27 08:15:04.089797,cancelled
17522,1954,5,2026-01-10 12:45:58.948509,pending
17523,1600,7,2026-03-19 13:59:25.168764,pending
17524,2320,2,2026-04-07 05:31:45.974819,completed
17525,3730,4,2026-03-01 21:44:42.028011,pending
17526,1895,2,2026-01-24 22:12:35.082943,completed
17527,1454,1,2026-01-21 18:30:52.758870,completed
17528,3535,4,2026-01-22 07:48:50.993008,pending
17529,2983,7,2026-02-13 22:54:49.492923,cancelled
17530,1543,7,2026-03-12 15:04:59.045862,cancelled
17531,1,7,2026-02-11 03:41:26.104146,pending
17532,4135,8,2026-03-02 20:31:01.329328,pending
17533,3661,8,2026-02-11 18:48:10.747704,pending
17534,3074,4,2026-02-03 04:19:56.903122,pending
17535,4704,4,2026-03-03 01:40:43.403042,cancelled
17536,4244,7,2026-02-09 04:58:20.088656,cancelled
17537,1908,9,2026-03-31 23:59:24.914246,cancelled
17538,4166,5,2026-03-27 11:52:58.919816,pending
17539,1801,4,2026-03-24 08:55:46.711062,cancelled
17540,939,4,2026-03-06 14:42:27.905877,pending
17541,4476,6,2026-03-03 02:15:39.033456,cancelled
17542,563,2,2026-01-14 22:51:48.807242,pending
17543,1308,2,2026-02-10 04:09:23.790421,completed
17544,2566,5,2026-03-12 14:12:28.520463,completed
17545,3886,9,2026-02-20 20:09:22.665870,completed
17546,2639,2,2026-02-26 11:38:49.087072,pending
17547,2828,10,2026-02-25 20:40:08.839322,cancelled
17548,3065,1,2026-01-24 18:39:46.329765,pending
17549,2468,7,2026-01-17 06:03:31.379016,cancelled
17550,3691,2,2026-02-28 02:27:54.564749,cancelled
17551,2040,4,2026-02-23 21:43:51.723928,pending
17552,1805,9,2026-04-03 07:12:12.914796,pending
17553,208,8,2026-02-25 11:50:55.033825,cancelled
17554,2885,9,2026-03-27 02:48:12.295401,completed
17555,1390,2,2026-03-10 06:42:35.154800,cancelled
17556,277,5,2026-04-02 20:37:55.743249,cancelled
17557,1394,5,2026-02-14 23:34:37.659362,completed
17558,2392,2,2026-02-26 02:14:15.459096,cancelled
17559,482,10,2026-03-09 22:11:13.557424,pending
17560,3815,9,2026-01-29 10:12:21.848577,completed
17561,2522,5,2026-03-05 09:09:13.713069,completed
17562,1420,9,2026-01-06 09:10:06.169589,pending
17563,211,2,2026-01-23 02:19:49.425076,completed
17564,3218,5,2026-03-21 19:55:25.808194,cancelled
17565,4132,10,2026-02-22 14:13:22.125563,cancelled
17566,982,2,2026-02-12 22:44:36.234256,cancelled
17567,562,6,2026-03-23 02:33:26.666772,pending
17568,1444,3,2026-03-24 02:18:28.996647,cancelled
17569,4495,5,2026-01-18 06:19:50.882783,completed
17570,2817,9,2026-03-12 00:55:17.313760,pending
17571,1435,1,2026-02-24 10:44:38.189024,pending
17572,3255,7,2026-02-07 03:20:03.463404,pending
17573,4569,2,2026-01-25 21:48:54.629824,cancelled
17574,249,8,2026-02-19 00:40:12.384075,completed
17575,4386,4,2026-04-02 08:11:13.538273,cancelled
17576,2765,8,2026-02-28 10:38:12.687006,cancelled
17577,777,2,2026-02-17 20:12:34.496484,completed
17578,4975,8,2026-03-01 02:55:14.475701,cancelled
17579,1459,9,2026-01-30 02:25:36.314811,cancelled
17580,4910,1,2026-02-25 01:28:49.804951,pending
17581,2426,1,2026-01-07 19:09:29.787339,pending
17582,424,10,2026-01-20 19:59:10.262306,pending
17583,4673,3,2026-03-23 23:36:40.031124,pending
17584,1107,10,2026-03-02 10:20:55.495676,cancelled
17585,4127,2,2026-01-19 19:12:59.231547,completed
17586,2296,10,2026-04-01 12:13:40.943620,cancelled
17587,3846,9,2026-03-10 10:24:28.205641,cancelled
17588,1418,3,2026-03-18 02:07:52.437016,completed
17589,4671,10,2026-03-15 00:08:03.886288,completed
17590,3706,9,2026-03-24 14:20:39.416168,completed
17591,613,9,2026-04-06 16:48:45.701890,completed
17592,3728,9,2026-02-27 01:58:13.308425,completed
17593,592,10,2026-04-02 00:56:17.120358,cancelled
17594,1662,4,2026-02-03 15:00:48.234700,pending
17595,4108,7,2026-02-05 06:52:52.723711,completed
17596,4978,1,2026-01-09 19:39:46.927182,completed
17597,2386,4,2026-03-03 13:54:57.144801,cancelled
17598,3047,1,2026-02-06 05:48:53.142740,pending
17599,3905,7,2026-01-12 12:42:35.387836,pending
17600,4877,6,2026-02-08 08:30:32.252178,pending
17601,177,7,2026-03-05 13:17:03.181236,completed
17602,863,8,2026-02-22 12:41:00.411495,pending
17603,3213,5,2026-04-07 07:47:31.434129,pending
17604,1047,6,2026-02-25 07:32:33.985135,completed
17605,435,3,2026-02-17 09:48:13.873608,cancelled
17606,2918,3,2026-01-29 05:58:10.446242,cancelled
17607,3513,7,2026-01-11 11:17:13.640013,pending
17608,3980,9,2026-01-04 20:42:59.368725,cancelled
17609,635,4,2026-04-06 05:41:35.635667,completed
17610,851,8,2026-01-14 23:46:56.016132,completed
17611,535,8,2026-03-03 06:17:26.341365,completed
17612,1463,7,2026-01-17 02:38:25.074615,cancelled
17613,1588,10,2026-04-06 08:58:35.423940,cancelled
17614,3553,10,2026-01-11 03:08:01.116441,completed
17615,3323,3,2026-03-18 15:56:12.857284,completed
17616,4239,3,2026-01-21 04:55:41.872164,completed
17617,4432,7,2026-01-11 12:19:56.178851,cancelled
17618,2670,3,2026-04-06 04:07:17.224360,completed
17619,162,8,2026-01-26 14:22:59.717137,pending
17620,2754,5,2026-04-03 12:07:09.494353,cancelled
17621,1774,8,2026-03-27 13:14:44.784349,cancelled
17622,1066,10,2026-03-21 18:32:24.592480,cancelled
17623,4503,2,2026-03-20 09:07:52.642913,completed
17624,522,1,2026-03-06 09:31:26.397770,pending
17625,4788,9,2026-01-19 00:43:57.486576,completed
17626,1240,8,2026-03-15 08:39:11.201818,completed
17627,4941,2,2026-01-20 23:01:24.156081,cancelled
17628,3752,10,2026-01-12 09:41:25.786915,completed
17629,4231,10,2026-04-05 04:39:38.481109,pending
17630,3384,9,2026-01-20 01:40:35.167231,cancelled
17631,2267,10,2026-01-08 03:50:05.746772,pending
17632,1803,8,2026-01-26 04:06:19.746495,cancelled
17633,810,8,2026-01-13 22:48:08.359824,cancelled
17634,4213,7,2026-02-10 15:49:29.850872,completed
17635,746,10,2026-03-28 12:21:26.511468,pending
17636,2350,9,2026-04-02 23:01:44.630361,cancelled
17637,4903,7,2026-02-20 00:42:02.356771,completed
17638,2871,3,2026-04-03 00:03:39.088660,cancelled
17639,4792,3,2026-01-19 16:01:31.435857,completed
17640,4007,8,2026-01-08 05:02:25.239694,cancelled
17641,4822,1,2026-03-31 07:42:50.053144,pending
17642,3188,5,2026-02-11 05:23:25.255926,cancelled
17643,2587,3,2026-03-27 08:00:30.419623,pending
17644,2542,2,2026-02-03 13:19:00.750227,pending
17645,2351,1,2026-02-20 04:53:55.591186,completed
17646,1303,10,2026-03-10 21:37:53.198590,cancelled
17647,1857,3,2026-02-27 05:29:22.976992,completed
17648,2726,3,2026-02-01 04:09:47.100479,pending
17649,3295,6,2026-01-17 22:59:45.443262,pending
17650,1079,3,2026-03-14 12:36:55.377462,pending
17651,3260,2,2026-03-02 09:49:36.194300,pending
17652,3777,6,2026-01-09 18:57:36.721674,pending
17653,3485,10,2026-04-06 22:53:48.602161,pending
17654,698,2,2026-03-12 20:11:10.907111,pending
17655,16,3,2026-03-05 07:34:55.783782,pending
17656,1396,6,2026-02-15 11:06:03.704485,pending
17657,2021,3,2026-02-08 00:33:51.458122,pending
17658,3735,4,2026-01-02 11:36:43.199674,completed
17659,1401,1,2026-02-02 17:47:22.048589,pending
17660,1990,3,2026-01-25 08:42:11.813442,completed
17661,4086,4,2026-02-01 03:02:47.227136,cancelled
17662,2981,1,2026-04-01 02:25:41.616312,completed
17663,1848,5,2026-02-09 04:35:44.262853,cancelled
17664,4515,1,2026-01-04 18:41:54.241305,completed
17665,4205,5,2026-01-24 16:14:15.756727,cancelled
17666,2096,4,2026-02-09 23:18:12.898102,cancelled
17667,2734,3,2026-01-13 21:54:23.699399,completed
17668,4632,5,2026-03-03 13:44:45.015972,pending
17669,568,4,2026-03-21 02:28:57.488293,cancelled
17670,1999,5,2026-01-10 22:13:20.330766,completed
17671,477,3,2026-03-14 14:05:56.794664,completed
17672,3386,10,2026-03-07 09:48:33.332912,completed
17673,2486,2,2026-03-20 14:28:55.263264,cancelled
17674,951,3,2026-03-11 10:45:00.314842,completed
17675,2931,8,2026-04-01 14:15:00.811375,completed
17676,4304,4,2026-02-08 10:27:33.261132,pending
17677,4452,1,2026-02-11 03:12:59.409050,completed
17678,1321,6,2026-03-20 02:04:07.068572,completed
17679,4184,10,2026-02-05 00:44:33.083082,completed
17680,1620,8,2026-01-10 22:07:42.276935,cancelled
17681,2915,1,2026-03-23 04:49:46.422035,completed
17682,3084,10,2026-02-08 15:47:02.383262,cancelled
17683,1992,8,2026-03-03 04:11:00.115087,cancelled
17684,3770,4,2026-02-10 20:02:42.294274,cancelled
17685,2065,2,2026-01-25 07:11:04.093414,completed
17686,2983,1,2026-01-15 03:10:31.349017,cancelled
17687,3491,7,2026-01-21 11:50:03.000026,pending
17688,1860,8,2026-03-26 04:31:58.589852,pending
17689,3666,9,2026-02-21 18:21:32.557526,pending
17690,641,7,2026-04-06 18:06:56.022514,pending
17691,2933,2,2026-01-20 05:10:47.887225,cancelled
17692,148,9,2026-01-15 12:31:13.199196,completed
17693,1712,2,2026-02-23 18:39:57.095214,cancelled
17694,3616,10,2026-01-11 01:49:00.031617,pending
17695,3733,10,2026-02-28 01:01:24.762848,cancelled
17696,1802,4,2026-03-17 04:56:46.251736,cancelled
17697,3342,10,2026-04-01 23:11:52.062229,completed
17698,3038,8,2026-01-09 20:30:41.637296,cancelled
17699,2088,5,2026-03-13 10:12:05.716288,pending
17700,1909,6,2026-01-17 05:04:31.273273,pending
17701,835,3,2026-01-12 01:25:48.531218,completed
17702,3912,3,2026-04-07 14:13:20.512750,cancelled
17703,1370,9,2026-04-04 17:44:07.172731,pending
17704,1401,9,2026-01-22 03:30:41.322558,pending
17705,1268,10,2026-04-01 12:10:32.326279,cancelled
17706,1941,10,2026-02-19 03:38:10.544832,pending
17707,1938,4,2026-03-06 16:59:36.396219,completed
17708,277,7,2026-02-28 04:58:24.356378,cancelled
17709,1346,2,2026-03-28 21:58:33.668994,pending
17710,1239,1,2026-01-20 07:26:02.712517,pending
17711,4601,1,2026-03-10 16:45:20.642437,completed
17712,1339,1,2026-03-21 10:52:18.341594,completed
17713,2570,1,2026-03-15 10:03:51.007480,cancelled
17714,485,5,2026-02-11 11:22:30.076905,cancelled
17715,3845,5,2026-01-05 20:09:18.209723,cancelled
17716,3724,9,2026-01-30 23:27:51.918344,cancelled
17717,1696,2,2026-01-05 07:21:12.555290,cancelled
17718,4403,3,2026-02-12 17:13:25.802445,pending
17719,3620,5,2026-01-24 14:17:57.122651,cancelled
17720,4556,3,2026-03-06 20:26:31.201286,completed
17721,132,4,2026-02-16 01:23:12.098563,cancelled
17722,2585,7,2026-02-01 19:14:10.796285,cancelled
17723,2518,1,2026-03-23 02:19:41.219638,cancelled
17724,2928,4,2026-03-17 03:58:51.966433,cancelled
17725,4679,4,2026-03-23 22:03:58.409847,cancelled
17726,3643,8,2026-03-24 15:39:22.246388,cancelled
17727,143,1,2026-03-27 09:35:34.068620,completed
17728,308,7,2026-02-14 13:46:08.010381,cancelled
17729,2289,4,2026-02-09 21:37:13.038504,pending
17730,336,8,2026-02-25 13:10:54.680109,pending
17731,3795,2,2026-01-20 16:30:48.371288,pending
17732,1786,7,2026-03-07 04:38:34.636781,pending
17733,4977,5,2026-03-21 16:58:21.577550,completed
17734,4665,5,2026-01-23 20:50:22.325330,cancelled
17735,3336,2,2026-01-15 00:35:47.386069,cancelled
17736,1406,1,2026-03-25 23:08:04.890647,pending
17737,1628,6,2026-02-22 17:10:03.980617,pending
17738,1640,8,2026-04-04 18:24:50.973796,pending
17739,3447,10,2026-02-15 14:45:27.914374,completed
17740,2239,10,2026-01-15 03:20:18.664684,cancelled
17741,2912,5,2026-03-04 19:35:48.864673,cancelled
17742,3051,4,2026-04-05 21:33:11.924857,pending
17743,1945,9,2026-03-19 20:03:46.396578,cancelled
17744,582,6,2026-04-02 20:32:59.889122,cancelled
17745,1158,7,2026-02-08 19:24:54.445540,cancelled
17746,4092,6,2026-03-10 08:32:44.171346,cancelled
17747,1584,10,2026-01-09 15:35:02.662548,pending
17748,3789,9,2026-01-16 12:17:41.099978,completed
17749,4432,4,2026-01-24 13:05:37.941473,pending
17750,3938,10,2026-04-07 08:39:20.963146,pending
17751,3807,2,2026-02-13 01:17:26.607014,pending
17752,4016,6,2026-02-24 13:42:17.002667,cancelled
17753,2723,4,2026-01-10 06:41:05.512189,cancelled
17754,2268,2,2026-03-12 15:00:57.636507,completed
17755,1372,8,2026-01-03 13:42:37.175685,completed
17756,4705,8,2026-01-12 21:42:43.346635,completed
17757,3186,6,2026-03-26 23:50:33.649823,pending
17758,1982,9,2026-02-22 20:02:11.242237,cancelled
17759,2666,6,2026-03-12 23:19:12.612890,cancelled
17760,3066,3,2026-02-13 14:14:05.709415,pending
17761,2916,1,2026-01-16 12:01:56.639412,completed
17762,3821,5,2026-01-03 20:24:24.830142,cancelled
17763,3783,8,2026-02-16 19:40:11.778471,pending
17764,3686,10,2026-01-29 19:58:55.938352,cancelled
17765,4022,5,2026-01-24 07:14:01.730543,completed
17766,3445,4,2026-01-13 10:08:52.159563,completed
17767,702,8,2026-01-21 13:03:12.571767,cancelled
17768,3979,8,2026-03-13 18:50:07.245053,pending
17769,2156,1,2026-02-25 23:57:43.091437,completed
17770,3725,4,2026-01-07 10:41:31.109554,pending
17771,1570,1,2026-01-09 14:39:41.408060,cancelled
17772,3428,7,2026-01-09 10:11:43.115807,pending
17773,1874,8,2026-03-06 23:53:03.778474,cancelled
17774,1887,8,2026-03-26 01:56:10.686986,cancelled
17775,676,4,2026-02-27 20:14:10.989784,pending
17776,4496,4,2026-02-25 00:43:01.084074,completed
17777,411,2,2026-03-13 10:24:44.735871,cancelled
17778,546,9,2026-02-05 14:09:06.167531,completed
17779,1468,4,2026-03-31 11:08:00.049799,pending
17780,4296,7,2026-03-26 13:19:15.452895,cancelled
17781,3464,5,2026-03-17 15:23:02.730128,completed
17782,2629,2,2026-03-19 06:46:06.880183,cancelled
17783,3575,9,2026-01-28 01:39:41.401239,completed
17784,2878,2,2026-03-30 08:07:04.959858,pending
17785,4212,1,2026-02-25 03:57:02.613963,completed
17786,1249,8,2026-02-02 21:45:46.433261,pending
17787,3740,6,2026-01-28 07:06:17.957368,cancelled
17788,880,9,2026-02-15 13:27:22.042248,cancelled
17789,3021,7,2026-03-29 03:43:48.393309,cancelled
17790,2283,6,2026-03-22 23:35:29.459752,completed
17791,1752,3,2026-03-15 17:22:59.072767,cancelled
17792,4413,10,2026-01-17 10:27:35.529032,completed
17793,867,4,2026-03-14 13:23:35.480990,cancelled
17794,2540,3,2026-02-12 20:37:13.717073,pending
17795,294,3,2026-02-02 13:28:09.987349,pending
17796,4194,8,2026-03-07 21:15:03.761749,completed
17797,4717,3,2026-03-09 00:13:57.885549,completed
17798,2150,7,2026-03-31 17:37:44.878681,cancelled
17799,4639,6,2026-03-21 06:37:27.808553,completed
17800,1818,5,2026-01-27 20:33:48.017599,pending
17801,3222,2,2026-01-16 07:15:52.212258,pending
17802,4301,4,2026-02-04 16:08:46.493855,pending
17803,4295,1,2026-03-26 22:07:22.683094,completed
17804,1386,9,2026-02-12 11:29:31.105674,cancelled
17805,3286,7,2026-04-05 18:00:09.378022,completed
17806,1306,6,2026-02-24 21:30:44.562783,pending
17807,566,9,2026-01-03 05:52:07.094332,completed
17808,3828,5,2026-01-28 11:07:03.110254,cancelled
17809,224,10,2026-02-02 13:55:18.800474,cancelled
17810,623,9,2026-03-08 19:02:45.567371,completed
17811,4130,7,2026-02-13 05:32:40.512695,cancelled
17812,1121,1,2026-03-07 15:55:28.712818,completed
17813,3001,7,2026-02-02 04:40:18.339557,pending
17814,626,8,2026-03-16 23:30:58.298002,completed
17815,991,9,2026-01-11 02:07:29.326593,pending
17816,3037,3,2026-02-16 02:17:55.590966,pending
17817,1570,10,2026-01-18 01:23:13.832503,completed
17818,3643,7,2026-04-06 04:10:30.093417,pending
17819,1097,3,2026-02-04 05:37:16.773249,completed
17820,3289,7,2026-02-20 05:04:03.718176,cancelled
17821,397,8,2026-01-18 01:54:39.609962,cancelled
17822,3633,10,2026-03-15 17:40:32.262183,completed
17823,4651,10,2026-04-04 09:32:30.218719,pending
17824,1034,6,2026-02-08 14:04:22.969287,cancelled
17825,1833,9,2026-02-04 13:48:33.566803,pending
17826,1497,2,2026-03-03 08:30:55.508316,cancelled
17827,1707,6,2026-04-02 21:59:48.305549,pending
17828,3822,1,2026-03-24 08:50:10.981620,cancelled
17829,3643,6,2026-03-13 13:42:16.116234,pending
17830,4196,3,2026-01-17 16:05:21.240445,completed
17831,4412,6,2026-01-22 18:08:17.070794,completed
17832,3105,1,2026-01-12 10:31:05.708105,cancelled
17833,4907,7,2026-02-28 14:49:57.215793,pending
17834,1947,7,2026-03-21 11:35:12.333304,completed
17835,1022,1,2026-03-08 03:39:27.017521,pending
17836,948,10,2026-02-01 19:51:42.953257,pending
17837,4248,10,2026-03-24 23:53:54.294852,pending
17838,3805,10,2026-01-15 05:46:12.906026,pending
17839,171,7,2026-01-17 05:19:57.365398,pending
17840,45,10,2026-02-12 07:54:13.747167,cancelled
17841,4766,10,2026-01-28 18:20:57.696237,pending
17842,1192,4,2026-03-14 00:23:50.322384,cancelled
17843,4823,7,2026-03-13 22:50:04.714864,cancelled
17844,1717,2,2026-03-13 08:57:54.633154,completed
17845,22,9,2026-02-10 04:15:18.943040,completed
17846,603,7,2026-02-11 22:03:35.986360,cancelled
17847,2544,3,2026-02-23 04:16:32.450178,completed
17848,2428,9,2026-02-06 15:00:58.342339,cancelled
17849,2301,3,2026-02-18 03:17:44.240024,pending
17850,4582,2,2026-02-15 00:55:10.928808,completed
17851,2180,5,2026-01-14 03:46:32.661766,completed
17852,1393,9,2026-03-13 17:09:51.567587,completed
17853,1344,6,2026-02-13 09:05:30.115817,cancelled
17854,294,5,2026-02-27 00:36:12.093450,completed
17855,1453,10,2026-01-10 01:20:10.977338,cancelled
17856,2821,9,2026-01-20 07:10:40.633251,pending
17857,4581,3,2026-04-07 03:04:18.647245,cancelled
17858,1259,6,2026-02-22 18:56:08.634086,completed
17859,865,2,2026-03-23 16:22:41.878378,pending
17860,829,8,2026-01-01 18:28:02.678689,completed
17861,4781,3,2026-01-11 17:53:57.773971,cancelled
17862,1447,2,2026-02-17 17:49:29.560123,completed
17863,2881,10,2026-02-17 00:43:01.399858,cancelled
17864,25,3,2026-03-06 17:26:23.448807,completed
17865,4476,10,2026-04-04 15:35:02.357372,pending
17866,3793,3,2026-03-13 19:15:21.857928,pending
17867,1534,1,2026-02-16 14:03:27.163647,completed
17868,4624,1,2026-02-01 12:16:37.370443,completed
17869,4819,7,2026-01-04 19:31:29.501599,cancelled
17870,4251,7,2026-02-27 09:35:49.398243,cancelled
17871,551,7,2026-04-01 19:16:53.826807,completed
17872,140,9,2026-01-23 19:59:47.119474,pending
17873,2621,2,2026-01-15 03:54:52.609066,pending
17874,2160,2,2026-02-18 04:15:00.827314,pending
17875,1861,5,2026-01-06 21:31:54.174253,pending
17876,3548,7,2026-02-05 12:44:46.040055,cancelled
17877,1751,9,2026-02-21 02:02:46.918234,cancelled
17878,3899,6,2026-02-13 02:07:38.819251,pending
17879,154,1,2026-01-28 02:10:47.642302,completed
17880,2199,8,2026-03-24 11:11:30.271484,pending
17881,2726,3,2026-03-17 15:04:16.550443,pending
17882,4824,10,2026-03-29 15:32:42.472827,pending
17883,3369,10,2026-01-13 07:23:57.105974,pending
17884,737,7,2026-01-13 02:04:49.896344,cancelled
17885,601,4,2026-03-26 06:08:17.489054,completed
17886,802,1,2026-03-23 02:02:54.126706,pending
17887,2900,8,2026-03-17 18:27:00.839839,completed
17888,1934,8,2026-01-19 10:54:48.205559,completed
17889,411,8,2026-02-16 23:42:56.243128,cancelled
17890,3259,1,2026-01-25 22:23:00.956033,pending
17891,369,7,2026-02-26 09:44:00.307890,completed
17892,1644,5,2026-01-03 06:40:21.617617,cancelled
17893,2241,7,2026-03-23 06:54:28.577541,cancelled
17894,2738,8,2026-02-20 06:08:35.345371,completed
17895,2290,6,2026-03-20 04:32:34.643506,cancelled
17896,2763,10,2026-03-18 12:48:30.999226,completed
17897,2638,3,2026-02-07 21:51:55.440717,completed
17898,3171,10,2026-03-03 19:39:23.541259,cancelled
17899,449,9,2026-03-16 20:06:58.376229,pending
17900,1541,6,2026-03-10 22:43:41.623431,cancelled
17901,1073,8,2026-01-21 08:06:46.793379,completed
17902,801,8,2026-02-21 20:51:33.023490,pending
17903,4023,9,2026-02-10 02:18:58.428130,cancelled
17904,1211,1,2026-03-31 16:24:47.714269,completed
17905,3544,3,2026-03-22 20:19:02.636667,completed
17906,672,2,2026-03-23 22:17:20.858423,cancelled
17907,1314,9,2026-04-06 21:59:15.832057,cancelled
17908,3053,1,2026-02-17 03:54:06.570180,cancelled
17909,2143,10,2026-01-26 10:59:24.807431,cancelled
17910,1717,1,2026-01-04 17:11:15.261740,completed
17911,3912,3,2026-02-20 00:56:49.983945,pending
17912,3570,8,2026-01-20 04:40:32.721022,completed
17913,4960,8,2026-01-21 18:38:13.028919,pending
17914,294,6,2026-02-20 10:46:14.609817,completed
17915,398,1,2026-02-23 18:25:11.033182,completed
17916,2298,4,2026-02-26 12:13:46.581146,pending
17917,4622,5,2026-03-17 20:18:34.864581,cancelled
17918,3411,2,2026-01-03 23:09:05.723699,completed
17919,4179,10,2026-02-13 11:38:24.373767,completed
17920,1894,9,2026-03-23 16:33:02.815652,cancelled
17921,4186,9,2026-01-02 10:13:33.001678,cancelled
17922,2761,10,2026-03-25 23:15:18.972055,completed
17923,3822,10,2026-01-06 17:12:55.481453,pending
17924,1082,3,2026-03-04 06:50:44.726806,cancelled
17925,3966,2,2026-01-20 21:23:30.979420,completed
17926,646,2,2026-01-30 03:59:32.994395,completed
17927,2452,6,2026-02-12 17:59:54.796510,pending
17928,3825,5,2026-01-07 00:57:51.837116,cancelled
17929,1407,7,2026-02-23 01:48:25.454512,pending
17930,4774,7,2026-01-28 07:03:27.856726,cancelled
17931,3450,1,2026-01-09 13:52:12.889632,cancelled
17932,2326,9,2026-01-22 00:44:34.089164,pending
17933,2489,4,2026-04-06 10:36:30.964566,completed
17934,2649,4,2026-02-09 05:42:34.946027,pending
17935,3830,9,2026-03-18 16:46:37.365484,cancelled
17936,610,10,2026-02-03 11:36:09.919346,cancelled
17937,2311,2,2026-02-28 02:31:31.360030,cancelled
17938,458,3,2026-01-17 19:48:52.243122,cancelled
17939,3171,10,2026-02-13 10:04:41.296717,pending
17940,952,4,2026-01-11 14:20:45.695003,cancelled
17941,2239,8,2026-02-17 23:05:30.637863,completed
17942,3337,6,2026-03-14 08:31:55.230050,pending
17943,3705,7,2026-03-16 11:51:56.522429,pending
17944,827,3,2026-01-03 15:11:10.875706,completed
17945,4206,3,2026-02-19 17:48:18.046309,cancelled
17946,2717,3,2026-03-06 18:02:53.822766,pending
17947,1889,1,2026-01-12 18:47:02.915679,completed
17948,2870,4,2026-02-01 18:14:13.477546,cancelled
17949,3528,10,2026-03-11 13:22:25.025957,completed
17950,4957,3,2026-03-02 14:27:57.539304,completed
17951,1923,2,2026-02-01 22:51:19.630922,cancelled
17952,1854,2,2026-03-26 01:45:57.116266,pending
17953,671,2,2026-03-08 06:44:17.923249,pending
17954,2710,10,2026-01-14 20:30:37.292634,pending
17955,4026,3,2026-01-16 09:57:45.432044,cancelled
17956,2548,8,2026-01-31 06:38:04.948017,pending
17957,2941,7,2026-01-30 03:50:18.364557,completed
17958,3906,3,2026-01-29 22:16:02.718431,cancelled
17959,2481,8,2026-02-19 00:09:10.510012,completed
17960,992,7,2026-01-16 15:16:45.260875,pending
17961,4530,2,2026-01-03 02:29:59.137541,cancelled
17962,4000,3,2026-02-26 08:59:44.015862,cancelled
17963,2081,6,2026-01-18 05:28:01.863037,completed
17964,4008,3,2026-01-13 10:43:13.362816,completed
17965,4778,9,2026-04-07 16:01:03.300227,completed
17966,600,3,2026-02-16 09:43:09.140102,cancelled
17967,2319,4,2026-03-22 06:05:59.454997,pending
17968,3063,2,2026-02-20 01:59:35.507510,pending
17969,1462,5,2026-02-26 06:28:33.007592,pending
17970,2751,3,2026-04-01 13:23:13.778542,pending
17971,2470,7,2026-03-14 07:03:09.530420,completed
17972,2004,4,2026-04-03 23:18:38.556953,completed
17973,3257,8,2026-04-01 14:41:07.858452,completed
17974,1795,5,2026-03-18 17:40:32.957173,cancelled
17975,553,6,2026-02-10 16:38:56.925494,cancelled
17976,4391,1,2026-01-07 18:48:34.309103,pending
17977,3015,2,2026-02-07 05:03:47.740256,cancelled
17978,2020,1,2026-04-07 07:27:28.897205,cancelled
17979,4748,5,2026-03-09 00:45:19.902686,completed
17980,4909,3,2026-02-10 00:56:15.315433,completed
17981,1771,1,2026-02-04 21:08:13.829876,pending
17982,3016,2,2026-02-23 23:04:20.583462,completed
17983,2802,8,2026-03-28 00:54:15.268942,completed
17984,4259,4,2026-02-17 23:22:03.130965,pending
17985,324,1,2026-01-24 18:28:50.651018,pending
17986,2937,6,2026-02-10 22:34:51.198560,completed
17987,4137,1,2026-03-18 00:40:34.024270,pending
17988,2746,8,2026-03-22 00:08:48.815493,cancelled
17989,3244,10,2026-03-27 12:19:31.420585,cancelled
17990,3195,5,2026-02-11 02:17:39.399149,pending
17991,1959,3,2026-03-04 00:58:21.258305,completed
17992,3297,6,2026-02-22 09:32:36.978394,cancelled
17993,717,9,2026-04-07 15:55:33.080442,pending
17994,633,3,2026-04-04 10:57:56.126575,pending
17995,2368,8,2026-03-31 02:22:03.597712,completed
17996,1915,2,2026-03-08 15:01:09.621804,cancelled
17997,1212,10,2026-02-25 07:37:22.135246,cancelled
17998,4738,5,2026-03-26 00:22:39.658349,cancelled
17999,2946,9,2026-01-09 21:47:56.644594,completed
18000,2173,2,2026-01-04 18:51:11.895614,pending
18001,3914,6,2026-03-21 17:01:15.226600,completed
18002,882,8,2026-03-26 12:18:10.451210,completed
18003,599,4,2026-01-19 22:05:28.999784,pending
18004,3548,9,2026-03-27 13:47:55.284122,cancelled
18005,4914,9,2026-03-05 12:02:21.957851,cancelled
18006,4712,8,2026-01-23 01:19:52.428735,pending
18007,1980,1,2026-02-07 01:14:17.102351,completed
18008,1356,9,2026-02-27 16:39:59.238309,completed
18009,2107,7,2026-01-25 17:47:45.120013,completed
18010,4367,8,2026-03-27 14:53:01.123158,completed
18011,1482,5,2026-01-11 14:42:07.273579,completed
18012,2850,1,2026-03-13 03:42:13.858224,cancelled
18013,1706,10,2026-04-01 23:43:48.951656,completed
18014,3907,7,2026-01-26 00:08:09.588794,completed
18015,1837,5,2026-03-14 05:24:04.711908,cancelled
18016,3013,6,2026-01-18 13:46:39.655725,cancelled
18017,1962,1,2026-03-24 10:24:25.065364,cancelled
18018,3189,5,2026-01-20 09:22:59.502825,pending
18019,3396,6,2026-01-06 22:55:22.068396,cancelled
18020,3515,5,2026-01-10 15:50:09.850108,cancelled
18021,2312,8,2026-01-16 17:14:45.004003,pending
18022,4645,3,2026-03-11 06:19:33.069348,cancelled
18023,4389,4,2026-01-30 14:12:50.256157,cancelled
18024,568,6,2026-03-30 17:54:00.414551,pending
18025,3752,1,2026-02-07 11:30:57.248592,pending
18026,3744,1,2026-03-21 05:34:17.491433,pending
18027,4997,1,2026-04-01 04:21:32.168545,pending
18028,2599,3,2026-02-15 21:31:20.099053,pending
18029,1761,2,2026-01-22 06:04:37.716414,pending
18030,1848,4,2026-01-09 07:38:11.369857,pending
18031,4119,2,2026-03-25 09:51:45.587337,cancelled
18032,2666,3,2026-01-29 04:11:40.734448,completed
18033,4268,7,2026-03-15 13:52:28.234435,cancelled
18034,559,5,2026-01-29 06:10:03.043283,pending
18035,2878,1,2026-03-12 03:18:38.081942,cancelled
18036,3291,5,2026-02-22 17:04:28.241876,cancelled
18037,1644,3,2026-01-30 01:48:39.423284,pending
18038,3851,4,2026-02-02 00:13:36.893983,completed
18039,4948,6,2026-02-06 00:02:13.709001,cancelled
18040,1761,1,2026-02-02 14:09:35.161236,completed
18041,4552,1,2026-01-15 09:49:22.403713,cancelled
18042,4135,5,2026-03-12 05:08:44.159149,cancelled
18043,3077,5,2026-02-05 12:55:18.278478,pending
18044,1579,6,2026-01-26 10:09:34.732296,pending
18045,2981,2,2026-03-21 04:50:53.536104,pending
18046,4919,2,2026-03-23 04:39:36.247904,completed
18047,1309,8,2026-01-09 15:48:46.387878,pending
18048,3072,8,2026-01-17 05:13:33.493417,completed
18049,4865,1,2026-02-19 03:44:32.106610,pending
18050,4449,1,2026-03-14 00:29:41.748313,completed
18051,2699,7,2026-01-28 04:24:44.115479,cancelled
18052,4662,2,2026-02-22 20:28:36.850846,cancelled
18053,480,2,2026-01-25 20:17:11.737768,pending
18054,2072,10,2026-02-10 13:30:38.397577,completed
18055,2482,1,2026-02-02 00:24:52.101842,completed
18056,871,2,2026-01-19 11:23:40.619362,cancelled
18057,4400,10,2026-03-26 22:55:49.324087,pending
18058,1992,10,2026-03-06 03:45:54.102695,pending
18059,4351,2,2026-03-25 19:26:45.753711,pending
18060,4397,3,2026-02-17 09:40:08.706497,completed
18061,4843,6,2026-03-11 16:06:12.775218,pending
18062,1114,2,2026-02-04 23:14:01.398107,completed
18063,1248,7,2026-01-30 08:10:25.157272,pending
18064,2520,5,2026-02-25 07:34:28.727110,completed
18065,1232,9,2026-02-18 08:30:49.859235,cancelled
18066,2394,9,2026-02-05 15:07:05.054235,completed
18067,1101,7,2026-03-29 17:29:12.702957,cancelled
18068,2897,8,2026-02-04 05:48:22.464464,completed
18069,1939,4,2026-04-06 21:18:23.972588,pending
18070,2642,1,2026-02-24 12:33:47.066924,completed
18071,3982,6,2026-02-15 00:54:08.662383,pending
18072,1634,8,2026-01-27 06:22:27.692235,completed
18073,2519,3,2026-02-05 00:15:20.636846,cancelled
18074,2512,3,2026-02-12 09:30:50.540573,completed
18075,1726,4,2026-03-29 12:29:08.280379,completed
18076,4051,3,2026-01-27 09:51:29.551865,completed
18077,758,6,2026-02-13 16:03:05.496345,pending
18078,3091,4,2026-01-07 20:25:50.398948,cancelled
18079,3490,8,2026-04-02 23:54:58.307903,cancelled
18080,1797,3,2026-03-02 02:48:10.560865,pending
18081,3653,2,2026-03-01 21:27:41.967760,cancelled
18082,4763,6,2026-01-20 08:47:04.127902,cancelled
18083,2928,4,2026-03-01 13:20:27.861143,cancelled
18084,1158,2,2026-01-16 19:06:23.594168,completed
18085,2239,8,2026-02-03 10:12:05.300244,cancelled
18086,2970,7,2026-01-08 07:43:42.174740,cancelled
18087,3234,3,2026-03-31 23:06:48.191256,pending
18088,2791,10,2026-03-15 23:57:51.413118,pending
18089,2008,7,2026-02-20 09:17:11.524101,cancelled
18090,2028,9,2026-01-02 14:15:41.152538,cancelled
18091,522,8,2026-02-17 15:38:34.321675,completed
18092,3408,10,2026-03-15 20:33:17.331672,cancelled
18093,2447,10,2026-04-04 10:38:40.693932,completed
18094,2367,2,2026-01-01 15:29:08.269263,pending
18095,4481,8,2026-03-29 23:45:54.061773,pending
18096,1025,9,2026-02-01 06:48:08.838262,pending
18097,3993,8,2026-01-13 21:33:27.653459,completed
18098,844,5,2026-03-04 05:05:29.026489,completed
18099,4606,1,2026-04-02 00:27:17.133698,cancelled
18100,1712,5,2026-02-24 19:39:27.270571,completed
18101,4104,1,2026-03-19 10:18:19.954149,completed
18102,1809,10,2026-02-18 13:49:07.406191,completed
18103,114,7,2026-04-04 13:36:01.895059,cancelled
18104,2900,3,2026-01-25 23:03:25.918249,cancelled
18105,3476,4,2026-01-30 10:42:44.960091,completed
18106,423,3,2026-02-01 18:44:26.368443,completed
18107,3826,4,2026-03-24 15:46:26.835624,completed
18108,326,4,2026-02-24 15:04:12.952799,completed
18109,2943,1,2026-02-28 07:05:47.035140,completed
18110,3936,5,2026-03-24 22:15:13.845202,cancelled
18111,1760,4,2026-02-01 03:59:30.772891,cancelled
18112,2252,8,2026-01-20 13:22:13.791663,pending
18113,916,1,2026-02-16 18:44:57.936271,cancelled
18114,78,7,2026-01-02 04:22:33.092534,cancelled
18115,3454,10,2026-03-11 06:40:39.377934,cancelled
18116,1638,7,2026-04-05 12:11:44.480640,cancelled
18117,4741,2,2026-04-04 15:27:13.107320,completed
18118,1066,2,2026-01-06 13:34:02.985703,completed
18119,4150,7,2026-03-14 05:23:22.539786,pending
18120,663,1,2026-02-23 08:57:18.286357,cancelled
18121,4542,9,2026-01-11 09:32:25.621717,completed
18122,2819,10,2026-03-05 00:50:05.788170,cancelled
18123,1920,4,2026-02-11 09:48:28.319319,pending
18124,1324,8,2026-03-06 21:43:06.659703,pending
18125,2735,6,2026-01-24 07:08:50.316764,pending
18126,1474,1,2026-01-11 03:54:36.793674,pending
18127,3277,9,2026-03-15 10:14:55.841326,pending
18128,460,4,2026-03-30 05:58:24.429174,cancelled
18129,1290,4,2026-03-12 02:15:54.509700,completed
18130,3652,9,2026-01-31 18:53:59.868883,cancelled
18131,2985,10,2026-02-19 00:49:21.649176,pending
18132,4587,3,2026-04-01 11:35:55.142267,cancelled
18133,35,8,2026-03-01 10:59:34.888751,completed
18134,2741,4,2026-03-16 06:31:28.871196,completed
18135,4818,7,2026-01-28 08:10:14.281438,pending
18136,4808,9,2026-01-17 19:34:37.715425,cancelled
18137,1017,9,2026-03-31 23:15:52.268839,cancelled
18138,1762,3,2026-01-24 10:14:09.311716,pending
18139,1258,1,2026-02-21 09:00:05.047002,pending
18140,2641,6,2026-01-28 21:31:14.459718,pending
18141,3666,9,2026-01-07 16:47:32.802145,completed
18142,3253,4,2026-03-11 06:22:42.354256,pending
18143,349,2,2026-01-23 02:00:14.580827,cancelled
18144,3599,6,2026-01-31 05:03:30.606184,cancelled
18145,1757,3,2026-02-04 07:52:38.890129,pending
18146,414,1,2026-01-27 11:58:16.379146,pending
18147,2328,5,2026-02-02 18:38:38.163266,cancelled
18148,4491,3,2026-03-30 22:33:00.847512,cancelled
18149,1791,5,2026-02-24 05:03:54.176124,pending
18150,3074,1,2026-01-03 11:07:22.561443,pending
18151,3646,1,2026-01-14 14:18:26.804187,pending
18152,3762,3,2026-01-08 15:07:57.695923,pending
18153,2385,1,2026-03-18 06:03:17.610009,cancelled
18154,1582,5,2026-02-01 16:37:40.804884,pending
18155,4889,6,2026-02-17 09:36:11.554790,completed
18156,2475,1,2026-01-28 16:56:09.953054,completed
18157,2381,3,2026-01-03 00:32:19.391051,completed
18158,1490,3,2026-04-07 07:18:25.655982,completed
18159,1786,10,2026-02-06 16:10:38.153620,cancelled
18160,2041,8,2026-03-10 04:02:40.700458,cancelled
18161,101,10,2026-01-09 04:36:56.419091,completed
18162,3719,6,2026-01-02 02:06:09.506945,cancelled
18163,452,5,2026-02-18 07:39:47.264141,cancelled
18164,1705,5,2026-03-04 05:11:39.364923,cancelled
18165,247,9,2026-03-09 20:16:49.154673,pending
18166,1567,7,2026-03-14 12:21:52.656935,pending
18167,2266,2,2026-02-13 23:23:11.066905,pending
18168,4080,10,2026-03-01 04:33:31.885119,completed
18169,4471,1,2026-01-01 16:14:22.573112,pending
18170,3861,6,2026-03-07 01:41:30.371610,completed
18171,401,7,2026-01-27 15:12:00.173750,completed
18172,3323,6,2026-02-04 15:37:07.246025,pending
18173,3595,5,2026-03-19 21:12:09.705054,cancelled
18174,2260,6,2026-02-19 10:30:57.854404,completed
18175,1198,2,2026-02-20 23:48:53.232204,cancelled
18176,3031,10,2026-03-01 05:18:01.984426,cancelled
18177,4110,10,2026-01-20 14:44:09.603805,completed
18178,2064,2,2026-02-05 09:32:37.914927,completed
18179,4360,7,2026-02-05 06:24:09.849283,pending
18180,4764,2,2026-01-14 17:11:33.047933,cancelled
18181,1734,10,2026-03-29 19:10:23.374340,pending
18182,378,4,2026-01-01 19:59:58.013785,cancelled
18183,1727,3,2026-02-02 00:21:53.487713,pending
18184,768,8,2026-03-10 00:35:42.871153,pending
18185,1581,1,2026-02-16 07:19:28.385763,completed
18186,2833,8,2026-03-20 09:57:23.698678,cancelled
18187,3684,6,2026-01-27 20:38:25.338181,pending
18188,828,4,2026-02-18 20:37:15.595605,cancelled
18189,2156,7,2026-02-01 17:20:06.153574,pending
18190,2867,2,2026-03-18 01:15:33.544811,completed
18191,186,3,2026-02-20 20:11:39.169640,completed
18192,2542,2,2026-03-25 12:33:43.775341,cancelled
18193,3760,4,2026-02-11 16:56:10.644443,completed
18194,358,8,2026-03-14 22:25:34.048817,cancelled
18195,3641,3,2026-02-19 23:11:28.054876,completed
18196,1139,3,2026-03-12 03:45:07.349347,pending
18197,1362,9,2026-03-26 20:45:05.244871,completed
18198,1914,7,2026-03-06 12:45:21.867639,cancelled
18199,4243,10,2026-03-25 00:46:05.186862,completed
18200,1051,1,2026-02-28 12:31:45.912524,cancelled
18201,2013,9,2026-01-11 06:24:06.170459,pending
18202,856,8,2026-01-12 05:22:45.163545,completed
18203,1453,6,2026-01-14 19:33:10.206553,pending
18204,291,10,2026-03-15 15:36:41.621628,completed
18205,69,3,2026-03-23 21:22:03.869168,cancelled
18206,3223,6,2026-02-21 10:22:18.364019,pending
18207,1937,2,2026-01-29 00:29:29.834061,pending
18208,4172,10,2026-02-11 07:38:30.035464,completed
18209,2882,8,2026-03-21 16:56:50.358594,completed
18210,4890,1,2026-03-28 15:58:15.664796,completed
18211,4850,4,2026-01-04 07:43:10.539753,cancelled
18212,4046,6,2026-03-14 16:02:30.226382,pending
18213,4792,3,2026-03-05 10:41:22.201535,pending
18214,4745,3,2026-02-09 22:30:15.391438,completed
18215,3002,7,2026-02-06 01:54:40.408775,pending
18216,4198,7,2026-03-21 09:42:02.465362,cancelled
18217,825,2,2026-03-20 01:41:23.756491,cancelled
18218,1332,3,2026-04-04 01:42:57.900452,pending
18219,4460,9,2026-03-02 14:55:12.876498,pending
18220,3679,10,2026-02-04 22:46:56.123311,pending
18221,4903,7,2026-02-07 07:45:22.139014,cancelled
18222,2203,10,2026-03-05 15:35:42.281922,pending
18223,3273,6,2026-03-29 05:28:14.562617,cancelled
18224,661,9,2026-01-27 19:44:24.533485,cancelled
18225,859,4,2026-02-16 02:27:45.934983,cancelled
18226,895,7,2026-01-11 20:21:58.348441,cancelled
18227,332,7,2026-01-05 03:03:52.698185,completed
18228,1361,6,2026-03-01 04:00:48.639443,pending
18229,290,3,2026-01-17 13:42:00.201308,completed
18230,2626,8,2026-02-16 16:38:56.584857,completed
18231,4176,9,2026-02-25 07:44:46.389059,completed
18232,1788,4,2026-03-19 21:08:06.762261,pending
18233,1772,1,2026-02-17 15:00:37.231372,pending
18234,3669,1,2026-01-11 06:42:04.485674,pending
18235,2036,7,2026-03-30 17:37:35.335890,pending
18236,3569,1,2026-03-21 10:45:30.203832,pending
18237,1227,8,2026-02-25 20:58:02.544797,cancelled
18238,3129,8,2026-02-07 21:59:50.151927,cancelled
18239,1281,3,2026-01-08 22:35:31.719782,cancelled
18240,969,1,2026-01-30 14:08:51.036723,cancelled
18241,451,10,2026-03-23 01:32:15.094111,completed
18242,3275,9,2026-02-21 04:20:27.661243,cancelled
18243,4978,4,2026-01-12 06:20:40.464152,cancelled
18244,2488,6,2026-01-29 17:36:22.011151,cancelled
18245,2338,9,2026-01-01 04:04:25.054182,completed
18246,2290,1,2026-01-31 22:54:16.086497,pending
18247,2646,2,2026-01-02 00:29:22.316155,completed
18248,417,9,2026-01-27 00:01:59.265743,pending
18249,430,10,2026-02-24 10:37:42.703906,cancelled
18250,817,3,2026-03-17 06:37:48.377693,pending
18251,885,6,2026-01-27 21:12:17.698846,completed
18252,1084,9,2026-03-12 02:00:44.371837,cancelled
18253,2609,2,2026-01-22 00:54:05.763468,pending
18254,1131,5,2026-03-09 12:53:13.889923,completed
18255,3085,7,2026-03-27 07:57:32.681564,cancelled
18256,2747,7,2026-01-11 07:51:52.714440,cancelled
18257,4000,5,2026-01-14 10:53:07.729815,cancelled
18258,3916,8,2026-02-15 00:45:09.010693,cancelled
18259,1084,8,2026-03-01 05:19:40.910863,completed
18260,2097,3,2026-01-03 23:20:10.625584,pending
18261,4541,6,2026-02-06 03:15:08.873537,completed
18262,299,5,2026-01-22 11:57:08.654167,cancelled
18263,1139,2,2026-02-01 10:00:13.592457,cancelled
18264,4977,9,2026-02-25 17:50:18.249933,cancelled
18265,2393,1,2026-03-05 17:41:07.363464,pending
18266,4991,6,2026-03-05 03:47:19.433640,pending
18267,391,2,2026-03-19 06:37:01.247075,pending
18268,4593,10,2026-02-15 11:44:36.885970,completed
18269,1410,6,2026-01-08 11:14:35.171332,pending
18270,1760,1,2026-01-16 17:56:15.119067,pending
18271,3379,6,2026-01-23 21:57:25.975191,cancelled
18272,787,3,2026-02-27 15:19:25.403549,pending
18273,1639,3,2026-02-15 07:36:26.347270,pending
18274,2909,3,2026-01-05 21:25:27.337322,cancelled
18275,1018,7,2026-01-15 02:51:03.518825,pending
18276,1328,9,2026-01-17 00:29:46.156800,pending
18277,2128,2,2026-01-09 16:10:13.353307,cancelled
18278,2795,7,2026-03-31 16:09:44.399317,cancelled
18279,2674,7,2026-03-20 22:06:43.730649,pending
18280,3584,10,2026-03-01 00:41:38.868267,completed
18281,1800,2,2026-03-23 23:09:20.008119,completed
18282,2557,7,2026-02-06 08:35:48.657318,completed
18283,3588,1,2026-04-02 12:15:08.750093,cancelled
18284,714,4,2026-02-12 16:56:31.487447,cancelled
18285,1691,6,2026-01-31 07:49:25.719519,pending
18286,4040,6,2026-02-11 01:35:58.188815,cancelled
18287,4924,5,2026-02-02 12:06:40.144109,pending
18288,3217,6,2026-03-17 14:10:08.966092,cancelled
18289,2846,2,2026-01-09 06:05:34.536038,pending
18290,2104,7,2026-02-22 23:19:25.586616,cancelled
18291,934,7,2026-02-16 19:30:50.946638,pending
18292,4032,2,2026-03-20 16:59:10.560762,cancelled
18293,2470,5,2026-03-21 12:04:18.735596,cancelled
18294,3557,9,2026-02-22 21:29:27.086955,cancelled
18295,4757,8,2026-01-02 02:28:31.047466,completed
18296,3552,9,2026-03-01 05:03:40.221112,cancelled
18297,408,8,2026-03-13 18:05:25.037497,pending
18298,3044,3,2026-03-07 19:35:42.440521,cancelled
18299,2948,8,2026-03-23 15:05:24.828367,cancelled
18300,1332,5,2026-01-17 20:57:22.828346,completed
18301,4250,3,2026-04-05 08:43:15.903500,completed
18302,3969,10,2026-02-11 02:59:54.056333,pending
18303,4467,10,2026-03-18 02:00:55.269835,completed
18304,3697,10,2026-02-27 10:42:40.598896,completed
18305,1627,9,2026-02-25 11:51:58.658241,cancelled
18306,2070,5,2026-02-22 19:44:03.897766,cancelled
18307,56,9,2026-02-23 22:33:11.733675,completed
18308,2272,8,2026-01-26 07:28:56.909260,pending
18309,2164,9,2026-03-25 04:25:12.650547,completed
18310,1010,1,2026-03-07 15:18:23.876417,cancelled
18311,3551,9,2026-01-22 00:21:07.783203,completed
18312,2875,8,2026-03-31 19:09:55.625917,cancelled
18313,1030,2,2026-04-06 03:26:49.485356,pending
18314,4677,4,2026-02-23 04:59:33.547716,completed
18315,121,4,2026-02-14 18:44:27.865709,pending
18316,1154,10,2026-01-16 16:52:34.954469,cancelled
18317,4661,7,2026-03-14 23:09:25.455190,completed
18318,1358,1,2026-01-15 19:36:01.240196,pending
18319,4308,8,2026-01-15 07:21:01.240553,pending
18320,1854,6,2026-03-31 16:56:45.728655,pending
18321,279,2,2026-01-28 02:09:23.077790,cancelled
18322,3259,2,2026-01-28 17:18:47.288165,completed
18323,4247,3,2026-04-04 03:43:25.051612,completed
18324,3389,9,2026-02-21 06:49:13.717013,pending
18325,3682,1,2026-03-09 09:08:51.200924,completed
18326,4877,1,2026-01-26 16:09:17.189059,completed
18327,2126,3,2026-03-08 09:30:38.558646,cancelled
18328,3052,10,2026-03-17 02:55:40.523262,completed
18329,3735,8,2026-01-01 07:47:32.195345,cancelled
18330,2536,6,2026-03-09 23:40:50.990212,pending
18331,3081,9,2026-03-02 11:05:42.036460,completed
18332,4753,9,2026-02-04 03:22:55.900192,pending
18333,3501,1,2026-02-08 07:59:14.168924,pending
18334,957,7,2026-04-02 15:51:42.976336,completed
18335,2354,4,2026-03-11 10:02:51.730647,cancelled
18336,2122,8,2026-01-21 16:29:06.045819,completed
18337,3243,2,2026-01-13 06:06:23.922669,completed
18338,2930,10,2026-02-23 21:50:54.084770,cancelled
18339,2184,2,2026-04-03 09:49:55.855668,pending
18340,4284,6,2026-01-18 05:31:16.056947,cancelled
18341,2436,10,2026-02-24 21:12:52.095876,cancelled
18342,582,10,2026-01-09 07:15:43.245296,completed
18343,868,9,2026-03-10 10:37:58.093750,cancelled
18344,4174,5,2026-03-05 06:19:58.963806,pending
18345,2942,9,2026-02-23 19:14:41.352664,completed
18346,1191,2,2026-01-16 03:13:58.093969,cancelled
18347,2920,9,2026-03-26 09:41:28.124828,pending
18348,1080,7,2026-02-15 07:11:21.159282,pending
18349,3066,2,2026-02-27 05:37:12.221795,cancelled
18350,2644,2,2026-03-05 19:39:55.327465,completed
18351,3602,10,2026-01-29 05:38:58.551236,pending
18352,3076,9,2026-03-16 06:58:23.811531,completed
18353,3799,8,2026-01-30 04:40:22.177345,pending
18354,2831,3,2026-01-02 14:28:14.006633,cancelled
18355,1573,6,2026-01-25 19:15:05.840016,completed
18356,1340,9,2026-02-22 13:55:16.450588,cancelled
18357,948,7,2026-03-03 18:53:33.723262,completed
18358,4282,4,2026-01-19 21:13:36.495167,completed
18359,235,2,2026-01-14 02:22:51.217160,cancelled
18360,198,3,2026-03-03 06:09:56.560535,pending
18361,2761,5,2026-03-31 16:59:45.227652,cancelled
18362,1638,6,2026-02-04 21:11:06.524831,pending
18363,396,1,2026-01-01 22:53:33.732212,pending
18364,2743,10,2026-01-27 01:06:47.496644,pending
18365,1499,7,2026-03-30 03:18:55.412347,cancelled
18366,2317,5,2026-03-16 22:50:05.349140,cancelled
18367,698,2,2026-03-15 02:47:08.910798,pending
18368,3350,6,2026-03-31 06:18:01.323340,completed
18369,2744,5,2026-03-13 23:06:05.035269,completed
18370,4906,6,2026-02-23 00:15:28.639812,cancelled
18371,3534,4,2026-03-02 21:19:53.412865,cancelled
18372,3202,5,2026-02-14 21:43:01.515430,pending
18373,2389,8,2026-03-20 08:01:22.563192,cancelled
18374,4609,6,2026-01-11 14:15:20.183219,completed
18375,3531,5,2026-03-23 14:56:50.666345,completed
18376,3714,7,2026-01-09 16:10:49.982093,completed
18377,3155,1,2026-03-19 16:03:24.240606,cancelled
18378,3903,6,2026-01-28 01:02:34.180789,pending
18379,574,10,2026-01-20 23:10:48.102683,cancelled
18380,2399,6,2026-01-05 23:54:59.442165,pending
18381,1949,2,2026-01-07 11:31:40.269615,completed
18382,2172,9,2026-01-19 21:34:28.542965,pending
18383,2928,6,2026-01-19 23:10:02.630367,pending
18384,2519,10,2026-03-07 20:03:28.624589,completed
18385,3262,2,2026-02-17 11:25:47.466871,cancelled
18386,2130,6,2026-02-09 03:24:43.799142,cancelled
18387,3888,2,2026-02-15 03:52:37.929581,cancelled
18388,858,6,2026-01-27 18:54:40.673252,completed
18389,2023,7,2026-04-07 07:49:48.573242,completed
18390,4499,5,2026-02-10 09:56:44.199699,completed
18391,3106,7,2026-03-18 17:00:14.163577,cancelled
18392,74,9,2026-02-12 13:00:19.517476,cancelled
18393,3183,2,2026-01-09 00:01:41.064822,cancelled
18394,3179,9,2026-02-10 04:54:27.632626,cancelled
18395,4835,1,2026-02-20 11:32:58.639552,completed
18396,663,3,2026-01-14 23:09:18.689527,pending
18397,4553,1,2026-03-27 13:48:55.114187,completed
18398,836,4,2026-01-03 12:07:15.759741,completed
18399,1165,5,2026-02-03 07:39:54.149074,cancelled
18400,2153,4,2026-01-31 12:34:42.243648,completed
18401,4657,3,2026-02-27 09:02:22.117233,completed
18402,4511,10,2026-01-03 16:03:50.061702,cancelled
18403,1559,4,2026-03-24 01:40:20.812370,completed
18404,4269,5,2026-01-02 05:35:50.385362,cancelled
18405,2710,4,2026-02-28 15:48:41.803127,pending
18406,3775,7,2026-02-28 14:24:37.155331,pending
18407,4485,9,2026-01-24 01:45:25.870883,pending
18408,4494,10,2026-01-05 14:35:41.069474,cancelled
18409,480,5,2026-01-25 03:29:54.666086,completed
18410,4085,5,2026-03-26 13:52:27.730013,completed
18411,2606,4,2026-01-11 16:49:57.145885,cancelled
18412,3184,2,2026-03-22 00:09:22.470684,cancelled
18413,4415,8,2026-03-14 22:05:36.974666,completed
18414,826,9,2026-02-11 20:10:35.254494,completed
18415,1254,2,2026-04-02 22:20:31.050611,completed
18416,3973,2,2026-01-06 01:22:20.314255,completed
18417,2700,6,2026-02-17 11:51:29.074069,completed
18418,2666,4,2026-01-28 21:42:19.635764,completed
18419,2799,5,2026-02-07 08:32:46.607382,pending
18420,1700,5,2026-01-25 06:32:24.142998,cancelled
18421,342,5,2026-01-23 05:24:14.887363,cancelled
18422,2414,8,2026-01-10 02:13:34.663635,cancelled
18423,3050,2,2026-01-23 23:58:35.694227,completed
18424,1920,4,2026-01-11 15:40:27.338389,cancelled
18425,2340,6,2026-03-02 06:17:27.087630,cancelled
18426,4493,6,2026-01-06 16:07:05.651148,completed
18427,4653,5,2026-01-17 02:50:19.236494,cancelled
18428,713,3,2026-01-26 17:53:42.589175,pending
18429,4929,5,2026-02-11 07:17:58.234545,cancelled
18430,1348,2,2026-03-17 14:01:29.726194,completed
18431,2821,8,2026-02-17 01:06:15.960643,pending
18432,3446,9,2026-03-02 07:53:22.254301,completed
18433,52,9,2026-02-16 18:43:05.798540,completed
18434,4796,1,2026-01-27 10:04:57.142929,cancelled
18435,2677,10,2026-02-21 00:48:21.144658,cancelled
18436,850,10,2026-02-03 05:01:07.972269,pending
18437,948,2,2026-02-18 19:29:10.705592,pending
18438,2037,8,2026-01-25 00:49:45.741378,cancelled
18439,1355,5,2026-01-18 18:19:38.215173,completed
18440,1518,5,2026-03-16 06:36:31.668282,completed
18441,2144,3,2026-03-04 01:27:43.943031,cancelled
18442,3270,5,2026-02-01 05:58:21.409562,pending
18443,1329,6,2026-03-29 02:21:56.490587,pending
18444,3097,8,2026-03-03 14:32:40.170582,pending
18445,2096,8,2026-04-01 19:16:49.349670,cancelled
18446,2161,7,2026-04-05 14:52:06.317737,cancelled
18447,4305,5,2026-02-23 08:54:23.810024,cancelled
18448,550,5,2026-03-09 20:43:57.278703,pending
18449,198,8,2026-01-01 19:16:27.275203,cancelled
18450,2637,7,2026-01-06 00:41:32.551256,pending
18451,3619,10,2026-02-24 02:17:56.236130,completed
18452,464,1,2026-03-29 08:58:59.397286,completed
18453,1109,8,2026-01-25 05:51:08.812252,pending
18454,3497,1,2026-03-10 15:46:38.186181,pending
18455,851,10,2026-02-28 04:10:56.970334,completed
18456,3476,1,2026-02-15 15:46:17.477211,cancelled
18457,1751,5,2026-01-19 19:54:08.502430,completed
18458,1389,2,2026-02-05 17:23:14.862041,cancelled
18459,3658,4,2026-01-12 10:58:19.845641,cancelled
18460,2478,10,2026-02-25 23:10:56.413220,cancelled
18461,3325,2,2026-01-14 17:31:23.550589,completed
18462,1464,6,2026-03-13 17:34:58.772792,pending
18463,2096,6,2026-03-27 12:03:29.565360,pending
18464,3718,3,2026-01-31 15:03:15.521358,completed
18465,1116,5,2026-01-20 18:41:37.765915,cancelled
18466,4788,3,2026-02-14 16:37:02.770322,pending
18467,4941,2,2026-01-19 15:07:38.681210,pending
18468,4169,5,2026-02-16 12:07:16.097006,pending
18469,1221,4,2026-03-25 12:45:29.727981,pending
18470,1839,5,2026-02-09 19:43:48.345716,cancelled
18471,1408,7,2026-03-14 10:33:05.560125,cancelled
18472,3247,8,2026-03-30 19:06:52.224395,pending
18473,4019,7,2026-01-24 15:08:30.473475,cancelled
18474,163,6,2026-04-02 21:22:06.613163,pending
18475,3995,9,2026-01-29 23:28:05.280146,cancelled
18476,657,1,2026-01-15 22:42:45.240557,cancelled
18477,261,3,2026-03-12 22:07:49.445119,cancelled
18478,4210,2,2026-03-25 16:44:00.369734,pending
18479,2322,8,2026-02-24 05:04:02.049286,completed
18480,303,4,2026-04-02 06:31:10.355151,cancelled
18481,1276,2,2026-02-19 07:55:36.083670,completed
18482,1851,5,2026-02-11 17:59:32.262539,cancelled
18483,1982,9,2026-01-04 23:05:52.815120,completed
18484,2103,4,2026-02-14 23:31:39.961153,completed
18485,4713,5,2026-01-31 14:27:23.486365,cancelled
18486,864,8,2026-03-05 10:01:09.675456,pending
18487,4941,7,2026-01-30 21:57:09.505344,pending
18488,567,4,2026-03-10 16:58:21.391736,pending
18489,3916,4,2026-02-07 17:34:56.043656,completed
18490,45,3,2026-01-10 01:45:01.871574,completed
18491,3041,6,2026-03-29 22:57:09.718188,completed
18492,4685,9,2026-02-07 16:47:57.729262,pending
18493,678,9,2026-02-22 10:09:17.676649,cancelled
18494,338,4,2026-03-02 03:54:09.853590,cancelled
18495,4142,3,2026-02-10 03:19:56.625230,cancelled
18496,3020,1,2026-02-26 01:42:07.023312,completed
18497,810,8,2026-03-26 06:57:37.144031,cancelled
18498,3173,10,2026-03-29 07:33:58.701140,completed
18499,3294,5,2026-02-05 06:20:19.409853,pending
18500,1125,9,2026-03-10 05:03:50.329128,cancelled
18501,2720,4,2026-04-03 14:43:30.760274,cancelled
18502,369,7,2026-02-08 13:53:47.431749,completed
18503,1672,9,2026-03-02 04:53:22.940621,pending
18504,4220,10,2026-01-02 01:57:57.402983,completed
18505,4677,3,2026-01-23 07:04:08.031737,cancelled
18506,1842,7,2026-02-23 18:29:26.759774,completed
18507,4168,10,2026-02-14 19:27:13.460888,cancelled
18508,3040,2,2026-01-25 07:04:23.948379,cancelled
18509,1487,4,2026-03-16 10:03:54.647596,cancelled
18510,2161,6,2026-01-16 07:04:55.668899,completed
18511,503,5,2026-03-14 15:50:27.943967,completed
18512,2932,7,2026-01-12 15:16:04.067406,cancelled
18513,4180,1,2026-04-02 12:20:34.483199,completed
18514,1738,9,2026-03-12 12:00:06.051870,cancelled
18515,3342,7,2026-02-07 08:51:25.256543,completed
18516,4186,4,2026-04-01 17:20:15.095528,pending
18517,1618,7,2026-02-15 16:54:57.084706,pending
18518,4793,9,2026-03-30 22:03:38.416670,cancelled
18519,3127,8,2026-04-03 20:41:49.866095,pending
18520,3366,6,2026-01-13 10:46:38.288931,cancelled
18521,1694,5,2026-03-30 15:46:54.525918,completed
18522,3104,4,2026-03-13 09:51:00.436281,cancelled
18523,4408,8,2026-02-01 21:09:10.919492,pending
18524,4736,10,2026-03-31 14:37:47.524026,completed
18525,4190,5,2026-01-31 06:54:10.047580,completed
18526,4668,9,2026-01-14 06:23:02.489627,completed
18527,4263,7,2026-01-17 03:03:56.175527,cancelled
18528,4842,8,2026-03-03 17:06:23.443942,pending
18529,4605,2,2026-01-21 17:02:55.215129,pending
18530,4298,1,2026-01-07 11:51:23.772303,cancelled
18531,3071,2,2026-02-05 13:27:15.879829,pending
18532,4265,7,2026-03-22 22:51:04.373381,completed
18533,1244,8,2026-01-13 09:16:58.846392,cancelled
18534,3901,9,2026-04-06 19:51:29.187987,pending
18535,4077,2,2026-03-06 06:05:57.685308,cancelled
18536,146,1,2026-03-27 06:44:59.792928,completed
18537,1210,1,2026-03-16 23:05:39.080785,pending
18538,2848,5,2026-04-03 10:57:13.076703,completed
18539,2367,5,2026-01-29 13:28:31.007479,completed
18540,4432,1,2026-01-19 16:28:54.993807,completed
18541,1917,10,2026-01-24 14:44:06.227828,cancelled
18542,4169,3,2026-02-06 23:18:42.052352,pending
18543,4978,3,2026-01-07 04:36:32.329523,completed
18544,3851,6,2026-03-29 21:05:41.521265,completed
18545,1189,2,2026-03-19 20:36:05.431040,pending
18546,2222,9,2026-02-16 06:09:36.291386,cancelled
18547,1891,5,2026-02-01 19:43:12.225180,completed
18548,1890,9,2026-03-01 21:44:39.760812,pending
18549,2879,9,2026-03-02 06:00:57.796736,completed
18550,2616,1,2026-02-14 14:12:32.594010,completed
18551,62,6,2026-03-26 14:34:00.953951,completed
18552,85,4,2026-02-02 02:46:35.433861,cancelled
18553,703,7,2026-03-18 16:25:01.390762,pending
18554,665,7,2026-03-04 14:59:54.501290,pending
18555,127,1,2026-04-01 17:33:22.848999,cancelled
18556,1420,10,2026-04-02 20:06:44.908263,cancelled
18557,1093,1,2026-01-19 16:32:30.435619,completed
18558,4950,3,2026-04-06 18:59:25.422853,cancelled
18559,4429,10,2026-01-27 20:28:51.021457,pending
18560,3779,8,2026-01-13 06:19:49.633382,completed
18561,1211,7,2026-01-11 03:27:45.118069,completed
18562,1510,5,2026-03-13 16:00:50.092021,pending
18563,1655,9,2026-03-20 08:24:10.873109,pending
18564,1464,6,2026-03-17 01:55:28.358927,cancelled
18565,2273,2,2026-02-10 06:55:39.760071,cancelled
18566,4269,7,2026-03-15 15:49:25.281322,cancelled
18567,821,10,2026-03-20 11:44:14.475812,pending
18568,142,6,2026-03-24 07:03:19.367377,cancelled
18569,1970,8,2026-01-31 14:43:01.919444,completed
18570,4475,3,2026-03-14 12:54:20.034445,completed
18571,4755,3,2026-01-07 19:33:20.750610,pending
18572,3826,1,2026-03-19 01:27:22.937780,completed
18573,3635,7,2026-02-22 23:35:26.124562,completed
18574,551,2,2026-03-08 02:04:14.972272,cancelled
18575,1322,2,2026-02-20 15:16:06.337594,cancelled
18576,3610,1,2026-01-13 17:35:14.170781,cancelled
18577,1464,3,2026-01-13 12:03:30.968480,pending
18578,4774,4,2026-03-27 22:35:44.735839,completed
18579,1485,4,2026-02-03 16:14:17.820845,pending
18580,2134,4,2026-02-10 11:28:27.096595,pending
18581,3606,8,2026-02-28 00:48:54.869490,cancelled
18582,4832,6,2026-01-14 09:58:15.912735,pending
18583,1509,5,2026-03-22 13:53:45.830522,cancelled
18584,3629,8,2026-02-27 12:18:35.368117,cancelled
18585,4273,10,2026-03-01 12:17:30.011506,completed
18586,4967,7,2026-01-05 09:28:05.477609,pending
18587,1257,4,2026-03-06 19:09:45.755067,completed
18588,856,8,2026-03-17 20:29:13.591535,completed
18589,4517,5,2026-03-03 09:45:50.257366,pending
18590,1290,1,2026-01-17 14:41:59.727989,completed
18591,3336,8,2026-01-21 07:47:23.605346,cancelled
18592,3174,6,2026-03-30 01:42:32.647580,cancelled
18593,3708,7,2026-03-04 16:54:48.625875,pending
18594,2783,5,2026-03-22 21:20:56.042900,pending
18595,979,5,2026-03-21 04:59:41.631562,pending
18596,3977,6,2026-02-27 06:36:09.853514,completed
18597,243,7,2026-01-01 02:19:55.844428,pending
18598,2268,10,2026-02-16 03:53:43.199535,pending
18599,2352,4,2026-01-22 16:55:16.621990,completed
18600,2894,9,2026-01-25 10:10:14.832864,cancelled
18601,1668,3,2026-02-13 07:16:26.826510,completed
18602,3865,5,2026-02-21 10:21:22.198939,completed
18603,606,9,2026-01-14 00:54:42.116251,completed
18604,4063,7,2026-02-15 07:14:36.811829,cancelled
18605,2245,10,2026-01-26 14:04:43.611644,cancelled
18606,3134,7,2026-03-26 15:41:47.835693,cancelled
18607,3603,2,2026-01-15 16:20:57.577538,cancelled
18608,108,2,2026-01-12 09:33:38.882514,completed
18609,4517,8,2026-02-06 22:39:01.927457,cancelled
18610,813,2,2026-02-01 11:13:04.845417,cancelled
18611,3492,10,2026-04-01 05:09:09.644233,cancelled
18612,1470,4,2026-02-28 17:55:26.103926,completed
18613,4771,2,2026-03-19 12:37:33.568265,completed
18614,1518,6,2026-03-11 09:35:52.359401,pending
18615,1155,10,2026-03-15 07:53:53.553060,completed
18616,1933,8,2026-01-02 22:50:05.681490,completed
18617,3302,5,2026-01-26 08:51:14.226712,completed
18618,1283,7,2026-03-06 20:51:52.409079,completed
18619,1742,1,2026-02-28 20:00:34.098429,cancelled
18620,2011,2,2026-03-07 16:52:01.969216,completed
18621,3813,3,2026-01-04 09:30:21.723377,pending
18622,4854,3,2026-02-24 23:15:33.529810,pending
18623,3998,8,2026-02-24 00:25:11.913914,pending
18624,4552,3,2026-03-05 11:11:10.885387,cancelled
18625,2092,3,2026-01-05 22:48:52.218982,completed
18626,3897,7,2026-01-15 20:38:52.472684,cancelled
18627,4816,1,2026-01-08 06:53:15.901101,pending
18628,984,8,2026-01-28 22:01:02.268473,cancelled
18629,4758,2,2026-03-29 10:42:47.715988,cancelled
18630,1523,1,2026-01-08 20:25:22.879250,completed
18631,2174,7,2026-03-06 04:28:12.949139,completed
18632,3388,2,2026-03-24 07:42:03.534123,completed
18633,452,3,2026-03-02 10:29:11.288198,pending
18634,4038,2,2026-03-13 06:26:58.370425,cancelled
18635,4381,10,2026-03-24 10:38:34.543005,pending
18636,1541,3,2026-03-04 22:49:02.957201,completed
18637,3010,2,2026-02-01 04:04:51.083505,pending
18638,3468,4,2026-01-27 15:52:23.302067,pending
18639,3445,7,2026-03-03 11:13:14.673496,cancelled
18640,2150,9,2026-01-17 01:43:35.375297,cancelled
18641,3076,8,2026-02-21 06:39:54.861403,pending
18642,2157,4,2026-02-04 13:57:11.605101,pending
18643,407,3,2026-03-26 18:26:46.374982,pending
18644,1816,3,2026-03-13 00:56:53.078226,completed
18645,3699,1,2026-03-21 17:48:20.597430,completed
18646,2070,7,2026-01-26 21:21:37.542526,completed
18647,4784,3,2026-03-15 19:28:21.475162,cancelled
18648,2390,2,2026-01-16 21:08:46.231854,completed
18649,1116,8,2026-02-13 08:20:53.215305,cancelled
18650,2724,7,2026-01-28 12:09:34.909051,cancelled
18651,2304,4,2026-03-10 23:19:22.701175,completed
18652,1888,5,2026-03-08 11:58:00.589957,completed
18653,254,7,2026-01-25 18:27:55.482147,cancelled
18654,4071,2,2026-01-05 18:41:42.996005,completed
18655,674,6,2026-01-23 15:23:46.089846,completed
18656,1412,4,2026-01-24 04:03:41.210538,cancelled
18657,505,1,2026-03-02 04:52:57.322235,cancelled
18658,4666,6,2026-01-23 06:59:03.878589,completed
18659,2498,6,2026-03-19 01:41:15.306523,cancelled
18660,1821,3,2026-03-16 04:28:50.154851,pending
18661,1716,5,2026-02-02 13:20:17.370378,completed
18662,4279,4,2026-02-19 14:55:23.730298,pending
18663,4402,3,2026-03-09 11:25:41.064942,cancelled
18664,2656,6,2026-03-21 21:19:08.146841,cancelled
18665,3762,9,2026-01-30 11:37:47.654357,cancelled
18666,1806,3,2026-03-09 01:27:11.280888,completed
18667,4871,8,2026-01-27 06:19:40.291619,pending
18668,4236,5,2026-03-19 23:57:35.695762,pending
18669,14,6,2026-01-18 08:57:32.087095,cancelled
18670,3702,1,2026-04-04 17:33:47.902000,completed
18671,4462,4,2026-03-02 01:05:30.128043,cancelled
18672,3366,4,2026-02-10 02:45:14.112892,completed
18673,3253,3,2026-04-06 14:06:45.493368,pending
18674,2139,8,2026-03-12 22:33:30.236565,completed
18675,3000,7,2026-01-01 13:03:59.131644,cancelled
18676,187,2,2026-01-21 20:12:31.028039,completed
18677,534,7,2026-02-18 13:19:00.482730,completed
18678,1550,5,2026-02-21 19:38:35.594960,pending
18679,3022,8,2026-02-02 23:07:22.712548,completed
18680,4433,3,2026-01-10 07:05:04.243487,pending
18681,472,1,2026-02-14 06:23:08.925571,completed
18682,4267,1,2026-03-23 19:35:41.799577,pending
18683,858,5,2026-01-27 07:25:38.331426,cancelled
18684,13,10,2026-03-26 06:17:56.034717,pending
18685,1048,8,2026-02-18 18:25:26.756707,cancelled
18686,1488,9,2026-01-20 06:44:18.465565,completed
18687,1505,3,2026-02-09 21:03:02.040572,pending
18688,2192,6,2026-04-05 17:15:29.043928,pending
18689,4167,3,2026-03-30 19:27:08.335092,pending
18690,4541,7,2026-01-17 18:46:33.901259,completed
18691,2439,5,2026-03-13 08:29:18.232769,completed
18692,4348,7,2026-02-02 21:00:02.293673,completed
18693,2176,7,2026-02-01 12:46:04.877958,completed
18694,3787,10,2026-04-05 14:19:24.713104,completed
18695,1027,8,2026-03-28 22:58:40.811460,cancelled
18696,942,5,2026-03-26 08:47:29.763827,completed
18697,4570,7,2026-01-06 19:28:07.279848,pending
18698,1816,7,2026-01-24 01:42:11.847941,pending
18699,2702,9,2026-03-25 15:27:48.464963,completed
18700,2051,2,2026-04-03 03:18:24.370968,pending
18701,1718,10,2026-02-16 17:31:05.647416,completed
18702,4458,2,2026-03-05 08:29:46.399073,pending
18703,77,1,2026-01-22 12:40:54.663331,cancelled
18704,445,1,2026-03-01 00:22:45.453109,pending
18705,3059,9,2026-03-10 22:08:51.319711,pending
18706,2273,8,2026-02-26 15:32:24.001553,cancelled
18707,390,3,2026-01-24 14:33:09.110825,cancelled
18708,1893,10,2026-04-06 12:24:48.214863,completed
18709,2994,3,2026-01-17 14:04:10.264811,cancelled
18710,1441,8,2026-02-11 07:34:15.984484,completed
18711,1130,10,2026-01-13 07:30:32.707577,cancelled
18712,4468,10,2026-03-15 14:38:04.370933,completed
18713,926,2,2026-03-21 03:09:26.138407,completed
18714,4737,4,2026-01-26 10:31:13.467981,completed
18715,1088,3,2026-02-27 10:44:04.293359,cancelled
18716,1868,9,2026-03-16 01:29:49.612556,cancelled
18717,3530,9,2026-04-02 19:40:27.789874,cancelled
18718,877,3,2026-01-10 17:18:59.308250,cancelled
18719,3611,2,2026-01-19 12:44:35.701154,cancelled
18720,4612,6,2026-01-25 07:42:44.889886,pending
18721,3722,4,2026-02-12 12:55:00.530359,cancelled
18722,322,1,2026-03-12 15:55:41.703347,cancelled
18723,1569,8,2026-02-04 09:20:59.653036,cancelled
18724,2342,8,2026-01-26 12:45:03.774497,pending
18725,1467,2,2026-03-22 22:38:49.236304,completed
18726,4303,9,2026-01-17 09:26:17.905836,completed
18727,2555,2,2026-03-19 04:37:43.083931,pending
18728,4518,8,2026-01-26 11:47:00.704148,pending
18729,2390,4,2026-03-24 09:02:37.986470,completed
18730,3640,2,2026-03-11 11:37:29.388670,pending
18731,1486,2,2026-01-08 17:48:46.550961,cancelled
18732,52,10,2026-02-10 23:48:03.998556,completed
18733,705,8,2026-01-20 08:41:20.852341,cancelled
18734,3800,2,2026-02-10 22:00:40.192869,cancelled
18735,2510,9,2026-01-30 08:19:42.512730,cancelled
18736,2866,9,2026-01-04 22:27:43.901782,cancelled
18737,755,9,2026-03-15 16:44:38.817382,pending
18738,2898,4,2026-04-07 02:53:48.476825,completed
18739,591,4,2026-01-06 06:50:55.577115,cancelled
18740,2533,1,2026-03-22 15:00:35.868742,completed
18741,275,9,2026-04-07 05:11:25.224438,pending
18742,1595,7,2026-01-13 16:11:51.958224,pending
18743,3246,6,2026-01-03 15:03:06.307845,completed
18744,253,9,2026-03-11 04:41:22.278258,cancelled
18745,3180,2,2026-03-09 01:36:42.680048,cancelled
18746,4035,3,2026-03-04 00:31:51.536571,pending
18747,1884,3,2026-03-02 03:12:15.147797,pending
18748,4103,2,2026-04-06 08:53:25.355720,pending
18749,4076,3,2026-01-25 07:33:29.197779,completed
18750,4352,3,2026-02-23 17:13:55.231987,completed
18751,2471,5,2026-01-21 15:23:59.363126,pending
18752,1460,10,2026-03-17 22:51:54.960788,pending
18753,3408,4,2026-02-06 16:47:11.614957,cancelled
18754,4299,10,2026-03-29 11:45:45.969979,completed
18755,1799,9,2026-03-08 06:54:01.217367,pending
18756,2588,3,2026-02-01 15:50:30.686811,pending
18757,2101,2,2026-03-14 01:25:19.159522,cancelled
18758,2435,3,2026-03-14 12:53:27.044491,completed
18759,1211,10,2026-02-13 01:43:49.423569,cancelled
18760,1948,2,2026-04-01 03:25:10.435718,cancelled
18761,1102,2,2026-03-30 03:44:29.121995,cancelled
18762,3513,9,2026-03-02 01:31:33.706584,cancelled
18763,1395,3,2026-02-18 14:06:15.186205,cancelled
18764,265,9,2026-02-06 08:00:08.073318,pending
18765,528,9,2026-03-24 14:55:52.659431,completed
18766,2065,5,2026-01-22 23:38:23.998081,completed
18767,2237,3,2026-02-22 16:52:17.622535,pending
18768,2108,6,2026-03-28 22:47:17.885814,cancelled
18769,743,7,2026-02-12 17:33:28.299588,completed
18770,3821,10,2026-01-07 18:14:20.736444,pending
18771,2808,6,2026-02-10 18:49:32.544499,pending
18772,3403,8,2026-03-12 07:27:02.911496,cancelled
18773,4548,1,2026-03-02 05:14:56.703288,pending
18774,3676,8,2026-02-27 12:13:14.120561,completed
18775,800,1,2026-03-03 05:48:26.492205,cancelled
18776,2499,4,2026-01-07 13:02:29.697631,pending
18777,4823,3,2026-04-03 16:56:21.675735,cancelled
18778,3386,5,2026-01-14 10:33:38.395553,completed
18779,1640,3,2026-02-14 19:46:34.882273,pending
18780,4652,4,2026-03-10 22:46:35.169159,completed
18781,3611,4,2026-01-20 20:03:24.936239,cancelled
18782,1009,5,2026-01-05 20:30:42.216717,pending
18783,3242,6,2026-01-26 03:40:30.689273,pending
18784,4302,4,2026-02-19 20:14:09.677751,cancelled
18785,763,10,2026-02-24 12:30:20.920280,completed
18786,4796,3,2026-04-03 19:54:42.114014,cancelled
18787,3638,7,2026-03-18 17:49:16.530069,pending
18788,215,3,2026-02-01 16:56:51.944026,pending
18789,1193,1,2026-03-05 12:26:47.972112,pending
18790,4063,9,2026-02-15 20:22:06.520128,cancelled
18791,3277,3,2026-01-23 16:56:53.382817,cancelled
18792,4658,3,2026-02-14 07:27:21.432836,cancelled
18793,3654,8,2026-02-21 14:33:52.491021,pending
18794,3164,6,2026-03-11 08:30:24.937622,cancelled
18795,3940,5,2026-03-20 02:30:14.581213,cancelled
18796,673,1,2026-02-12 17:34:53.197312,cancelled
18797,3241,7,2026-01-26 08:04:39.163175,pending
18798,4376,8,2026-03-07 06:25:08.441103,pending
18799,662,9,2026-02-25 11:14:05.334008,pending
18800,3800,6,2026-03-26 13:13:25.779622,cancelled
18801,3064,7,2026-02-25 16:13:33.812945,completed
18802,2681,7,2026-03-09 06:17:57.970176,cancelled
18803,2178,9,2026-01-02 05:55:21.797523,completed
18804,786,8,2026-02-10 11:44:16.687511,completed
18805,4452,4,2026-02-04 01:50:00.023769,completed
18806,3292,2,2026-01-25 09:37:44.643058,completed
18807,1261,3,2026-03-03 20:18:26.024027,cancelled
18808,1973,4,2026-02-15 10:51:10.192533,cancelled
18809,4809,4,2026-02-04 21:58:07.231779,pending
18810,3197,4,2026-02-16 08:45:36.717410,cancelled
18811,465,3,2026-01-07 20:10:30.473534,cancelled
18812,1749,2,2026-01-15 08:37:48.499100,cancelled
18813,3483,10,2026-03-30 20:38:17.955158,completed
18814,2281,9,2026-01-05 11:11:45.642284,cancelled
18815,4323,3,2026-02-10 05:07:12.135108,pending
18816,1446,10,2026-02-28 16:04:21.851539,cancelled
18817,3083,9,2026-03-16 16:43:17.301465,pending
18818,2111,1,2026-01-25 09:21:17.254917,pending
18819,4190,1,2026-04-04 05:21:32.802860,pending
18820,3080,2,2026-02-15 16:03:41.805325,cancelled
18821,4147,3,2026-01-09 11:40:50.679438,completed
18822,1257,3,2026-02-01 02:15:13.413162,pending
18823,1709,1,2026-01-11 20:11:15.374064,completed
18824,2794,3,2026-02-26 01:14:07.746410,pending
18825,4551,7,2026-03-14 16:14:35.086821,completed
18826,4128,8,2026-02-27 10:03:09.197690,pending
18827,3723,8,2026-03-11 17:27:15.200875,cancelled
18828,2889,9,2026-01-10 06:57:20.086857,completed
18829,699,4,2026-01-20 06:50:52.078212,completed
18830,3338,8,2026-04-04 18:03:28.960576,pending
18831,1744,9,2026-04-07 10:43:20.783385,completed
18832,1941,1,2026-01-25 09:30:55.637586,completed
18833,1581,2,2026-01-14 23:09:56.235545,completed
18834,3739,7,2026-01-11 20:58:50.591970,completed
18835,1945,6,2026-03-16 13:55:05.573323,pending
18836,1465,1,2026-01-10 21:25:45.992310,completed
18837,1913,5,2026-01-02 22:55:30.849053,cancelled
18838,2074,7,2026-01-31 08:44:13.727334,pending
18839,4181,2,2026-04-06 18:03:47.421632,completed
18840,4795,4,2026-02-05 10:07:26.536381,pending
18841,1304,5,2026-04-03 05:36:53.353661,completed
18842,481,7,2026-02-18 12:25:58.296847,cancelled
18843,3765,6,2026-01-14 07:37:54.730036,pending
18844,1783,1,2026-02-22 06:25:44.745834,completed
18845,950,7,2026-01-22 13:35:14.192828,cancelled
18846,1225,2,2026-04-01 23:20:43.796928,completed
18847,2228,2,2026-02-08 10:16:29.257907,completed
18848,2845,8,2026-02-08 21:28:07.519429,pending
18849,2967,2,2026-03-03 06:51:46.927331,completed
18850,2303,9,2026-03-08 22:24:08.248687,completed
18851,4640,5,2026-02-24 23:51:32.436473,cancelled
18852,1004,1,2026-01-08 06:20:50.782352,cancelled
18853,3436,3,2026-02-28 18:21:56.895027,cancelled
18854,1636,3,2026-01-28 12:16:29.790116,cancelled
18855,1547,1,2026-03-28 06:45:53.524559,cancelled
18856,1264,6,2026-01-27 02:06:41.708751,cancelled
18857,1886,5,2026-01-19 23:31:42.078641,cancelled
18858,1271,6,2026-02-04 20:18:12.005059,completed
18859,4899,6,2026-02-17 18:34:38.512135,cancelled
18860,3808,9,2026-03-12 04:17:44.387289,cancelled
18861,2556,10,2026-02-02 11:27:11.440719,pending
18862,1847,1,2026-02-14 04:28:21.319079,completed
18863,4936,7,2026-01-04 14:55:19.636788,pending
18864,2296,8,2026-02-04 16:43:16.720678,pending
18865,4028,1,2026-01-26 03:29:43.506872,pending
18866,3199,7,2026-03-20 17:12:05.578259,completed
18867,2538,5,2026-03-16 07:16:41.883392,completed
18868,1006,10,2026-01-10 06:46:33.219200,pending
18869,2404,8,2026-03-29 08:13:22.592895,pending
18870,4998,10,2026-01-31 19:43:51.750199,cancelled
18871,4786,1,2026-01-12 17:52:55.651744,completed
18872,3237,9,2026-01-17 02:58:06.920852,cancelled
18873,3651,4,2026-01-28 19:08:31.770754,pending
18874,3966,9,2026-03-23 10:16:18.181634,cancelled
18875,381,2,2026-01-30 06:22:38.388651,cancelled
18876,1295,6,2026-02-02 07:53:08.719963,completed
18877,2577,4,2026-01-26 03:44:47.902331,completed
18878,1901,1,2026-02-10 01:49:06.192239,cancelled
18879,3137,4,2026-03-03 05:01:42.003812,pending
18880,4382,4,2026-03-08 16:13:52.778924,pending
18881,3840,10,2026-03-21 21:34:39.635477,completed
18882,854,9,2026-03-29 10:48:41.093097,completed
18883,4001,9,2026-01-17 20:01:27.466432,completed
18884,3808,5,2026-02-08 17:50:34.298223,completed
18885,3590,6,2026-03-02 16:21:57.238862,pending
18886,4069,5,2026-01-13 20:11:25.137555,completed
18887,1650,3,2026-01-17 14:39:01.511775,cancelled
18888,2871,2,2026-01-01 17:12:40.561042,completed
18889,1062,3,2026-01-06 17:06:19.975170,pending
18890,3663,9,2026-01-09 13:31:33.242326,cancelled
18891,2956,10,2026-03-27 19:34:25.415500,cancelled
18892,3120,2,2026-01-16 10:06:53.097297,pending
18893,3503,6,2026-02-11 22:54:01.039089,pending
18894,1729,10,2026-01-08 15:12:32.622997,cancelled
18895,4647,5,2026-01-19 23:13:24.019573,pending
18896,3306,4,2026-01-02 12:25:58.249561,cancelled
18897,3077,5,2026-03-17 04:45:56.166031,cancelled
18898,3384,8,2026-02-15 18:05:36.766325,completed
18899,2185,3,2026-03-23 05:29:19.552934,cancelled
18900,2216,6,2026-03-08 12:25:59.963601,completed
18901,3806,1,2026-01-11 16:30:30.576945,completed
18902,291,2,2026-01-06 18:37:29.493790,completed
18903,540,7,2026-01-12 00:54:19.013335,completed
18904,2855,1,2026-03-02 16:40:30.452530,completed
18905,3513,6,2026-02-09 23:46:55.797981,completed
18906,1222,1,2026-03-19 05:41:51.921541,cancelled
18907,2674,9,2026-02-16 03:29:12.941187,pending
18908,287,5,2026-02-16 01:02:03.861764,completed
18909,1316,7,2026-01-11 23:32:49.272508,cancelled
18910,1659,8,2026-03-06 05:29:27.555108,completed
18911,1623,2,2026-03-26 13:54:40.511498,cancelled
18912,3387,6,2026-04-07 07:57:30.494099,cancelled
18913,2981,5,2026-01-20 01:58:48.535893,completed
18914,875,2,2026-03-17 04:49:45.210678,completed
18915,973,8,2026-02-16 17:06:18.223078,cancelled
18916,4627,6,2026-01-14 07:29:09.447911,completed
18917,2640,6,2026-02-03 00:49:03.731770,pending
18918,2095,2,2026-02-28 15:37:18.780490,pending
18919,3382,3,2026-03-05 06:37:47.004948,completed
18920,2076,2,2026-04-05 03:03:37.761611,completed
18921,891,8,2026-03-05 20:23:02.408268,cancelled
18922,2334,2,2026-02-18 02:41:01.217253,cancelled
18923,3932,3,2026-02-06 07:28:14.373511,completed
18924,1916,3,2026-03-14 11:01:07.848835,cancelled
18925,2960,3,2026-01-03 07:19:09.177454,completed
18926,3939,7,2026-03-20 05:08:45.290203,completed
18927,346,2,2026-01-01 00:56:39.793902,cancelled
18928,1439,9,2026-01-06 16:32:54.754636,cancelled
18929,2060,3,2026-01-17 15:11:58.366609,pending
18930,3237,9,2026-01-22 18:28:41.871562,pending
18931,4533,9,2026-01-06 07:25:25.947257,cancelled
18932,895,6,2026-03-12 21:47:44.124106,completed
18933,4742,10,2026-01-16 21:47:17.979380,cancelled
18934,43,7,2026-02-09 07:16:30.250320,cancelled
18935,3356,6,2026-04-04 03:48:01.399831,cancelled
18936,2043,9,2026-03-05 03:59:39.692879,cancelled
18937,1064,4,2026-03-26 04:33:16.025533,cancelled
18938,1366,9,2026-01-29 03:14:19.201590,completed
18939,65,8,2026-02-24 03:45:08.025602,cancelled
18940,3984,3,2026-03-04 06:49:15.804943,completed
18941,2208,1,2026-01-17 16:55:13.382180,completed
18942,3251,9,2026-01-30 22:34:30.568576,cancelled
18943,4445,8,2026-01-15 10:57:45.653915,cancelled
18944,515,10,2026-03-15 01:31:04.183984,cancelled
18945,3308,6,2026-01-22 05:20:36.926975,pending
18946,2324,5,2026-02-12 13:03:34.188680,pending
18947,100,8,2026-02-17 03:45:07.412589,cancelled
18948,3205,2,2026-01-14 16:07:09.687978,completed
18949,651,8,2026-02-27 11:57:02.141635,pending
18950,3204,3,2026-02-19 06:59:57.536923,cancelled
18951,936,1,2026-01-20 04:42:06.457397,pending
18952,4114,5,2026-04-04 11:15:40.686180,cancelled
18953,2832,9,2026-02-22 02:40:46.344365,pending
18954,2211,1,2026-01-03 06:33:23.874165,pending
18955,4969,6,2026-03-20 02:30:09.061206,completed
18956,2860,1,2026-03-15 02:55:12.425668,pending
18957,956,1,2026-03-02 00:56:23.390356,completed
18958,3516,3,2026-01-25 02:42:28.988584,cancelled
18959,3545,6,2026-02-21 04:43:51.997542,completed
18960,4073,1,2026-03-23 08:03:33.366953,cancelled
18961,1825,2,2026-03-14 02:02:09.015263,completed
18962,2582,2,2026-03-06 16:17:30.940592,cancelled
18963,4612,8,2026-01-28 19:17:27.179013,pending
18964,488,9,2026-02-19 14:57:34.569617,pending
18965,371,4,2026-02-26 15:11:43.646252,pending
18966,86,10,2026-02-25 06:30:35.437304,cancelled
18967,3327,8,2026-02-16 00:19:40.895074,cancelled
18968,2707,7,2026-01-14 17:27:11.182708,completed
18969,4677,4,2026-02-15 07:57:43.181943,cancelled
18970,2722,2,2026-04-02 09:02:29.691406,pending
18971,3966,7,2026-01-28 11:23:52.381705,pending
18972,3093,8,2026-02-25 01:54:07.003673,pending
18973,2690,8,2026-03-18 20:18:26.719432,completed
18974,2829,7,2026-01-04 12:25:03.257995,completed
18975,2489,6,2026-01-05 14:12:01.409704,pending
18976,4201,4,2026-03-09 22:25:08.053950,pending
18977,4820,5,2026-03-04 21:35:25.265930,pending
18978,1405,3,2026-02-15 20:03:38.345662,pending
18979,1116,2,2026-03-26 05:07:10.521206,completed
18980,1867,10,2026-03-14 22:26:42.255269,cancelled
18981,3910,7,2026-01-01 08:32:56.432930,pending
18982,2719,10,2026-03-08 12:39:26.932640,pending
18983,669,4,2026-03-08 13:35:07.837946,pending
18984,407,2,2026-03-30 15:31:14.788156,completed
18985,2498,4,2026-01-31 23:01:53.385406,pending
18986,1467,2,2026-03-31 11:55:49.347469,pending
18987,1022,3,2026-03-06 10:41:48.133054,cancelled
18988,736,5,2026-02-06 01:21:43.372500,completed
18989,2369,2,2026-02-13 04:40:19.239727,pending
18990,3287,8,2026-02-27 05:38:51.421902,completed
18991,4789,10,2026-02-19 06:03:25.191399,completed
18992,803,9,2026-03-01 10:16:37.317325,pending
18993,568,6,2026-01-25 05:22:21.934635,pending
18994,4282,8,2026-04-01 02:41:02.639041,completed
18995,2423,1,2026-03-31 16:21:09.912495,completed
18996,4082,7,2026-03-09 12:21:11.277445,completed
18997,3713,3,2026-02-27 15:05:55.782193,completed
18998,1002,6,2026-01-16 19:26:09.472682,cancelled
18999,442,6,2026-01-14 18:37:03.797919,completed
19000,4440,5,2026-03-31 12:55:38.926453,completed
19001,2430,7,2026-03-01 06:02:02.996656,pending
19002,3829,3,2026-03-09 13:08:25.965114,pending
19003,805,1,2026-03-22 16:57:30.377872,completed
19004,653,3,2026-01-21 14:57:57.553173,completed
19005,804,6,2026-02-01 01:35:28.897528,pending
19006,2046,10,2026-03-09 19:46:47.638715,pending
19007,2151,6,2026-03-10 12:09:06.659471,pending
19008,1954,1,2026-03-30 09:00:42.174746,completed
19009,2222,2,2026-03-17 23:21:25.215469,completed
19010,3879,1,2026-01-18 18:42:57.601055,pending
19011,2648,5,2026-03-23 06:44:20.704036,cancelled
19012,473,2,2026-03-21 08:47:43.384419,cancelled
19013,1646,9,2026-03-30 18:35:14.121664,completed
19014,4074,7,2026-04-03 19:52:31.870874,cancelled
19015,460,1,2026-02-06 05:53:53.555809,completed
19016,4947,10,2026-02-12 19:30:57.969567,pending
19017,569,1,2026-04-04 09:20:34.375131,cancelled
19018,236,4,2026-02-15 12:01:01.756730,pending
19019,4466,9,2026-01-16 17:00:00.453952,cancelled
19020,1320,2,2026-03-18 04:08:41.904649,cancelled
19021,3880,7,2026-01-13 04:46:40.419674,pending
19022,3623,4,2026-02-28 03:00:41.300493,cancelled
19023,4848,1,2026-01-23 10:54:04.200428,completed
19024,3766,6,2026-01-06 16:28:35.655955,completed
19025,3499,4,2026-02-02 20:53:02.814339,cancelled
19026,3939,7,2026-01-06 14:07:54.914250,pending
19027,1127,8,2026-02-06 19:56:03.692323,cancelled
19028,788,1,2026-01-29 20:57:15.683360,completed
19029,4917,5,2026-02-21 13:33:44.501442,completed
19030,3578,1,2026-02-26 19:40:07.142487,completed
19031,3195,1,2026-02-20 10:37:05.636877,completed
19032,1684,8,2026-02-22 07:39:47.998675,pending
19033,4296,10,2026-02-19 18:04:14.809208,pending
19034,4423,9,2026-03-18 15:47:30.631216,cancelled
19035,753,9,2026-03-09 12:32:43.804434,pending
19036,1774,9,2026-03-19 01:03:05.148757,completed
19037,251,2,2026-02-22 08:26:51.317584,pending
19038,4847,4,2026-03-07 01:00:24.380255,pending
19039,2296,3,2026-01-07 21:41:52.637325,pending
19040,705,8,2026-03-25 01:53:11.467744,pending
19041,2663,7,2026-03-01 13:38:06.520791,completed
19042,1070,8,2026-03-22 18:28:15.925140,pending
19043,4448,8,2026-03-09 21:45:49.627385,pending
19044,308,10,2026-02-18 23:52:56.477179,completed
19045,3201,5,2026-03-13 23:54:08.076234,pending
19046,668,9,2026-01-03 21:12:06.508629,cancelled
19047,4731,1,2026-01-20 15:55:26.885497,completed
19048,2127,4,2026-01-12 23:10:07.447615,pending
19049,1080,4,2026-01-19 17:33:17.657703,cancelled
19050,2152,9,2026-02-20 20:03:40.170766,completed
19051,2178,8,2026-03-30 01:45:25.440444,cancelled
19052,2720,8,2026-02-17 17:48:33.955759,completed
19053,2547,10,2026-02-21 21:14:50.141143,pending
19054,4330,3,2026-03-18 19:36:49.262223,completed
19055,3830,7,2026-02-03 17:51:58.601296,pending
19056,1582,9,2026-03-24 21:23:54.920425,completed
19057,1771,4,2026-02-19 08:11:53.776375,pending
19058,903,1,2026-02-06 15:42:03.301844,completed
19059,2181,1,2026-04-07 04:06:19.718796,cancelled
19060,2824,9,2026-01-26 14:04:03.887259,completed
19061,516,8,2026-01-06 23:49:25.786446,pending
19062,4184,7,2026-02-01 14:29:12.883946,pending
19063,1497,9,2026-02-17 22:56:34.307525,pending
19064,4503,2,2026-03-01 00:37:40.321906,completed
19065,828,10,2026-03-12 15:52:33.201629,cancelled
19066,2171,5,2026-03-02 12:45:51.917635,pending
19067,4239,5,2026-02-19 23:58:10.904235,cancelled
19068,1749,9,2026-03-19 16:40:28.250672,completed
19069,3863,5,2026-02-23 03:13:03.315687,completed
19070,1736,2,2026-03-18 17:03:05.320477,pending
19071,1827,7,2026-03-08 05:34:55.367742,completed
19072,2446,2,2026-01-06 20:08:58.591362,cancelled
19073,2532,4,2026-02-03 07:24:23.608005,cancelled
19074,4647,9,2026-03-20 01:34:28.075943,pending
19075,3059,9,2026-03-04 20:11:51.938425,cancelled
19076,4987,2,2026-02-07 17:39:57.011144,completed
19077,4333,3,2026-02-20 09:17:08.631370,cancelled
19078,3453,4,2026-03-20 01:03:00.114882,cancelled
19079,2412,10,2026-01-09 14:15:25.438325,pending
19080,3452,5,2026-03-14 14:29:20.649751,cancelled
19081,4372,3,2026-01-25 11:11:40.409835,pending
19082,3332,8,2026-01-03 05:04:42.999558,pending
19083,3696,9,2026-03-24 21:51:03.806169,cancelled
19084,4011,3,2026-01-30 23:28:34.740456,cancelled
19085,3419,1,2026-02-11 07:16:09.696065,completed
19086,2082,5,2026-01-08 04:06:48.024560,completed
19087,1003,8,2026-03-31 21:09:29.039929,cancelled
19088,2476,10,2026-03-29 04:00:14.881101,cancelled
19089,331,4,2026-01-29 07:36:32.150535,completed
19090,440,9,2026-03-18 18:43:23.033740,pending
19091,305,10,2026-04-04 09:47:29.689479,cancelled
19092,1935,6,2026-03-30 09:28:54.756384,completed
19093,140,3,2026-02-26 10:39:13.468737,pending
19094,2277,4,2026-03-23 10:33:26.591903,pending
19095,3457,7,2026-01-11 07:28:09.712901,cancelled
19096,4006,9,2026-01-04 13:04:46.664867,pending
19097,895,8,2026-03-31 15:27:50.392388,pending
19098,3587,10,2026-02-14 12:42:50.864519,pending
19099,4096,3,2026-02-02 08:42:02.165558,pending
19100,1030,9,2026-02-22 12:23:47.808429,pending
19101,1765,8,2026-02-04 05:36:00.817860,cancelled
19102,2725,2,2026-02-04 18:44:04.550695,pending
19103,4905,7,2026-01-16 16:54:47.023303,cancelled
19104,2224,5,2026-02-20 11:59:23.546124,pending
19105,2076,2,2026-02-15 22:50:22.593544,pending
19106,4166,8,2026-02-10 01:56:29.450002,cancelled
19107,572,4,2026-03-24 18:37:58.143261,completed
19108,241,7,2026-02-25 18:31:02.651409,pending
19109,3738,6,2026-01-09 11:42:12.749169,completed
19110,1866,5,2026-01-28 00:12:55.820140,pending
19111,420,3,2026-01-19 08:45:48.959620,pending
19112,4334,4,2026-03-11 02:27:41.840009,pending
19113,666,9,2026-02-02 07:31:40.094024,cancelled
19114,3613,7,2026-01-10 01:32:09.484129,pending
19115,224,3,2026-02-25 13:02:11.925699,completed
19116,80,8,2026-03-24 13:41:48.718132,pending
19117,2124,8,2026-01-01 01:15:01.190680,completed
19118,1834,10,2026-02-08 22:48:20.392228,cancelled
19119,2740,2,2026-01-08 14:54:46.401561,pending
19120,3414,4,2026-01-01 02:16:27.939116,cancelled
19121,1846,6,2026-01-22 18:09:05.560838,pending
19122,4420,7,2026-02-07 01:13:15.546876,completed
19123,2156,8,2026-03-20 23:06:57.966069,pending
19124,774,6,2026-01-26 07:21:45.405918,completed
19125,3880,4,2026-04-04 01:35:22.434652,completed
19126,2139,7,2026-03-10 16:06:20.876174,pending
19127,3581,2,2026-03-07 12:15:06.897311,cancelled
19128,383,7,2026-02-05 18:16:48.106518,cancelled
19129,2976,10,2026-01-25 08:29:14.898574,pending
19130,4784,5,2026-01-21 22:45:23.698295,cancelled
19131,3733,4,2026-02-22 21:28:04.845869,completed
19132,4096,3,2026-02-27 23:44:24.848872,completed
19133,2516,1,2026-01-11 17:03:39.807286,pending
19134,4795,5,2026-01-25 03:12:48.612314,cancelled
19135,142,2,2026-04-06 04:36:30.932216,completed
19136,751,6,2026-03-18 06:05:13.461678,completed
19137,4896,9,2026-03-27 22:58:26.635743,cancelled
19138,26,2,2026-02-04 06:50:31.686069,cancelled
19139,1653,2,2026-02-12 08:17:34.958762,cancelled
19140,16,3,2026-02-04 16:55:17.913303,pending
19141,2770,6,2026-02-19 00:14:03.637009,cancelled
19142,517,7,2026-01-02 23:42:07.412716,completed
19143,4386,4,2026-01-23 21:05:16.486459,pending
19144,1230,3,2026-03-17 15:47:46.705744,pending
19145,4184,7,2026-03-08 00:31:13.008595,cancelled
19146,3409,3,2026-04-04 10:24:02.902911,pending
19147,2105,4,2026-01-02 21:03:56.127650,cancelled
19148,4406,4,2026-01-27 20:36:12.852501,completed
19149,4971,10,2026-01-29 00:43:39.138246,pending
19150,4936,1,2026-01-18 13:58:27.121900,completed
19151,3978,4,2026-01-24 04:30:54.558846,cancelled
19152,3821,7,2026-02-09 02:37:32.165269,completed
19153,598,3,2026-01-01 07:21:21.880732,completed
19154,2924,5,2026-03-20 23:02:04.384656,cancelled
19155,3128,8,2026-02-26 06:36:15.158199,pending
19156,1529,8,2026-01-28 23:48:43.418903,completed
19157,2716,6,2026-01-30 15:20:09.404601,completed
19158,3694,2,2026-02-26 11:10:27.450238,completed
19159,994,10,2026-01-09 06:31:44.900064,pending
19160,3634,10,2026-01-23 01:44:42.333455,completed
19161,505,2,2026-02-10 05:51:06.802505,pending
19162,632,5,2026-03-21 08:36:06.625902,completed
19163,1523,8,2026-01-20 06:50:25.279522,pending
19164,725,7,2026-02-04 01:47:36.679489,completed
19165,1063,9,2026-03-03 08:36:44.209359,completed
19166,161,8,2026-03-09 19:37:39.023645,completed
19167,371,10,2026-01-02 07:24:05.699695,completed
19168,2014,2,2026-02-16 23:13:03.597069,completed
19169,880,3,2026-03-07 07:50:44.867165,completed
19170,4973,3,2026-02-26 05:46:00.716107,cancelled
19171,3943,1,2026-02-12 21:47:30.383938,cancelled
19172,1247,6,2026-01-23 22:21:21.079151,completed
19173,4145,9,2026-01-28 22:49:27.580757,pending
19174,3980,8,2026-01-20 16:20:43.551079,cancelled
19175,2613,9,2026-01-18 22:42:06.035856,pending
19176,79,9,2026-01-17 05:37:23.425018,completed
19177,4056,5,2026-01-07 05:07:29.976116,completed
19178,873,6,2026-02-10 15:07:16.660506,pending
19179,3913,1,2026-03-26 19:12:01.473834,pending
19180,2763,6,2026-03-17 07:59:20.245413,cancelled
19181,2846,9,2026-02-15 23:34:29.356821,cancelled
19182,1356,7,2026-03-28 21:20:28.816157,cancelled
19183,492,5,2026-03-01 21:36:05.404805,cancelled
19184,2886,8,2026-01-22 23:25:05.672672,completed
19185,467,9,2026-03-18 17:41:09.419564,completed
19186,2744,9,2026-01-16 20:39:12.718171,pending
19187,472,3,2026-01-21 08:15:46.466286,pending
19188,1226,2,2026-02-21 04:48:47.069797,completed
19189,3001,8,2026-04-03 04:27:23.408114,cancelled
19190,897,2,2026-01-27 07:17:40.310768,completed
19191,323,2,2026-02-10 13:57:28.012756,pending
19192,4206,2,2026-03-08 21:03:48.321007,cancelled
19193,2864,2,2026-03-30 10:12:28.395466,completed
19194,167,3,2026-01-14 03:13:40.020417,pending
19195,3860,9,2026-02-17 10:55:21.449734,completed
19196,3894,8,2026-01-08 23:07:33.364574,cancelled
19197,571,8,2026-01-26 04:18:40.698215,cancelled
19198,3618,8,2026-01-04 12:32:37.635790,pending
19199,2551,8,2026-01-28 08:45:03.001149,pending
19200,1748,1,2026-02-04 11:22:59.725550,completed
19201,31,5,2026-01-24 14:52:47.634726,cancelled
19202,3552,3,2026-03-29 15:17:52.019914,cancelled
19203,2060,4,2026-02-07 16:03:49.787397,pending
19204,4713,6,2026-01-11 08:04:12.815009,completed
19205,1220,1,2026-04-01 16:23:11.641747,pending
19206,3543,2,2026-02-28 04:51:29.154175,pending
19207,2783,5,2026-01-27 00:06:49.628054,pending
19208,670,7,2026-03-23 23:27:16.427498,pending
19209,3992,8,2026-03-17 19:04:38.103938,pending
19210,2010,8,2026-01-24 00:20:08.362531,completed
19211,2302,1,2026-02-08 12:58:34.238224,cancelled
19212,479,7,2026-01-18 04:10:49.056813,cancelled
19213,1361,7,2026-01-27 17:00:33.948362,pending
19214,1747,1,2026-02-20 12:22:55.201319,completed
19215,1220,9,2026-02-06 00:55:18.092201,cancelled
19216,810,8,2026-03-04 14:53:53.181680,pending
19217,1410,10,2026-01-19 23:59:25.869633,completed
19218,1605,5,2026-03-16 19:55:09.418847,completed
19219,2677,1,2026-01-15 17:52:14.257862,pending
19220,1774,5,2026-01-26 13:17:27.304169,completed
19221,3617,2,2026-01-19 06:13:51.904127,cancelled
19222,4417,9,2026-03-30 18:11:00.389531,completed
19223,4536,7,2026-01-03 08:59:07.804395,cancelled
19224,4188,7,2026-02-27 16:36:27.145538,completed
19225,4018,7,2026-01-19 01:28:43.351451,completed
19226,4077,1,2026-04-02 19:50:56.315459,completed
19227,975,9,2026-03-11 10:15:21.648025,pending
19228,4422,3,2026-03-13 10:14:59.692014,completed
19229,43,2,2026-01-25 07:38:06.892321,cancelled
19230,109,2,2026-02-01 15:35:46.788053,completed
19231,753,8,2026-01-20 03:55:55.526719,completed
19232,996,3,2026-03-20 04:48:45.380285,cancelled
19233,3646,7,2026-02-07 12:10:52.238208,pending
19234,4764,4,2026-02-07 02:28:56.367324,cancelled
19235,1319,5,2026-01-09 23:02:02.188106,completed
19236,1718,2,2026-02-26 05:10:25.973068,pending
19237,2887,4,2026-01-30 01:03:20.700226,cancelled
19238,2123,10,2026-01-17 08:33:00.568050,pending
19239,4429,6,2026-01-31 17:42:14.433808,pending
19240,261,7,2026-02-08 13:38:32.257393,completed
19241,860,6,2026-03-20 10:17:05.572574,cancelled
19242,1940,6,2026-03-02 10:29:14.645571,completed
19243,2223,6,2026-03-04 09:02:39.486983,completed
19244,2361,5,2026-03-28 20:48:52.681829,pending
19245,3317,6,2026-02-24 04:21:13.304750,completed
19246,4100,8,2026-03-15 21:18:20.399134,cancelled
19247,859,8,2026-03-09 12:09:37.243087,completed
19248,4527,3,2026-03-21 21:30:32.546174,completed
19249,4339,4,2026-03-30 20:18:55.686532,completed
19250,1176,6,2026-03-14 06:31:21.452703,cancelled
19251,1840,10,2026-02-05 06:54:33.816098,cancelled
19252,2688,2,2026-03-18 14:13:44.223076,pending
19253,1960,10,2026-01-21 18:14:56.739097,completed
19254,1151,7,2026-01-26 11:18:56.626450,cancelled
19255,2733,5,2026-03-11 13:30:33.195512,cancelled
19256,490,2,2026-02-25 15:10:56.816106,pending
19257,4004,5,2026-01-03 11:04:14.604314,cancelled
19258,2602,6,2026-03-12 11:32:16.083403,completed
19259,4711,3,2026-01-20 03:07:24.050397,pending
19260,2696,8,2026-03-16 08:02:27.848739,pending
19261,2632,2,2026-03-13 14:38:49.621418,cancelled
19262,2691,3,2026-03-26 11:23:13.295213,cancelled
19263,2663,8,2026-01-22 07:01:44.972554,completed
19264,1103,4,2026-02-13 12:47:25.861498,completed
19265,1190,3,2026-03-29 16:36:55.641462,pending
19266,2871,1,2026-01-30 04:15:20.306659,cancelled
19267,4595,5,2026-03-29 18:20:50.908915,cancelled
19268,522,2,2026-03-18 22:45:25.812895,completed
19269,2139,4,2026-01-08 13:07:07.254014,cancelled
19270,3783,10,2026-03-29 17:47:22.739851,pending
19271,907,2,2026-02-05 09:44:00.353513,pending
19272,1743,8,2026-03-10 16:43:48.671807,pending
19273,2765,2,2026-01-29 04:14:50.715754,pending
19274,2070,3,2026-03-16 09:00:55.342206,pending
19275,4966,7,2026-03-31 15:33:40.574727,pending
19276,1075,10,2026-01-27 07:40:26.573105,completed
19277,1365,9,2026-01-31 19:44:22.695130,completed
19278,4954,2,2026-01-15 14:42:16.332558,cancelled
19279,919,7,2026-02-10 02:46:59.226126,cancelled
19280,2912,3,2026-01-15 18:24:19.994377,pending
19281,4389,6,2026-03-21 08:55:19.282333,completed
19282,4360,3,2026-03-21 07:51:59.915092,pending
19283,4687,10,2026-02-22 09:16:52.408780,pending
19284,3741,5,2026-02-23 03:43:47.920525,completed
19285,948,7,2026-01-30 06:02:14.718668,completed
19286,869,1,2026-03-20 08:27:34.358810,completed
19287,2609,9,2026-02-27 17:58:58.614101,completed
19288,3497,1,2026-03-25 02:51:14.541205,cancelled
19289,4402,1,2026-01-09 01:11:13.990894,pending
19290,1951,6,2026-02-28 00:23:51.875015,cancelled
19291,2929,4,2026-03-17 03:22:18.765126,completed
19292,2321,9,2026-02-19 07:29:56.757850,pending
19293,1950,9,2026-02-08 03:18:15.128365,cancelled
19294,2649,10,2026-03-09 08:58:49.062618,cancelled
19295,1731,6,2026-01-30 20:27:32.529632,completed
19296,317,2,2026-02-02 16:54:41.244116,cancelled
19297,91,9,2026-03-07 02:54:30.110433,completed
19298,2032,8,2026-02-15 08:37:47.608104,pending
19299,3164,2,2026-01-15 20:25:43.193489,completed
19300,3791,5,2026-02-26 17:17:49.018023,cancelled
19301,136,5,2026-03-26 02:27:42.679203,completed
19302,572,3,2026-01-28 11:04:56.682597,cancelled
19303,989,9,2026-01-03 22:26:35.797810,completed
19304,2574,2,2026-01-01 06:42:40.869066,pending
19305,4104,6,2026-01-21 05:32:46.577144,pending
19306,664,7,2026-02-27 18:33:54.731365,cancelled
19307,1215,3,2026-04-03 00:12:10.552454,pending
19308,4549,1,2026-02-08 02:47:51.166104,cancelled
19309,3811,1,2026-01-04 16:09:51.386521,pending
19310,129,2,2026-02-13 19:35:55.612494,cancelled
19311,1541,9,2026-02-04 09:29:07.440236,cancelled
19312,2834,9,2026-01-11 00:33:01.776742,completed
19313,258,3,2026-02-03 01:37:05.811633,completed
19314,4824,4,2026-04-03 06:55:05.126014,cancelled
19315,1451,2,2026-03-11 01:01:11.328824,cancelled
19316,2018,3,2026-02-23 18:22:02.917436,pending
19317,3207,9,2026-03-04 08:03:54.371532,cancelled
19318,332,6,2026-01-06 08:37:41.907884,cancelled
19319,1891,8,2026-02-22 12:27:37.263813,completed
19320,6,4,2026-02-27 21:29:10.884644,pending
19321,4185,1,2026-02-24 00:26:45.749516,cancelled
19322,467,6,2026-01-09 03:44:44.862662,cancelled
19323,2500,2,2026-01-25 07:44:36.894655,pending
19324,4465,8,2026-01-07 18:49:18.067291,cancelled
19325,2914,9,2026-02-17 17:55:35.855290,cancelled
19326,4075,9,2026-01-03 08:59:33.289596,cancelled
19327,13,8,2026-02-16 23:46:36.045678,pending
19328,3424,9,2026-01-12 10:03:03.407172,cancelled
19329,3236,4,2026-01-05 01:15:50.536105,cancelled
19330,4330,9,2026-02-15 07:21:31.952485,cancelled
19331,2002,4,2026-03-02 12:57:59.234568,completed
19332,1508,4,2026-01-07 01:26:56.818229,completed
19333,142,9,2026-01-23 16:49:38.397398,cancelled
19334,3278,8,2026-01-30 02:51:52.750331,cancelled
19335,4413,5,2026-01-10 18:06:48.431177,cancelled
19336,661,9,2026-01-25 12:50:57.141447,completed
19337,1122,9,2026-04-01 06:17:33.844136,cancelled
19338,3512,7,2026-03-13 04:31:39.745689,completed
19339,1731,1,2026-03-10 20:42:02.382692,completed
19340,1365,7,2026-02-19 14:18:12.214977,pending
19341,3522,1,2026-02-01 14:51:52.377673,completed
19342,785,9,2026-02-07 02:38:29.776536,pending
19343,2478,6,2026-03-03 05:00:56.347964,pending
19344,1689,7,2026-02-28 21:13:43.097771,cancelled
19345,2836,2,2026-02-16 23:42:17.952562,cancelled
19346,2399,9,2026-03-03 03:28:55.255236,pending
19347,112,7,2026-02-23 19:22:20.545342,cancelled
19348,2562,1,2026-03-06 07:08:18.074118,completed
19349,2135,3,2026-01-31 09:58:58.875812,completed
19350,4812,2,2026-03-15 10:36:22.351949,cancelled
19351,3191,6,2026-01-08 05:35:24.855319,completed
19352,3352,8,2026-01-01 05:51:49.854043,cancelled
19353,1652,5,2026-03-01 05:49:16.412930,pending
19354,4116,3,2026-03-04 19:15:28.861625,pending
19355,3589,6,2026-02-21 23:45:11.306851,cancelled
19356,3768,5,2026-01-17 18:11:08.509097,cancelled
19357,4815,5,2026-01-07 18:20:28.805949,pending
19358,2759,5,2026-03-15 14:01:20.938123,cancelled
19359,190,9,2026-04-05 05:45:57.293258,cancelled
19360,1155,9,2026-02-10 23:07:50.840019,pending
19361,4460,10,2026-01-19 02:54:24.979496,cancelled
19362,4468,10,2026-01-04 00:33:20.511986,pending
19363,2619,5,2026-01-26 14:00:26.666358,pending
19364,4768,1,2026-02-23 18:05:22.081053,cancelled
19365,3554,4,2026-01-04 12:49:49.547196,completed
19366,4326,6,2026-03-27 13:50:14.377025,completed
19367,4010,5,2026-01-27 22:17:37.822625,completed
19368,4004,2,2026-01-12 21:43:53.372519,cancelled
19369,1702,9,2026-01-02 18:48:25.999501,pending
19370,4321,1,2026-03-25 12:04:47.893852,cancelled
19371,2889,1,2026-01-24 08:58:25.826238,completed
19372,206,8,2026-04-02 16:20:58.924872,completed
19373,3400,4,2026-02-26 21:42:56.975211,pending
19374,1675,3,2026-02-21 23:19:02.717188,pending
19375,1440,8,2026-03-15 20:38:14.837950,completed
19376,1466,3,2026-01-04 00:20:48.770759,completed
19377,3202,8,2026-01-02 00:17:48.785978,cancelled
19378,4833,4,2026-02-19 06:59:38.179162,pending
19379,1218,4,2026-03-17 22:36:07.225206,pending
19380,464,4,2026-01-16 13:56:42.873249,pending
19381,3597,10,2026-02-08 03:08:06.510505,cancelled
19382,970,7,2026-04-05 05:48:37.643419,pending
19383,787,3,2026-01-31 22:06:50.083838,pending
19384,2676,5,2026-01-05 22:09:09.164092,cancelled
19385,3991,10,2026-01-01 03:41:21.772124,completed
19386,1866,1,2026-02-04 17:42:36.626489,pending
19387,4383,2,2026-04-06 02:25:07.919669,pending
19388,4784,6,2026-03-17 14:30:41.557556,completed
19389,2478,9,2026-01-24 03:15:20.754967,pending
19390,4487,5,2026-01-03 16:06:10.778162,completed
19391,2934,7,2026-03-13 22:05:26.116803,completed
19392,876,10,2026-03-07 16:56:49.431170,pending
19393,2128,7,2026-02-16 22:34:24.928406,pending
19394,4020,7,2026-01-18 12:57:28.596143,completed
19395,3724,1,2026-01-06 10:41:55.311462,completed
19396,4456,9,2026-02-22 14:45:07.805919,pending
19397,1031,1,2026-01-26 20:11:32.980886,completed
19398,3656,8,2026-02-28 20:49:21.916466,cancelled
19399,406,6,2026-03-25 09:41:13.139200,pending
19400,1983,1,2026-02-21 00:51:34.504871,completed
19401,3975,10,2026-02-01 04:19:12.394024,completed
19402,2140,7,2026-03-31 16:24:55.866860,pending
19403,4433,9,2026-01-04 17:49:57.124554,completed
19404,3641,10,2026-01-16 23:52:47.733709,cancelled
19405,4269,1,2026-02-16 10:42:34.117922,cancelled
19406,1013,2,2026-02-13 22:00:20.533356,pending
19407,712,7,2026-01-04 01:48:20.083694,pending
19408,2632,1,2026-03-09 07:15:40.544349,completed
19409,3708,7,2026-01-16 06:42:53.772816,pending
19410,4961,10,2026-02-23 06:52:12.796017,completed
19411,4265,3,2026-01-01 02:46:45.693829,completed
19412,1529,7,2026-02-02 18:28:00.224486,pending
19413,4537,9,2026-02-13 12:27:34.291492,pending
19414,52,7,2026-01-28 12:03:27.084065,cancelled
19415,1841,1,2026-04-05 01:47:00.286263,completed
19416,2921,8,2026-01-10 15:28:45.270170,cancelled
19417,2657,10,2026-02-17 14:24:52.133667,cancelled
19418,3829,4,2026-04-02 12:04:04.398522,completed
19419,3560,7,2026-02-26 23:34:17.909873,pending
19420,3535,7,2026-03-19 02:37:55.600456,cancelled
19421,2568,1,2026-03-14 20:53:47.041457,completed
19422,522,8,2026-01-19 00:03:24.995346,completed
19423,2484,7,2026-03-16 18:37:26.858691,completed
19424,1009,8,2026-01-24 06:21:31.497368,cancelled
19425,3008,1,2026-04-04 08:39:11.269347,cancelled
19426,4997,4,2026-01-19 06:39:53.224060,cancelled
19427,3140,1,2026-01-05 22:32:02.687131,cancelled
19428,3308,9,2026-03-16 05:49:04.794730,pending
19429,3806,2,2026-03-03 07:35:29.735224,cancelled
19430,266,10,2026-02-04 12:08:46.264007,pending
19431,4729,9,2026-03-09 03:03:13.188914,cancelled
19432,3902,3,2026-04-03 20:23:05.336718,cancelled
19433,2850,1,2026-03-25 04:52:10.530917,pending
19434,1527,9,2026-01-04 00:37:36.426956,pending
19435,3504,6,2026-03-08 09:40:00.910927,completed
19436,2584,1,2026-02-13 09:51:48.997158,pending
19437,1627,1,2026-03-12 18:43:56.176805,cancelled
19438,1998,4,2026-03-16 12:38:53.276353,pending
19439,2163,8,2026-03-29 04:53:56.008922,completed
19440,2619,9,2026-01-22 18:22:10.786477,pending
19441,2057,8,2026-02-18 01:03:23.528595,completed
19442,2108,9,2026-02-20 03:20:21.028926,cancelled
19443,4306,1,2026-03-07 07:23:06.181793,pending
19444,3195,8,2026-03-17 17:10:19.738663,cancelled
19445,4242,7,2026-01-06 00:47:11.326232,pending
19446,4033,8,2026-03-23 06:25:04.728474,cancelled
19447,71,3,2026-01-11 11:25:40.746492,pending
19448,988,7,2026-01-27 13:23:05.550047,completed
19449,2281,8,2026-03-12 06:09:53.003148,pending
19450,3719,2,2026-01-16 03:58:59.740635,cancelled
19451,3855,10,2026-01-08 00:27:31.885392,completed
19452,2563,3,2026-02-16 21:32:11.898293,completed
19453,3491,8,2026-01-11 04:08:16.988448,completed
19454,2230,2,2026-01-29 15:17:30.908428,completed
19455,3155,7,2026-03-12 16:08:04.382162,pending
19456,1497,9,2026-01-18 09:20:49.192953,cancelled
19457,2382,10,2026-02-28 05:35:51.044341,pending
19458,4215,7,2026-01-03 04:05:21.224433,completed
19459,3365,2,2026-03-19 09:04:42.406962,completed
19460,518,5,2026-02-04 01:13:56.613319,pending
19461,1461,6,2026-01-02 01:43:26.685261,pending
19462,1488,2,2026-03-13 01:52:37.386704,cancelled
19463,1368,7,2026-02-26 00:39:03.031495,pending
19464,4934,4,2026-02-19 00:35:06.366094,pending
19465,2581,7,2026-03-19 18:24:59.735848,cancelled
19466,1849,10,2026-01-19 21:49:56.343914,cancelled
19467,197,6,2026-02-02 08:53:49.469579,pending
19468,11,1,2026-04-02 22:30:11.508837,pending
19469,3437,5,2026-01-03 16:11:46.487483,cancelled
19470,3032,10,2026-03-05 10:24:05.233418,pending
19471,3602,1,2026-03-20 12:31:38.212123,completed
19472,1398,3,2026-03-12 12:47:28.888450,cancelled
19473,4230,5,2026-02-08 13:34:50.370596,completed
19474,2172,10,2026-03-24 05:56:38.650392,pending
19475,34,9,2026-02-18 18:30:41.649322,cancelled
19476,1878,5,2026-02-26 12:16:53.411654,completed
19477,2394,2,2026-01-18 18:00:19.548881,cancelled
19478,3487,7,2026-02-01 00:53:37.004444,completed
19479,4859,4,2026-02-20 00:55:46.241599,completed
19480,4943,1,2026-04-04 01:14:35.033630,pending
19481,4563,9,2026-03-10 07:17:05.595849,cancelled
19482,4108,9,2026-04-03 10:05:23.684630,completed
19483,94,6,2026-01-19 01:58:55.115391,pending
19484,2707,8,2026-03-23 14:56:32.878797,completed
19485,2606,2,2026-01-28 06:53:50.313910,pending
19486,2924,10,2026-02-12 03:27:21.181206,pending
19487,3892,3,2026-02-11 11:18:14.034881,pending
19488,2305,3,2026-02-14 23:56:47.764820,pending
19489,1921,2,2026-01-24 00:04:00.930547,completed
19490,75,1,2026-02-02 05:50:29.826983,cancelled
19491,4076,5,2026-02-21 03:26:39.608309,completed
19492,452,9,2026-01-15 20:27:49.752120,pending
19493,4615,10,2026-02-13 09:12:51.167779,completed
19494,2912,10,2026-03-22 21:50:13.400819,pending
19495,114,8,2026-03-21 08:05:26.691888,pending
19496,301,1,2026-03-17 04:34:54.745385,completed
19497,2394,2,2026-02-02 15:19:17.411715,pending
19498,2909,10,2026-01-18 03:14:53.495906,completed
19499,2090,1,2026-02-17 20:39:26.232152,pending
19500,1674,2,2026-04-02 10:44:59.521688,pending
19501,3536,2,2026-03-27 02:48:23.300339,cancelled
19502,2774,5,2026-02-19 05:25:42.768193,completed
19503,2476,6,2026-02-21 06:54:18.910182,cancelled
19504,4897,5,2026-01-20 21:55:13.622074,pending
19505,3902,6,2026-03-11 19:30:11.315529,cancelled
19506,2441,5,2026-01-25 22:12:18.026277,completed
19507,1533,5,2026-03-04 12:26:54.428538,cancelled
19508,1340,5,2026-03-03 05:21:17.289461,completed
19509,394,10,2026-01-08 15:17:34.661083,completed
19510,596,1,2026-01-31 23:09:56.229740,pending
19511,716,1,2026-03-07 20:26:49.168411,pending
19512,1800,9,2026-03-18 01:09:59.362197,pending
19513,850,2,2026-02-05 15:15:46.622532,cancelled
19514,3901,8,2026-03-07 03:07:09.133635,pending
19515,1036,4,2026-03-14 07:02:26.054988,completed
19516,4122,9,2026-01-14 18:14:03.079978,cancelled
19517,2831,4,2026-03-22 00:34:08.919911,cancelled
19518,2549,7,2026-02-04 16:24:16.016914,completed
19519,3195,6,2026-01-25 00:50:26.805995,pending
19520,1027,9,2026-03-27 01:23:40.435757,completed
19521,2573,4,2026-01-06 21:50:59.708271,cancelled
19522,4468,9,2026-02-24 14:42:24.826562,pending
19523,3874,9,2026-03-25 03:05:19.355638,completed
19524,314,10,2026-01-07 19:52:40.134092,cancelled
19525,2405,10,2026-03-02 12:49:25.983102,completed
19526,519,5,2026-03-18 15:18:33.762838,completed
19527,4678,2,2026-01-27 15:51:00.922433,completed
19528,707,2,2026-03-16 02:32:16.878903,pending
19529,3455,8,2026-02-14 23:51:36.902854,cancelled
19530,67,6,2026-02-16 02:05:42.928762,cancelled
19531,2967,2,2026-04-05 17:54:52.099475,cancelled
19532,3045,8,2026-04-05 03:41:26.572638,pending
19533,3530,5,2026-03-31 03:27:56.031045,completed
19534,1119,5,2026-02-19 00:53:16.366758,completed
19535,2095,2,2026-03-08 05:52:55.524354,completed
19536,4539,6,2026-01-01 03:06:52.939619,cancelled
19537,4010,1,2026-03-02 11:50:42.515332,cancelled
19538,2754,6,2026-03-22 01:02:44.804122,cancelled
19539,4136,7,2026-03-27 10:01:40.994689,cancelled
19540,2002,1,2026-03-22 16:48:09.281009,pending
19541,306,9,2026-03-12 03:49:56.282171,cancelled
19542,2756,1,2026-04-07 13:14:45.033281,completed
19543,1135,6,2026-01-07 09:44:13.790640,pending
19544,1272,6,2026-02-05 14:25:39.466956,completed
19545,2999,2,2026-03-30 13:45:50.644834,pending
19546,958,8,2026-01-23 15:34:05.551987,pending
19547,4205,5,2026-02-23 03:30:59.806544,pending
19548,102,2,2026-02-01 16:14:08.925958,cancelled
19549,3526,3,2026-03-15 04:02:14.626551,completed
19550,1251,6,2026-02-01 00:56:11.881881,pending
19551,3170,1,2026-02-24 23:40:14.255044,cancelled
19552,1500,5,2026-03-08 17:14:46.343877,pending
19553,1644,3,2026-02-18 10:06:16.347648,completed
19554,3493,6,2026-01-11 11:40:51.283955,completed
19555,3260,8,2026-02-08 23:31:28.425634,pending
19556,752,3,2026-03-12 12:53:20.677482,pending
19557,2750,3,2026-02-04 18:38:00.985365,cancelled
19558,4813,3,2026-03-20 17:40:10.900501,pending
19559,1729,7,2026-03-25 13:36:28.808332,cancelled
19560,2675,10,2026-03-26 23:40:51.085513,completed
19561,929,3,2026-03-30 09:52:46.210999,cancelled
19562,229,3,2026-02-11 21:58:22.187299,cancelled
19563,1942,7,2026-02-20 00:04:21.266918,cancelled
19564,4567,3,2026-03-10 18:25:50.108851,pending
19565,230,7,2026-03-28 01:59:42.590854,cancelled
19566,2080,4,2026-03-25 04:21:26.007427,cancelled
19567,3039,7,2026-01-03 19:44:49.457423,completed
19568,3207,7,2026-02-08 23:00:51.138653,cancelled
19569,3928,3,2026-03-20 14:12:36.569379,cancelled
19570,1076,9,2026-04-05 04:10:39.136513,completed
19571,502,7,2026-02-05 21:59:04.763849,pending
19572,3902,7,2026-01-05 13:55:43.958126,cancelled
19573,307,5,2026-03-27 19:52:04.967448,completed
19574,4031,1,2026-02-26 18:37:56.694841,pending
19575,4787,6,2026-01-06 21:42:52.545452,completed
19576,4217,10,2026-04-05 10:40:15.506098,completed
19577,4124,10,2026-03-19 05:40:32.610972,cancelled
19578,3620,5,2026-02-20 09:21:43.711780,completed
19579,909,9,2026-01-10 18:22:22.281801,cancelled
19580,2662,9,2026-04-07 11:18:44.297932,pending
19581,4314,6,2026-01-02 05:16:50.861263,pending
19582,2079,3,2026-02-10 15:43:47.602673,pending
19583,2515,6,2026-03-04 21:40:38.706326,pending
19584,1011,10,2026-01-25 12:42:47.577968,cancelled
19585,4344,4,2026-01-25 21:32:28.887449,pending
19586,493,6,2026-01-06 13:07:17.370234,cancelled
19587,3642,4,2026-03-10 06:52:42.324458,pending
19588,1518,2,2026-04-06 18:42:17.313907,cancelled
19589,4146,3,2026-03-28 07:46:37.230349,pending
19590,4169,1,2026-01-06 13:24:59.959444,pending
19591,4416,2,2026-01-18 16:07:58.393561,cancelled
19592,4227,1,2026-02-10 01:20:07.344231,completed
19593,2113,5,2026-02-01 20:01:14.622300,cancelled
19594,1381,9,2026-02-01 08:50:14.982069,completed
19595,3046,5,2026-01-03 15:16:26.613640,pending
19596,2556,8,2026-02-05 18:51:02.187872,completed
19597,552,1,2026-02-06 19:00:14.745826,cancelled
19598,813,5,2026-03-18 20:58:57.047434,pending
19599,1174,6,2026-03-31 22:42:52.354762,cancelled
19600,4638,5,2026-02-25 04:13:25.797047,pending
19601,4266,5,2026-01-05 15:30:05.480294,pending
19602,2786,6,2026-01-26 00:23:33.669935,pending
19603,2668,9,2026-02-01 07:53:52.421139,cancelled
19604,1258,8,2026-03-04 07:45:18.756351,completed
19605,2412,10,2026-03-11 17:32:19.306113,pending
19606,1225,1,2026-04-05 02:16:53.350123,completed
19607,4008,8,2026-03-21 17:46:02.433383,completed
19608,696,7,2026-01-28 22:08:43.181027,pending
19609,636,10,2026-02-15 01:07:53.096890,cancelled
19610,4072,5,2026-01-27 08:36:45.126647,cancelled
19611,1122,2,2026-02-04 16:52:04.976532,completed
19612,1808,2,2026-03-31 22:46:13.916599,pending
19613,1933,8,2026-02-18 19:35:29.809768,completed
19614,3715,6,2026-01-13 12:13:13.151010,cancelled
19615,1737,5,2026-02-20 03:59:54.124880,cancelled
19616,1198,8,2026-03-27 18:11:50.253230,cancelled
19617,583,10,2026-01-26 22:17:39.870775,pending
19618,3831,2,2026-03-31 02:43:45.884253,pending
19619,1908,4,2026-03-09 11:01:05.843367,cancelled
19620,3293,8,2026-03-31 00:09:48.449663,cancelled
19621,4967,5,2026-01-30 05:52:36.492489,completed
19622,3344,9,2026-01-09 08:43:29.375460,pending
19623,4257,2,2026-03-28 14:50:34.306645,pending
19624,1686,1,2026-02-25 00:15:06.497226,completed
19625,575,7,2026-01-17 08:14:22.474324,completed
19626,1882,4,2026-02-10 18:37:50.166057,completed
19627,4381,6,2026-03-30 06:06:22.375656,pending
19628,2453,5,2026-02-23 21:24:23.306360,pending
19629,866,3,2026-03-26 21:52:50.965129,cancelled
19630,1121,6,2026-02-14 19:22:10.213937,pending
19631,2538,3,2026-02-20 04:06:48.476107,cancelled
19632,785,4,2026-03-26 22:44:40.538074,pending
19633,2694,9,2026-02-24 20:07:41.059542,pending
19634,1395,6,2026-02-05 11:23:30.377398,completed
19635,2837,9,2026-03-15 02:53:25.428484,cancelled
19636,4142,1,2026-03-23 12:14:33.254898,cancelled
19637,3832,10,2026-01-14 07:04:41.783439,pending
19638,254,6,2026-01-18 20:00:57.921464,completed
19639,2335,4,2026-01-22 09:45:53.911559,pending
19640,758,9,2026-01-19 14:49:58.717929,pending
19641,1736,10,2026-01-06 15:17:04.836367,cancelled
19642,1234,4,2026-02-23 21:18:24.267942,completed
19643,962,9,2026-02-01 22:36:02.379600,completed
19644,1030,10,2026-02-26 10:01:10.275305,completed
19645,272,7,2026-01-12 12:24:04.546650,cancelled
19646,2703,9,2026-01-04 09:45:48.964267,cancelled
19647,3884,8,2026-02-09 01:56:40.358287,pending
19648,2274,9,2026-01-26 00:25:46.361140,pending
19649,2150,4,2026-01-29 08:21:12.877767,completed
19650,2475,10,2026-03-02 21:58:08.295145,completed
19651,4651,6,2026-04-07 15:03:22.103544,completed
19652,2249,4,2026-03-19 12:57:51.563082,cancelled
19653,1804,9,2026-02-11 07:20:59.017484,completed
19654,3615,10,2026-04-06 17:35:27.465294,completed
19655,4206,10,2026-03-11 03:39:18.043654,pending
19656,1621,4,2026-04-02 13:57:29.616226,completed
19657,2031,4,2026-03-20 02:44:19.011482,pending
19658,640,1,2026-04-01 11:51:42.894557,cancelled
19659,2758,3,2026-04-02 20:33:48.865586,cancelled
19660,1294,1,2026-03-31 00:01:33.188807,cancelled
19661,200,2,2026-03-30 04:12:26.826702,cancelled
19662,3474,7,2026-04-03 15:12:46.653809,pending
19663,3777,10,2026-03-13 07:07:07.497381,cancelled
19664,4024,9,2026-03-17 05:45:40.598466,cancelled
19665,4308,8,2026-03-16 01:30:55.776114,completed
19666,86,1,2026-01-21 11:30:53.983036,cancelled
19667,4753,10,2026-02-03 17:19:12.856389,cancelled
19668,2361,7,2026-01-21 19:30:57.285372,completed
19669,4488,9,2026-03-24 10:59:11.259286,pending
19670,1677,5,2026-03-27 03:12:32.668841,pending
19671,2232,7,2026-03-10 12:23:04.770031,cancelled
19672,4860,6,2026-03-04 04:07:48.393815,cancelled
19673,3036,10,2026-03-04 17:05:13.071516,pending
19674,393,6,2026-01-17 12:36:24.154211,completed
19675,4211,5,2026-01-07 18:08:48.757359,completed
19676,4495,10,2026-03-29 13:30:15.688926,cancelled
19677,2518,1,2026-01-10 23:15:33.913305,pending
19678,2614,7,2026-03-04 16:34:25.726970,pending
19679,1220,4,2026-01-15 11:16:06.172090,pending
19680,497,4,2026-03-23 00:04:59.419892,cancelled
19681,479,9,2026-01-23 02:39:01.932160,completed
19682,531,10,2026-01-29 11:49:23.030514,cancelled
19683,3191,10,2026-02-04 03:11:43.517152,pending
19684,4843,7,2026-02-24 02:24:02.351506,pending
19685,471,5,2026-02-15 00:43:25.949373,pending
19686,608,1,2026-01-06 17:48:39.991390,completed
19687,1095,4,2026-02-16 19:21:28.000797,completed
19688,155,6,2026-02-25 23:01:32.783184,pending
19689,4161,3,2026-03-06 14:24:07.299365,completed
19690,3114,6,2026-03-17 14:06:57.327220,completed
19691,1803,1,2026-02-26 17:10:22.316502,cancelled
19692,1559,1,2026-03-06 18:52:01.932361,pending
19693,726,8,2026-03-06 00:33:43.090351,pending
19694,1381,7,2026-03-31 18:44:00.594656,completed
19695,1971,10,2026-03-16 08:40:03.423271,cancelled
19696,3710,9,2026-03-07 23:18:54.182134,pending
19697,4010,1,2026-02-13 20:14:52.734467,completed
19698,1404,9,2026-01-01 03:33:53.312654,completed
19699,4437,1,2026-01-28 06:41:47.730840,pending
19700,493,4,2026-02-20 20:50:59.704596,completed
19701,2156,10,2026-03-29 13:44:06.442739,cancelled
19702,2558,4,2026-01-21 07:32:51.817922,cancelled
19703,4233,10,2026-01-02 06:50:35.270653,cancelled
19704,4983,3,2026-03-26 10:53:46.539083,pending
19705,709,2,2026-02-23 10:07:30.008079,completed
19706,693,1,2026-03-17 16:13:39.933941,cancelled
19707,1329,7,2026-02-02 06:02:36.413406,completed
19708,3225,10,2026-02-26 01:00:28.739633,cancelled
19709,960,3,2026-01-22 11:38:12.644575,pending
19710,2390,1,2026-02-16 10:39:49.520261,pending
19711,4350,1,2026-03-05 20:59:21.117860,completed
19712,3503,3,2026-01-18 09:08:21.877891,pending
19713,2925,8,2026-03-20 15:39:07.746621,cancelled
19714,1927,6,2026-03-14 15:04:06.087088,cancelled
19715,951,4,2026-01-14 21:52:52.383097,completed
19716,2082,5,2026-01-05 08:19:06.729113,cancelled
19717,3227,8,2026-02-01 21:51:20.496691,pending
19718,2727,2,2026-04-06 14:59:26.801899,pending
19719,1002,10,2026-03-15 01:46:38.332266,completed
19720,1708,6,2026-03-30 00:39:58.886004,cancelled
19721,385,9,2026-04-04 08:23:49.596731,cancelled
19722,3500,5,2026-02-24 04:47:34.984018,completed
19723,3005,4,2026-01-26 18:28:40.342742,pending
19724,2233,1,2026-01-27 23:29:47.252204,completed
19725,1115,10,2026-02-27 14:55:48.832406,completed
19726,3918,3,2026-03-20 06:50:36.181976,completed
19727,253,2,2026-02-24 05:21:57.604572,cancelled
19728,4150,6,2026-03-29 11:40:16.631091,cancelled
19729,2186,5,2026-03-23 22:33:34.089068,completed
19730,3499,9,2026-03-03 15:54:46.823825,pending
19731,2434,7,2026-02-05 05:46:07.917163,completed
19732,3193,4,2026-02-03 23:12:20.590925,completed
19733,4508,1,2026-02-23 08:36:57.965324,cancelled
19734,3934,6,2026-03-05 21:04:15.172839,completed
19735,2192,1,2026-01-14 13:21:41.818547,pending
19736,4284,3,2026-01-09 19:25:18.829124,pending
19737,2954,9,2026-01-06 22:03:39.458249,pending
19738,789,8,2026-02-08 23:55:09.859250,pending
19739,3705,1,2026-01-08 22:54:01.065426,cancelled
19740,1348,9,2026-01-13 04:31:40.682486,completed
19741,2597,4,2026-02-13 20:14:51.349878,completed
19742,1795,8,2026-02-24 06:22:58.617954,completed
19743,1392,2,2026-03-04 08:49:00.141409,pending
19744,1090,1,2026-02-24 15:35:25.656880,cancelled
19745,3908,3,2026-03-18 23:18:58.431760,cancelled
19746,683,9,2026-03-05 12:26:10.842459,pending
19747,951,8,2026-01-30 08:45:53.879350,cancelled
19748,2964,6,2026-02-22 03:54:40.850631,cancelled
19749,3545,3,2026-03-16 01:56:07.827754,pending
19750,728,6,2026-03-25 15:58:56.894229,pending
19751,3375,10,2026-01-16 16:13:22.392190,cancelled
19752,1384,8,2026-02-28 02:41:03.348840,cancelled
19753,2925,9,2026-03-30 13:06:59.861077,pending
19754,2508,8,2026-02-10 19:01:47.208475,pending
19755,3955,9,2026-03-20 12:17:49.408242,pending
19756,4195,8,2026-03-23 23:48:41.360196,cancelled
19757,1860,7,2026-01-24 22:22:59.306860,completed
19758,1937,10,2026-03-23 13:57:54.259951,pending
19759,3435,3,2026-01-23 14:58:49.660083,cancelled
19760,1825,7,2026-03-02 17:25:05.837622,completed
19761,3058,5,2026-03-15 06:03:59.739547,completed
19762,3582,6,2026-01-06 01:56:18.531467,cancelled
19763,3873,8,2026-01-28 00:45:09.821151,cancelled
19764,492,4,2026-01-11 12:12:34.761556,pending
19765,1485,3,2026-02-17 17:52:29.077607,cancelled
19766,35,5,2026-04-02 12:29:14.056740,cancelled
19767,2567,3,2026-03-20 14:53:09.761524,cancelled
19768,4470,8,2026-02-26 01:09:54.910783,cancelled
19769,3476,1,2026-01-21 14:30:22.813664,pending
19770,4769,3,2026-01-24 10:00:26.419659,cancelled
19771,184,7,2026-03-30 14:59:02.609705,pending
19772,754,9,2026-01-03 11:43:45.133499,cancelled
19773,3440,9,2026-03-15 14:12:42.155624,cancelled
19774,2641,8,2026-01-22 19:44:19.648882,pending
19775,1950,5,2026-02-11 23:01:52.416211,pending
19776,1132,3,2026-03-24 08:08:21.698543,pending
19777,2029,9,2026-03-09 06:48:08.099734,cancelled
19778,3738,5,2026-04-01 05:17:50.635947,pending
19779,933,8,2026-01-16 14:35:42.057810,pending
19780,3417,8,2026-03-19 22:48:18.177284,cancelled
19781,2254,2,2026-03-04 11:39:36.386618,completed
19782,3067,1,2026-04-01 12:02:39.899243,cancelled
19783,1822,10,2026-02-18 06:37:57.499637,cancelled
19784,2532,8,2026-01-09 19:34:10.863161,completed
19785,797,2,2026-02-28 21:07:26.108648,pending
19786,2069,6,2026-03-08 01:54:46.398459,cancelled
19787,3869,10,2026-01-12 22:36:54.562764,completed
19788,4547,7,2026-03-10 06:11:05.844579,completed
19789,761,9,2026-02-10 09:08:44.768981,cancelled
19790,2773,10,2026-03-09 06:54:13.785731,completed
19791,2151,4,2026-03-07 02:01:00.969531,completed
19792,1391,6,2026-01-19 01:09:48.574255,completed
19793,2541,8,2026-01-25 07:56:00.119199,cancelled
19794,2734,6,2026-03-19 04:19:14.575402,pending
19795,2549,9,2026-01-29 08:15:34.785314,completed
19796,444,3,2026-01-26 05:01:27.081334,pending
19797,2270,3,2026-04-03 15:45:50.325790,pending
19798,622,5,2026-03-25 00:04:58.318365,cancelled
19799,4500,5,2026-02-25 23:58:15.003708,completed
19800,1582,10,2026-03-13 11:07:03.041780,completed
19801,4890,6,2026-01-24 05:06:09.205756,pending
19802,2786,9,2026-01-06 11:22:35.099530,completed
19803,4027,7,2026-02-25 16:20:35.712628,pending
19804,274,4,2026-04-06 10:28:25.946667,completed
19805,750,1,2026-01-22 21:51:30.436725,pending
19806,3136,7,2026-03-25 09:39:30.979602,pending
19807,1816,5,2026-04-06 18:16:59.363958,completed
19808,1724,6,2026-01-30 02:02:50.940357,pending
19809,4507,7,2026-03-26 05:14:59.480750,pending
19810,2754,7,2026-01-01 23:30:56.373137,pending
19811,4450,4,2026-03-03 11:52:47.511142,completed
19812,3539,8,2026-02-13 08:58:28.404752,pending
19813,4731,1,2026-02-17 10:00:09.893218,pending
19814,2166,7,2026-02-06 12:55:04.815248,cancelled
19815,1119,8,2026-02-19 01:00:58.955710,completed
19816,5,5,2026-01-30 08:12:34.337563,pending
19817,714,2,2026-01-08 07:13:35.939738,cancelled
19818,3022,9,2026-01-02 13:29:15.098438,completed
19819,3960,7,2026-03-06 22:14:03.934434,pending
19820,1201,5,2026-01-01 13:48:04.934227,cancelled
19821,3634,2,2026-03-07 17:00:54.768402,completed
19822,2081,10,2026-02-06 22:38:59.045952,cancelled
19823,3815,7,2026-04-02 20:48:41.093940,pending
19824,3673,5,2026-04-07 06:35:27.194218,completed
19825,908,10,2026-03-13 12:26:26.459250,pending
19826,2960,3,2026-01-21 08:41:17.512420,completed
19827,2250,1,2026-04-03 23:46:25.230304,completed
19828,2284,6,2026-03-31 23:18:04.182782,cancelled
19829,2156,8,2026-02-26 00:32:05.394949,cancelled
19830,1877,9,2026-02-25 04:17:08.826655,cancelled
19831,4519,3,2026-04-01 20:14:15.036306,pending
19832,1896,3,2026-02-14 05:04:34.403890,cancelled
19833,2199,6,2026-03-09 06:44:06.388910,pending
19834,1994,8,2026-02-16 18:14:44.916412,completed
19835,451,9,2026-03-19 23:17:03.812188,completed
19836,705,2,2026-01-09 14:36:48.350136,cancelled
19837,475,1,2026-02-26 10:30:28.631038,cancelled
19838,3946,8,2026-01-13 15:22:41.697258,cancelled
19839,2630,4,2026-01-16 18:01:16.651271,cancelled
19840,3447,6,2026-03-07 14:15:29.953333,pending
19841,3833,7,2026-02-03 02:49:34.503663,completed
19842,537,1,2026-03-16 02:09:17.645603,completed
19843,1033,9,2026-03-11 06:50:45.626133,cancelled
19844,2390,1,2026-01-22 01:12:28.822258,completed
19845,4814,5,2026-03-24 18:33:40.531920,completed
19846,4956,6,2026-01-21 16:13:36.900391,completed
19847,1705,1,2026-01-12 10:22:37.285565,pending
19848,1076,5,2026-03-06 20:36:34.725317,completed
19849,4840,1,2026-03-27 04:36:28.529719,pending
19850,4921,5,2026-01-18 07:22:12.280756,completed
19851,679,8,2026-02-13 22:17:24.119701,pending
19852,1998,2,2026-01-17 13:58:24.133826,completed
19853,1070,2,2026-03-20 16:58:15.640765,completed
19854,4189,4,2026-01-09 22:34:01.819610,cancelled
19855,1933,6,2026-01-07 20:20:18.186813,pending
19856,1605,1,2026-03-04 17:06:26.915347,cancelled
19857,3590,3,2026-02-28 21:03:52.799231,cancelled
19858,1843,6,2026-01-26 10:17:56.143654,cancelled
19859,8,9,2026-01-26 01:56:07.269709,pending
19860,1228,9,2026-03-28 06:36:26.594256,cancelled
19861,23,6,2026-01-08 12:40:07.885596,cancelled
19862,3713,10,2026-01-25 12:43:36.599025,pending
19863,4439,10,2026-01-02 09:16:30.190191,completed
19864,668,3,2026-02-18 06:22:37.992075,pending
19865,4485,8,2026-01-30 07:57:41.977732,pending
19866,4430,7,2026-01-26 12:22:27.322200,pending
19867,4065,1,2026-03-25 03:48:03.204722,cancelled
19868,2400,6,2026-01-08 00:25:13.648989,pending
19869,4163,2,2026-01-14 12:51:34.546306,pending
19870,2575,10,2026-02-10 11:54:59.756650,completed
19871,4636,7,2026-02-22 19:18:08.778524,pending
19872,227,1,2026-03-31 22:49:42.632001,cancelled
19873,2457,1,2026-03-11 21:47:51.545748,cancelled
19874,178,5,2026-02-28 06:33:00.698007,cancelled
19875,1499,6,2026-02-13 03:10:25.804027,completed
19876,4282,7,2026-03-29 16:45:30.414785,cancelled
19877,235,8,2026-01-31 16:56:10.919933,pending
19878,378,10,2026-01-21 18:16:01.947577,completed
19879,3372,3,2026-02-12 17:17:50.180041,completed
19880,3473,5,2026-02-28 11:35:56.086464,pending
19881,376,2,2026-02-13 16:54:53.815177,cancelled
19882,4965,3,2026-02-15 18:41:19.264770,pending
19883,1164,10,2026-03-23 02:24:07.385187,cancelled
19884,2,7,2026-01-16 03:52:54.499367,pending
19885,4665,5,2026-03-16 21:18:56.251524,cancelled
19886,4427,2,2026-01-31 18:44:01.368194,pending
19887,2868,4,2026-01-09 13:33:13.583079,cancelled
19888,1936,10,2026-02-22 15:31:33.540077,cancelled
19889,126,3,2026-03-12 12:42:29.791827,completed
19890,3074,8,2026-02-28 10:10:44.385504,pending
19891,3196,5,2026-01-30 16:04:42.860872,completed
19892,715,1,2026-03-08 07:53:46.964372,pending
19893,4057,2,2026-01-02 18:09:15.620543,pending
19894,2804,1,2026-03-05 11:17:17.454601,completed
19895,3244,1,2026-03-23 21:21:21.855799,cancelled
19896,1815,1,2026-03-01 12:37:34.218240,cancelled
19897,1636,6,2026-01-01 09:17:02.961722,cancelled
19898,1124,6,2026-03-10 22:58:40.113586,cancelled
19899,2768,2,2026-01-19 14:04:30.934946,cancelled
19900,2046,2,2026-02-13 05:04:12.936841,pending
19901,2408,10,2026-02-22 19:30:49.605683,cancelled
19902,3337,6,2026-02-15 15:43:26.772508,pending
19903,1152,9,2026-01-06 05:33:01.363778,pending
19904,643,10,2026-01-14 20:56:45.786947,completed
19905,827,8,2026-01-08 12:53:06.896440,completed
19906,2772,5,2026-03-01 13:03:33.858594,cancelled
19907,4608,8,2026-03-15 19:32:28.551675,cancelled
19908,2519,9,2026-02-28 22:11:21.584918,completed
19909,1630,2,2026-02-06 19:47:02.938457,pending
19910,175,10,2026-01-15 22:50:34.839407,pending
19911,455,8,2026-03-22 22:30:29.314631,cancelled
19912,4165,9,2026-01-01 03:58:26.923459,cancelled
19913,260,1,2026-03-07 09:54:00.434961,completed
19914,4567,3,2026-03-04 20:52:41.101770,cancelled
19915,904,5,2026-02-25 10:15:21.494903,pending
19916,3802,8,2026-03-28 19:51:20.443581,cancelled
19917,1838,6,2026-04-07 16:15:15.577621,pending
19918,1344,2,2026-02-02 01:25:48.216236,completed
19919,2859,2,2026-01-14 01:21:58.222672,pending
19920,65,9,2026-02-11 10:34:30.785703,cancelled
19921,2290,6,2026-03-11 11:19:31.384446,pending
19922,2181,5,2026-02-28 22:13:18.799660,pending
19923,3140,6,2026-02-04 05:43:05.254419,completed
19924,165,1,2026-01-10 02:43:44.251468,pending
19925,1539,4,2026-04-06 02:59:26.612105,completed
19926,3497,4,2026-01-17 03:01:46.984037,pending
19927,4054,3,2026-01-05 22:19:19.883822,pending
19928,3336,2,2026-01-16 21:45:55.388267,pending
19929,1891,8,2026-03-16 18:04:27.831489,completed
19930,4624,10,2026-02-18 06:27:03.994659,pending
19931,3411,2,2026-01-11 03:46:18.498898,pending
19932,2887,6,2026-03-30 10:05:13.225172,pending
19933,3621,8,2026-04-01 15:07:23.285630,pending
19934,3615,8,2026-01-16 17:10:18.280052,cancelled
19935,3513,2,2026-02-18 00:51:52.343648,pending
19936,3081,7,2026-02-17 09:51:48.613940,completed
19937,1185,10,2026-03-09 01:58:32.678985,completed
19938,3069,2,2026-03-30 09:45:08.097071,cancelled
19939,3991,4,2026-02-03 14:52:11.289004,pending
19940,4885,5,2026-01-12 05:47:59.537987,cancelled
19941,3355,9,2026-03-15 21:13:06.990463,completed
19942,718,1,2026-01-09 16:20:04.642867,pending
19943,657,8,2026-02-18 18:13:03.283779,cancelled
19944,474,1,2026-01-19 05:07:08.739427,completed
19945,2293,7,2026-04-02 17:42:14.397825,cancelled
19946,4661,7,2026-01-04 09:36:03.020186,completed
19947,897,1,2026-03-07 05:27:45.172217,cancelled
19948,146,3,2026-03-27 11:19:49.397856,completed
19949,1774,10,2026-02-03 14:05:36.317442,cancelled
19950,3740,3,2026-02-16 20:54:21.382595,completed
19951,3394,6,2026-03-04 11:13:05.627794,pending
19952,4663,8,2026-01-17 18:58:12.723494,completed
19953,4787,6,2026-03-03 17:22:20.166860,cancelled
19954,2190,10,2026-02-09 15:06:41.346299,completed
19955,1260,2,2026-03-21 19:17:20.863385,cancelled
19956,2237,9,2026-01-28 01:47:59.763768,pending
19957,4895,9,2026-01-02 07:05:44.462555,completed
19958,1807,6,2026-03-18 06:00:49.795423,pending
19959,4172,7,2026-03-01 01:14:48.701390,pending
19960,4929,10,2026-01-21 00:56:09.901565,cancelled
19961,941,3,2026-02-13 15:26:45.883702,cancelled
19962,4574,5,2026-01-05 05:01:16.229642,pending
19963,722,7,2026-03-19 11:38:38.035842,completed
19964,2641,6,2026-03-08 23:15:07.758273,pending
19965,2448,4,2026-01-18 12:38:34.455245,pending
19966,32,8,2026-04-03 10:20:20.246064,pending
19967,410,5,2026-03-28 18:42:29.412017,cancelled
19968,4868,6,2026-02-02 09:35:20.270833,pending
19969,4664,9,2026-02-10 15:01:43.056988,pending
19970,2496,5,2026-01-31 18:08:36.839931,cancelled
19971,579,6,2026-02-18 15:05:12.679056,completed
19972,4549,2,2026-01-14 10:39:35.507031,pending
19973,2470,3,2026-02-22 05:39:59.579893,completed
19974,2089,3,2026-02-17 11:57:22.361156,completed
19975,1543,6,2026-02-20 13:34:36.393027,cancelled
19976,1390,10,2026-02-07 21:02:00.339880,completed
19977,1293,9,2026-02-01 18:58:39.788242,pending
19978,1646,8,2026-01-17 16:22:31.142606,completed
19979,4224,6,2026-02-20 01:42:02.362691,pending
19980,134,2,2026-02-01 06:05:18.547049,pending
19981,1950,6,2026-01-10 17:51:43.992434,pending
19982,984,3,2026-02-17 09:24:17.123308,pending
19983,2713,1,2026-03-15 13:08:43.309450,completed
19984,4079,1,2026-01-14 22:54:58.678244,completed
19985,3964,6,2026-01-13 03:53:01.966236,completed
19986,1,9,2026-02-17 23:41:13.725308,pending
19987,4439,8,2026-03-17 18:17:57.636647,pending
19988,613,2,2026-01-10 01:55:18.999559,completed
19989,3024,9,2026-01-17 18:43:18.844894,cancelled
19990,4947,8,2026-04-06 19:01:00.408374,cancelled
19991,2262,3,2026-03-17 03:48:48.767940,cancelled
19992,1498,8,2026-03-12 05:13:38.184371,pending
19993,2033,10,2026-02-18 17:10:45.028038,completed
19994,753,7,2026-04-06 15:50:51.096837,pending
19995,2897,9,2026-02-04 13:39:59.934404,cancelled
19996,2901,3,2026-01-24 03:05:42.038838,cancelled
19997,1411,2,2026-01-29 20:17:17.093985,cancelled
19998,578,10,2026-03-09 15:04:42.377407,completed
19999,3513,1,2026-02-09 09:01:33.853348,completed
20000,1741,2,2026-02-10 10:19:08.688904,cancelled
